This is XeTeX, Version 3.141592653-2.6-0.999996 (TeX Live 2024) (preloaded format=xelatex 2025.3.1)  28 MAR 2025 03:34
entering extended mode
 restricted \write18 enabled.
 %&-line parsing enabled.
**refman
(./refman.tex
LaTeX2e <2024-11-01> patch level 2
L3 programming layer <2025-01-18>
(/opt/texlive/texdir/texmf-dist/tex/latex/base/book.cls
Document Class: book 2024/06/29 v1.4n Standard LaTeX document class
(/opt/texlive/texdir/texmf-dist/tex/latex/base/bk10.clo
File: bk10.clo 2024/06/29 v1.4n Standard LaTeX file (size option)
)
\c@part=\count192
\c@chapter=\count193
\c@section=\count194
\c@subsection=\count195
\c@subsubsection=\count196
\c@paragraph=\count197
\c@subparagraph=\count198
\c@figure=\count199
\c@table=\count266
\abovecaptionskip=\skip49
\belowcaptionskip=\skip50
\bibindent=\dimen141
)
(/opt/texlive/texdir/texmf-dist/tex/latex/base/ifthen.sty
Package: ifthen 2024/03/16 v1.1e Standard LaTeX ifthen package (DPC)
)
(/opt/texlive/texdir/texmf-dist/tex/latex/tools/array.sty
Rollback for package 'array' requested -> date 2016-10-06.
         Best approximation is the release introduced on 2016-10-06.

(/opt/texlive/texdir/texmf-dist/tex/latex/tools/array-2016-10-06.sty
Package: array 2016/10/06 v2.4d Tabular extension package (FMi)
\col@sep=\dimen142
\extrarowheight=\dimen143
\NC@list=\toks17
\extratabsurround=\skip51
\backup@length=\skip52
))
(/opt/texlive/texdir/texmf-dist/tex/latex/base/fixltx2e.sty
Package: fixltx2e 2016/12/29 v2.1a fixes to LaTeX (obsolete)
Applying: [2015/01/01] Old fixltx2e package on input line 46.


Package fixltx2e Warning: fixltx2e is not required with releases after 2015
(fixltx2e)                All fixes are now in the LaTeX kernel.
(fixltx2e)                See the latexrelease package for details.

Already applied: [0000/00/00] Old fixltx2e package on input line 53.
) (./doxygen.sty
Package: doxygen 
 (/opt/texlive/texdir/texmf-dist/tex/latex/base/alltt.sty
Package: alltt 2024/07/07 v2.0g defines alltt environment
)
(/opt/texlive/texdir/texmf-dist/tex/latex/tools/calc.sty
Package: calc 2023/07/08 v4.3 Infix arithmetic (KKT,FJ)
\calc@Acount=\count267
\calc@Bcount=\count268
\calc@Adimen=\dimen144
\calc@Bdimen=\dimen145
\calc@Askip=\skip53
\calc@Bskip=\skip54
LaTeX Info: Redefining \setlength on input line 80.
LaTeX Info: Redefining \addtolength on input line 81.
\calc@Ccount=\count269
\calc@Cskip=\skip55
)
(/opt/texlive/texdir/texmf-dist/tex/latex/float/float.sty
Package: float 2001/11/08 v1.3d Float enhancements (AL)
\c@float@type=\count270
\float@exts=\toks18
\float@box=\box52
\@float@everytoks=\toks19
\@floatcapt=\box53
)
(/opt/texlive/texdir/texmf-dist/tex/latex/tools/verbatim.sty
Package: verbatim 2024-01-22 v1.5x LaTeX2e package for verbatim enhancements
\every@verbatim=\toks20
\verbatim@line=\toks21
\verbatim@in@stream=\read2
)
(/opt/texlive/texdir/texmf-dist/tex/latex/xcolor/xcolor.sty
Package: xcolor 2024/09/29 v3.02 LaTeX color extensions (UK)

(/opt/texlive/texdir/texmf-dist/tex/latex/graphics-cfg/color.cfg
File: color.cfg 2016/01/02 v1.6 sample color configuration
)
Package xcolor Info: Driver file: xetex.def on input line 274.

(/opt/texlive/texdir/texmf-dist/tex/latex/graphics-def/xetex.def
File: xetex.def 2022/09/22 v5.0n Graphics/color driver for xetex
)
(/opt/texlive/texdir/texmf-dist/tex/latex/graphics/mathcolor.ltx)
Package xcolor Info: Model `cmy' substituted by `cmy0' on input line 1349.
Package xcolor Info: Model `RGB' extended on input line 1365.
Package xcolor Info: Model `HTML' substituted by `rgb' on input line 1367.
Package xcolor Info: Model `Hsb' substituted by `hsb' on input line 1368.
Package xcolor Info: Model `tHsb' substituted by `hsb' on input line 1369.
Package xcolor Info: Model `HSB' substituted by `hsb' on input line 1370.
Package xcolor Info: Model `Gray' substituted by `gray' on input line 1371.
Package xcolor Info: Model `wave' substituted by `hsb' on input line 1372.
)
(/opt/texlive/texdir/texmf-dist/tex/latex/colortbl/colortbl.sty
Package: colortbl 2024/07/06 v1.0i Color table columns (DPC)
\everycr=\toks22
\minrowclearance=\skip56
\rownum=\count271
)
(./longtable_doxygen.sty
Package: longtable_doxygen 2014/10/28 v4.11 Multi-page Table package (DPC) - fr
ozen version for doxygen
\LTleft=\skip57
\LTright=\skip58
\LTpre=\skip59
\LTpost=\skip60
\LTchunksize=\count272
\LTcapwidth=\dimen146
\LT@head=\box54
\LT@firsthead=\box55
\LT@foot=\box56
\LT@lastfoot=\box57
\LT@cols=\count273
\LT@rows=\count274
\c@LT@tables=\count275
\c@LT@chunks=\count276
\LT@p@ftn=\toks23
) (./tabu_doxygen.sty
Package: tabu_doxygen 2011/02/26 v2.8 - flexible LaTeX tabulars (FC), frozen ve
rsion for doxygen

(/opt/texlive/texdir/texmf-dist/tex/latex/varwidth/varwidth.sty
Package: varwidth 2009/03/30 ver 0.92;  Variable-width minipages
\@vwid@box=\box58
\sift@deathcycles=\count277
\@vwid@loff=\dimen147
\@vwid@roff=\dimen148
)
\c@taburow=\count278
\tabu@nbcols=\count279
\tabu@cnt=\count280
\tabu@Xcol=\count281
\tabu@alloc=\count282
\tabu@nested=\count283
\tabu@target=\dimen149
\tabu@spreadtarget=\dimen150
\tabu@naturalX=\dimen151
\tabucolX=\dimen152
\tabu@Xsum=\dimen153
\extrarowdepth=\dimen154
\abovetabulinesep=\dimen155
\belowtabulinesep=\dimen156
\tabustrutrule=\dimen157
\tabu@thebody=\toks24
\tabu@footnotes=\toks25
\tabu@box=\box59
\tabu@arstrutbox=\box60
\tabu@hleads=\box61
\tabu@vleads=\box62
\tabu@cellskip=\skip61
)
(/opt/texlive/texdir/texmf-dist/tex/latex/fancyvrb/fancyvrb.sty
Package: fancyvrb 2024/01/20 4.5c verbatim text (tvz,hv)

(/opt/texlive/texdir/texmf-dist/tex/latex/graphics/keyval.sty
Package: keyval 2022/05/29 v1.15 key=value parser (DPC)
\KV@toks@=\toks26
)
\FV@CodeLineNo=\count284
\FV@InFile=\read3
\FV@TabBox=\box63
\c@FancyVerbLine=\count285
\FV@StepNumber=\count286
\FV@OutFile=\write3
)
(/opt/texlive/texdir/texmf-dist/tex/latex/tools/tabularx.sty
Package: tabularx 2023/12/11 v2.12a `tabularx' package (DPC)
\TX@col@width=\dimen158
\TX@old@table=\dimen159
\TX@old@col=\dimen160
\TX@target=\dimen161
\TX@delta=\dimen162
\TX@cols=\count287
\TX@ftn=\toks27
)
(/opt/texlive/texdir/texmf-dist/tex/latex/tools/multicol.sty
Package: multicol 2024/09/14 v1.9i multicolumn formatting (FMi)
\c@tracingmulticols=\count288
\mult@box=\box64
\multicol@leftmargin=\dimen163
\c@unbalance=\count289
\c@collectmore=\count290
\doublecol@number=\count291
\multicoltolerance=\count292
\multicolpretolerance=\count293
\full@width=\dimen164
\page@free=\dimen165
\premulticols=\dimen166
\postmulticols=\dimen167
\multicolsep=\skip62
\multicolbaselineskip=\skip63
\partial@page=\box65
\last@line=\box66
\mc@boxedresult=\box67
\maxbalancingoverflow=\dimen168
\mult@rightbox=\box68
\mult@grightbox=\box69
\mult@firstbox=\box70
\mult@gfirstbox=\box71
\@tempa=\box72
\@tempa=\box73
\@tempa=\box74
\@tempa=\box75
\@tempa=\box76
\@tempa=\box77
\@tempa=\box78
\@tempa=\box79
\@tempa=\box80
\@tempa=\box81
\@tempa=\box82
\@tempa=\box83
\@tempa=\box84
\@tempa=\box85
\@tempa=\box86
\@tempa=\box87
\@tempa=\box88
\@tempa=\box89
\@tempa=\box90
\@tempa=\box91
\@tempa=\box92
\@tempa=\box93
\@tempa=\box94
\@tempa=\box95
\@tempa=\box96
\@tempa=\box97
\@tempa=\box98
\@tempa=\box99
\@tempa=\box100
\@tempa=\box101
\@tempa=\box102
\@tempa=\box103
\@tempa=\box104
\@tempa=\box105
\@tempa=\box106
\@tempa=\box107
\c@minrows=\count294
\c@columnbadness=\count295
\c@finalcolumnbadness=\count296
\last@try=\dimen169
\multicolovershoot=\dimen170
\multicolundershoot=\dimen171
\mult@nat@firstbox=\box108
\colbreak@box=\box109
\mc@col@check@num=\count297
)
(/opt/texlive/texdir/texmf-dist/tex/latex/multirow/multirow.sty
Package: multirow 2024/11/12 v2.9 Span multiple rows of a table
\multirow@colwidth=\skip64
\multirow@cntb=\count298
\multirow@dima=\skip65
\bigstrutjot=\dimen172
)
(/opt/texlive/texdir/texmf-dist/tex/latex/hanging/hanging.sty
Package: hanging 2009/09/02 v1.2b hanging paragraphs and punctuation
\h@ngcommawd=\skip66
\h@ngfstopwd=\skip67
\h@ngquotewd=\skip68
\h@ngdquotewd=\skip69
\h@ngquerywd=\skip70
\h@ngexclwd=\skip71
\h@ngcolonwd=\skip72
\h@ngscolonwd=\skip73
)
(/opt/texlive/texdir/texmf-dist/tex/generic/iftex/ifpdf.sty
Package: ifpdf 2019/10/25 v3.4 ifpdf legacy package. Use iftex instead.

(/opt/texlive/texdir/texmf-dist/tex/generic/iftex/iftex.sty
Package: iftex 2024/12/12 v1.0g TeX engine tests
))
(/opt/texlive/texdir/texmf-dist/tex/latex/adjustbox/adjustbox.sty
Package: adjustbox 2025/02/26 v1.3c Adjusting TeX boxes (trim, clip, ...)

(/opt/texlive/texdir/texmf-dist/tex/latex/xkeyval/xkeyval.sty
Package: xkeyval 2022/06/16 v2.9 package option processing (HA)

(/opt/texlive/texdir/texmf-dist/tex/generic/xkeyval/xkeyval.tex
(/opt/texlive/texdir/texmf-dist/tex/generic/xkeyval/xkvutils.tex
\XKV@toks=\toks28
\XKV@tempa@toks=\toks29
)
\XKV@depth=\count299
File: xkeyval.tex 2014/12/03 v2.7a key=value parser (HA)
))
(/opt/texlive/texdir/texmf-dist/tex/latex/adjustbox/adjcalc.sty
Package: adjcalc 2012/05/16 v1.1 Provides advanced setlength with multiple back
-ends (calc, etex, pgfmath)
)
(/opt/texlive/texdir/texmf-dist/tex/latex/adjustbox/trimclip.sty
Package: trimclip 2025/02/21 v1.2a Trim and clip general TeX material

(/opt/texlive/texdir/texmf-dist/tex/latex/graphics/graphicx.sty
Package: graphicx 2021/09/16 v1.2d Enhanced LaTeX Graphics (DPC,SPQR)

(/opt/texlive/texdir/texmf-dist/tex/latex/graphics/graphics.sty
Package: graphics 2024/08/06 v1.4g Standard LaTeX Graphics (DPC,SPQR)

(/opt/texlive/texdir/texmf-dist/tex/latex/graphics/trig.sty
Package: trig 2023/12/02 v1.11 sin cos tan (DPC)
)
(/opt/texlive/texdir/texmf-dist/tex/latex/graphics-cfg/graphics.cfg
File: graphics.cfg 2016/06/04 v1.11 sample graphics configuration
)
Package graphics Info: Driver file: xetex.def on input line 106.
)
\Gin@req@height=\dimen173
\Gin@req@width=\dimen174
)
(/opt/texlive/texdir/texmf-dist/tex/latex/collectbox/collectbox.sty
Package: collectbox 2022/10/17 v0.4c Collect macro arguments as boxes
\collectedbox=\box110
)
\tc@llx=\dimen175
\tc@lly=\dimen176
\tc@urx=\dimen177
\tc@ury=\dimen178
Package trimclip Info: Using driver 'tc-xetex.def'.

(/opt/texlive/texdir/texmf-dist/tex/latex/adjustbox/tc-xetex.def
File: tc-xetex.def 2019/01/04 v2.2 Clipping driver for xetex
))
\adjbox@Width=\dimen179
\adjbox@Height=\dimen180
\adjbox@Depth=\dimen181
\adjbox@Totalheight=\dimen182
\adjbox@pwidth=\dimen183
\adjbox@pheight=\dimen184
\adjbox@pdepth=\dimen185
\adjbox@ptotalheight=\dimen186

(/opt/texlive/texdir/texmf-dist/tex/latex/ifoddpage/ifoddpage.sty
Package: ifoddpage 2022/10/18 v1.2 Conditionals for odd/even page detection
\c@checkoddpage=\count300
))
(/opt/texlive/texdir/texmf-dist/tex/latex/amsfonts/amssymb.sty
Package: amssymb 2013/01/14 v3.01 AMS font symbols

(/opt/texlive/texdir/texmf-dist/tex/latex/amsfonts/amsfonts.sty
Package: amsfonts 2013/01/14 v3.01 Basic AMSFonts support
\@emptytoks=\toks30
\symAMSa=\mathgroup4
\symAMSb=\mathgroup5
LaTeX Font Info:    Redeclaring math symbol \hbar on input line 98.
LaTeX Font Info:    Overwriting math alphabet `\mathfrak' in version `bold'
(Font)                  U/euf/m/n --> U/euf/b/n on input line 106.
))
(/opt/texlive/texdir/texmf-dist/tex/latex/stackengine/stackengine.sty
Package: stackengine 2021/07/22 v4.11\ Stacking text and objects in convenient 
ways

(/opt/texlive/texdir/texmf-dist/tex/latex/etoolbox/etoolbox.sty
Package: etoolbox 2025/02/11 v2.5l e-TeX tools for LaTeX (JAW)
\etb@tempcnta=\count301
)
(/opt/texlive/texdir/texmf-dist/tex/generic/listofitems/listofitems.sty
(/opt/texlive/texdir/texmf-dist/tex/generic/listofitems/listofitems.tex
\loi_cnt_foreach_nest=\count302
\loi_nestcnt=\count303
)
Package: listofitems 2024/03/09 v1.65 Grab items in lists using user-specified 
sep char (CT)
)
\c@@stackindex=\count304
\@boxshift=\skip74
\stack@tmplength=\skip75
\temp@stkl=\skip76
\@stackedboxwidth=\skip77
\@addedbox=\box111
\@anchorbox=\box112
\@insetbox=\box113
\se@backgroundbox=\box114
\stackedbox=\box115
\@centerbox=\box116
\c@ROWcellindex@=\count305
)
(/opt/texlive/texdir/texmf-dist/tex/latex/enumitem/enumitem.sty
Package: enumitem 2025/02/06 v3.11 Customized lists
\labelindent=\skip78
\enit@outerparindent=\dimen187
\enit@toks=\toks31
\enit@inbox=\box117
\enit@count@id=\count306
\enitdp@description=\count307
)
(/opt/texlive/texdir/texmf-dist/tex/generic/alphalph/alphalph.sty
Package: alphalph 2019/12/09 v2.6 Convert numbers to letters (HO)

(/opt/texlive/texdir/texmf-dist/tex/generic/infwarerr/infwarerr.sty
Package: infwarerr 2019/12/03 v1.5 Providing info/warning/error messages (HO)
)
(/opt/texlive/texdir/texmf-dist/tex/generic/intcalc/intcalc.sty
Package: intcalc 2019/12/15 v1.3 Expandable calculations with integers (HO)
))
(/opt/texlive/texdir/texmf-dist/tex/generic/ulem/ulem.sty
\UL@box=\box118
\UL@hyphenbox=\box119
\UL@skip=\skip79
\UL@hook=\toks32
\UL@height=\dimen188
\UL@pe=\count308
\UL@pixel=\dimen189
\ULC@box=\box120
Package: ulem 2019/11/18
\ULdepth=\dimen190
)
\xrefbox=\box121
\xreflength=\skip80
\CodeWidthChar=\skip81
\CodeHeightChar=\skip82
\DoxyCodeWidth=\skip83
\c@DoxyEnumeratei=\count309
\c@DoxyEnumerateii=\count310
\c@DoxyEnumerateiii=\count311
\c@DoxyEnumerateiv=\count312
\c@DoxyEnumeratev=\count313
\c@DoxyEnumeratevi=\count314
\c@DoxyEnumeratevii=\count315
\c@DoxyEnumerateviii=\count316
\c@DoxyEnumerateix=\count317
\c@DoxyEnumeratex=\count318
\c@DoxyEnumeratexi=\count319
\c@DoxyEnumeratexii=\count320
\enitdp@DoxyEnumerate=\count321
\enitdp@DoxyItemize=\count322
)
(/opt/texlive/texdir/texmf-dist/tex/latex/base/inputenc.sty
Package: inputenc 2024/02/08 v1.3d Input encoding file
\inpenc@prehook=\toks33
\inpenc@posthook=\toks34


Package inputenc Warning: inputenc package ignored with utf8 based engines.

) (/opt/texlive/texdir/texmf-dist/tex/latex/base/makeidx.sty
Package: makeidx 2021/10/04 v1.0m Standard LaTeX package
)
(/opt/texlive/texdir/texmf-dist/tex/latex/base/textcomp.sty
Package: textcomp 2024/04/24 v2.1b Standard LaTeX package
)
(/opt/texlive/texdir/texmf-dist/tex/latex/wasysym/wasysym.sty
Package: wasysym 2020/01/19 v2.4 Wasy-2 symbol support package
\symwasy=\mathgroup6
LaTeX Font Info:    Overwriting symbol font `wasy' in version `bold'
(Font)                  U/wasy/m/n --> U/wasy/b/n on input line 93.
)
(/opt/texlive/texdir/texmf-dist/tex/generic/iftex/ifxetex.sty
Package: ifxetex 2019/10/25 v0.7 ifxetex legacy package. Use iftex instead.
)
(/opt/texlive/texdir/texmf-dist/tex/latex/base/fontenc.sty
Package: fontenc 2021/04/29 v2.0v Standard LaTeX package
LaTeX Font Info:    Trying to load font information for T1+lmr on input line 11
6.

(/opt/texlive/texdir/texmf-dist/tex/latex/lm/t1lmr.fd
File: t1lmr.fd 2015/05/01 v1.6.1 Font defs for Latin Modern
))
(/opt/texlive/texdir/texmf-dist/tex/latex/psnfss/helvet.sty
Package: helvet 2020/03/25 PSNFSS-v9.3 (WaS) 
)
(/opt/texlive/texdir/texmf-dist/tex/latex/psnfss/courier.sty
Package: courier 2020/03/25 PSNFSS-v9.3 (WaS) 
)
(/opt/texlive/texdir/texmf-dist/tex/latex/sectsty/sectsty.sty
Package: sectsty 2002/02/25 v2.0.2 Commands to change all sectional heading sty
les


LaTeX Warning: Command \underbar  has changed.
               Check if current package is valid.


LaTeX Warning: Command \underline  has changed.
               Check if current package is valid.

) (/opt/texlive/texdir/texmf-dist/tex/latex/geometry/geometry.sty
Package: geometry 2020/01/02 v5.9 Page Geometry

(/opt/texlive/texdir/texmf-dist/tex/generic/iftex/ifvtex.sty
Package: ifvtex 2019/10/25 v1.7 ifvtex legacy package. Use iftex instead.
)
\Gm@cnth=\count323
\Gm@cntv=\count324
\c@Gm@tempcnt=\count325
\Gm@bindingoffset=\dimen191
\Gm@wd@mp=\dimen192
\Gm@odd@mp=\dimen193
\Gm@even@mp=\dimen194
\Gm@layoutwidth=\dimen195
\Gm@layoutheight=\dimen196
\Gm@layouthoffset=\dimen197
\Gm@layoutvoffset=\dimen198
\Gm@dimlist=\toks35
)
(/opt/texlive/texdir/texmf-dist/tex/latex/changepage/changepage.sty
Package: changepage 2009/10/20 v1.0c check page and change page layout
\c@cp@cntr=\count326
\cp@tempcnt=\count327
LaTeX Info: Redefining \checkoddpage on input line 59.
)
(/opt/texlive/texdir/texmf-dist/tex/latex/fancyhdr/fancyhdr.sty
Package: fancyhdr 2025/02/07 v5.2 Extensive control of page headers and footers

\f@nch@headwidth=\skip84
\f@nch@offset@elh=\skip85
\f@nch@offset@erh=\skip86
\f@nch@offset@olh=\skip87
\f@nch@offset@orh=\skip88
\f@nch@offset@elf=\skip89
\f@nch@offset@erf=\skip90
\f@nch@offset@olf=\skip91
\f@nch@offset@orf=\skip92
\f@nch@height=\skip93
\f@nch@footalignment=\skip94
\f@nch@widthL=\skip95
\f@nch@widthC=\skip96
\f@nch@widthR=\skip97
\@temptokenb=\toks36
)
(/opt/texlive/texdir/texmf-dist/tex/latex/natbib/natbib.sty
Package: natbib 2010/09/13 8.31b (PWD, AO)
\bibhang=\skip98
\bibsep=\skip99
LaTeX Info: Redefining \cite on input line 694.
\c@NAT@ctr=\count328
)
(/opt/texlive/texdir/texmf-dist/tex/latex/tocloft/tocloft.sty
Package: tocloft 2017/08/31 v2.3i parameterised ToC, etc., typesetting
Package tocloft Info: The document has chapter divisions on input line 51.
\cftparskip=\skip100
\cftbeforetoctitleskip=\skip101
\cftaftertoctitleskip=\skip102
\cftbeforepartskip=\skip103
\cftpartnumwidth=\skip104
\cftpartindent=\skip105
\cftbeforechapskip=\skip106
\cftchapindent=\skip107
\cftchapnumwidth=\skip108
\cftbeforesecskip=\skip109
\cftsecindent=\skip110
\cftsecnumwidth=\skip111
\cftbeforesubsecskip=\skip112
\cftsubsecindent=\skip113
\cftsubsecnumwidth=\skip114
\cftbeforesubsubsecskip=\skip115
\cftsubsubsecindent=\skip116
\cftsubsubsecnumwidth=\skip117
\cftbeforeparaskip=\skip118
\cftparaindent=\skip119
\cftparanumwidth=\skip120
\cftbeforesubparaskip=\skip121
\cftsubparaindent=\skip122
\cftsubparanumwidth=\skip123
\cftbeforeloftitleskip=\skip124
\cftafterloftitleskip=\skip125
\cftbeforefigskip=\skip126
\cftfigindent=\skip127
\cftfignumwidth=\skip128
\c@lofdepth=\count329
\c@lotdepth=\count330
\cftbeforelottitleskip=\skip129
\cftafterlottitleskip=\skip130
\cftbeforetabskip=\skip131
\cfttabindent=\skip132
\cfttabnumwidth=\skip133
)
\@indexfile=\write4
\openout4 = `refman.idx'.


Writing index file refman.idx
(/opt/texlive/texdir/texmf-dist/tex/latex/newunicodechar/newunicodechar.sty
Package: newunicodechar 2018/04/08 v1.2 Defining Unicode characters
)
(/opt/texlive/texdir/texmf-dist/tex/latex/hyperref/hyperref.sty
Package: hyperref 2024-11-05 v7.01l Hypertext links for LaTeX

(/opt/texlive/texdir/texmf-dist/tex/latex/kvsetkeys/kvsetkeys.sty
Package: kvsetkeys 2022-10-05 v1.19 Key value parser (HO)
)
(/opt/texlive/texdir/texmf-dist/tex/generic/kvdefinekeys/kvdefinekeys.sty
Package: kvdefinekeys 2019-12-19 v1.6 Define keys (HO)
)
(/opt/texlive/texdir/texmf-dist/tex/generic/pdfescape/pdfescape.sty
Package: pdfescape 2019/12/09 v1.15 Implements pdfTeX's escape features (HO)

(/opt/texlive/texdir/texmf-dist/tex/generic/ltxcmds/ltxcmds.sty
Package: ltxcmds 2023-12-04 v1.26 LaTeX kernel commands for general use (HO)
)
(/opt/texlive/texdir/texmf-dist/tex/generic/pdftexcmds/pdftexcmds.sty
Package: pdftexcmds 2020-06-27 v0.33 Utility functions of pdfTeX for LuaTeX (HO
)
Package pdftexcmds Info: \pdf@primitive is available.
Package pdftexcmds Info: \pdf@ifprimitive is available.
Package pdftexcmds Info: \pdfdraftmode not found.
))
(/opt/texlive/texdir/texmf-dist/tex/latex/hycolor/hycolor.sty
Package: hycolor 2020-01-27 v1.10 Color options for hyperref/bookmark (HO)
)
(/opt/texlive/texdir/texmf-dist/tex/latex/hyperref/nameref.sty
Package: nameref 2023-11-26 v2.56 Cross-referencing by name of section

(/opt/texlive/texdir/texmf-dist/tex/latex/refcount/refcount.sty
Package: refcount 2019/12/15 v3.6 Data extraction from label references (HO)
)
(/opt/texlive/texdir/texmf-dist/tex/generic/gettitlestring/gettitlestring.sty
Package: gettitlestring 2019/12/15 v1.6 Cleanup title references (HO)

(/opt/texlive/texdir/texmf-dist/tex/latex/kvoptions/kvoptions.sty
Package: kvoptions 2022-06-15 v3.15 Key value format for package options (HO)
))
\c@section@level=\count331
)
(/opt/texlive/texdir/texmf-dist/tex/generic/stringenc/stringenc.sty
Package: stringenc 2019/11/29 v1.12 Convert strings between diff. encodings (HO
)
)
\@linkdim=\dimen199
\Hy@linkcounter=\count332
\Hy@pagecounter=\count333

(/opt/texlive/texdir/texmf-dist/tex/latex/hyperref/pd1enc.def
File: pd1enc.def 2024-11-05 v7.01l Hyperref: PDFDocEncoding definition (HO)
)
\Hy@SavedSpaceFactor=\count334

(/opt/texlive/texdir/texmf-dist/tex/latex/hyperref/puenc.def
File: puenc.def 2024-11-05 v7.01l Hyperref: PDF Unicode definition (HO)
)
Package hyperref Info: Hyper figures OFF on input line 4157.
Package hyperref Info: Link nesting OFF on input line 4162.
Package hyperref Info: Hyper index ON on input line 4165.
Package hyperref Info: Plain pages OFF on input line 4172.
Package hyperref Info: Backreferencing ON on input line 4175.
Package hyperref Info: Implicit mode ON; LaTeX internals redefined.
Package hyperref Info: Bookmarks ON on input line 4424.

(/opt/texlive/texdir/texmf-dist/tex/latex/hyperref/backref.sty
Package: backref 2023-11-26 v1.44 Bibliographical back referencing

(/opt/texlive/texdir/texmf-dist/tex/latex/rerunfilecheck/rerunfilecheck.sty
Package: rerunfilecheck 2022-07-10 v1.10 Rerun checks for auxiliary files (HO)

(/opt/texlive/texdir/texmf-dist/tex/latex/base/atveryend-ltx.sty
Package: atveryend-ltx 2020/08/19 v1.0a Emulation of the original atveryend pac
kage
with kernel methods
)
(/opt/texlive/texdir/texmf-dist/tex/generic/uniquecounter/uniquecounter.sty
Package: uniquecounter 2019/12/15 v1.4 Provide unlimited unique counter (HO)

(/opt/texlive/texdir/texmf-dist/tex/generic/bigintcalc/bigintcalc.sty
Package: bigintcalc 2019/12/15 v1.5 Expandable calculations on big integers (HO
)
))
Package uniquecounter Info: New unique counter `rerunfilecheck' on input line 2
85.
))
\c@Hy@tempcnt=\count335

(/opt/texlive/texdir/texmf-dist/tex/latex/url/url.sty
\Urlmuskip=\muskip17
Package: url 2013/09/16  ver 3.4  Verb mode for urls, etc.
)
LaTeX Info: Redefining \url on input line 4763.
\XeTeXLinkMargin=\dimen256

(/opt/texlive/texdir/texmf-dist/tex/generic/bitset/bitset.sty
Package: bitset 2019/12/09 v1.3 Handle bit-vector datatype (HO)
)
\Fld@menulength=\count336
\Field@Width=\dimen257
\Fld@charsize=\dimen258
Package hyperref Info: Hyper figures OFF on input line 6042.
Package hyperref Info: Link nesting OFF on input line 6047.
Package hyperref Info: Hyper index ON on input line 6050.
Package hyperref Info: backreferencing ON on input line 6055.
Package hyperref Info: Link coloring OFF on input line 6062.
Package hyperref Info: Link coloring with OCG OFF on input line 6067.
Package hyperref Info: PDF/A mode OFF on input line 6072.

(/opt/texlive/texdir/texmf-dist/tex/latex/base/atbegshi-ltx.sty
Package: atbegshi-ltx 2021/01/10 v1.0c Emulation of the original atbegshi
package with kernel methods
)
\Hy@abspage=\count337
\c@Item=\count338
\c@Hfootnote=\count339


LaTeX Warning: Command \LT@p@ftntext  has changed.
               Check if current package is valid.

)
Package hyperref Info: Driver (autodetected): hxetex.
 (/opt/texlive/texdir/texmf-dist/tex/latex/hyperref/hxetex.def
File: hxetex.def 2024-11-05 v7.01l Hyperref driver for XeTeX
\pdfm@box=\box122
\c@Hy@AnnotLevel=\count340
\HyField@AnnotCount=\count341
\Fld@listcount=\count342
\c@bookmark@seq@number=\count343
\Hy@SectionHShift=\skip134
)
Package hyperref Info: Option `colorlinks' set `true' on input line 137.
Package hyperref Info: Option `unicode' set `true' on input line 137.

(/opt/texlive/texdir/texmf-dist/tex/latex/caption/caption.sty
Package: caption 2023/08/05 v3.6o Customizing captions (AR)

(/opt/texlive/texdir/texmf-dist/tex/latex/caption/caption3.sty
Package: caption3 2023/07/31 v2.4d caption3 kernel (AR)
\caption@tempdima=\dimen259
\captionmargin=\dimen260
\caption@leftmargin=\dimen261
\caption@rightmargin=\dimen262
\caption@width=\dimen263
\caption@indent=\dimen264
\caption@parindent=\dimen265
\caption@hangindent=\dimen266
Package caption Info: Standard document class detected.
)
\c@caption@flags=\count344
\c@continuedfloat=\count345
Package caption Info: changepage package is loaded.
\caption@adjustwidth@hsize=\dimen267
\caption@adjustwidth@linewidth=\dimen268
Package caption Info: float package is loaded.
Package caption Info: hyperref package is loaded.
Package caption Info: longtable package is loaded.

(/opt/texlive/texdir/texmf-dist/tex/latex/caption/ltcaption.sty
Package: ltcaption 2021/01/08 v1.4c longtable captions (AR)
))
(/opt/texlive/texdir/texmf-dist/tex/latex/etoc/etoc.sty
Package: etoc 2023/10/29 v1.2d Completely customisable TOCs (JFB)
\Etoc@toctoks=\toks37
\c@etoc@tocid=\count346
\etoc@framed@titlebox=\box123
\etoc@framed@contentsbox=\box124
)
LaTeX Font Info:    Trying to load font information for T1+phv on input line 15
3.

(/opt/texlive/texdir/texmf-dist/tex/latex/psnfss/t1phv.fd
File: t1phv.fd 2020/03/25 scalable font definitions for T1/phv.
)
LaTeX Font Info:    Font shape `T1/phv/m/n' will be
(Font)              scaled to size 8.99994pt on input line 153.

(/opt/texlive/texdir/texmf-dist/tex/latex/l3backend/l3backend-xetex.def
File: l3backend-xetex.def 2024-05-08 L3 backend support: XeTeX
\g__graphics_track_int=\count347
\l__pdf_internal_box=\box125
\g__pdf_backend_annotation_int=\count348
\g__pdf_backend_link_int=\count349
)
(./refman.aux)
\openout1 = `refman.aux'.

LaTeX Font Info:    Checking defaults for OML/cmm/m/it on input line 153.
LaTeX Font Info:    ... okay on input line 153.
LaTeX Font Info:    Checking defaults for OMS/cmsy/m/n on input line 153.
LaTeX Font Info:    ... okay on input line 153.
LaTeX Font Info:    Checking defaults for OT1/cmr/m/n on input line 153.
LaTeX Font Info:    ... okay on input line 153.
LaTeX Font Info:    Checking defaults for T1/cmr/m/n on input line 153.
LaTeX Font Info:    ... okay on input line 153.
LaTeX Font Info:    Checking defaults for TS1/cmr/m/n on input line 153.
LaTeX Font Info:    ... okay on input line 153.
LaTeX Font Info:    Checking defaults for TU/lmr/m/n on input line 153.
LaTeX Font Info:    ... okay on input line 153.
LaTeX Font Info:    Checking defaults for OMX/cmex/m/n on input line 153.
LaTeX Font Info:    ... okay on input line 153.
LaTeX Font Info:    Checking defaults for U/cmr/m/n on input line 153.
LaTeX Font Info:    ... okay on input line 153.
LaTeX Font Info:    Checking defaults for PD1/pdf/m/n on input line 153.
LaTeX Font Info:    ... okay on input line 153.
LaTeX Font Info:    Checking defaults for PU/pdf/m/n on input line 153.
LaTeX Font Info:    ... okay on input line 153.

*geometry* driver: auto-detecting
*geometry* detected driver: xetex
*geometry* verbose mode - [ preamble ] result:
* driver: xetex
* paper: a4paper
* layout: <same size as paper>
* layoutoffset:(h,v)=(0.0pt,0.0pt)
* modes: twoside 
* h-part:(L,W,R)=(71.13188pt, 455.24411pt, 71.13188pt)
* v-part:(T,H,B)=(71.13188pt, 702.78308pt, 71.13188pt)
* \paperwidth=597.50787pt
* \paperheight=845.04684pt
* \textwidth=455.24411pt
* \textheight=702.78308pt
* \oddsidemargin=-1.1381pt
* \evensidemargin=-1.1381pt
* \topmargin=-31.2056pt
* \headheight=12.0pt
* \headsep=18.06749pt
* \topskip=10.0pt
* \footskip=25.29494pt
* \marginparwidth=125.0pt
* \marginparsep=7.0pt
* \columnsep=10.0pt
* \skip\footins=9.0pt plus 4.0pt minus 2.0pt
* \hoffset=0.0pt
* \voffset=0.0pt
* \mag=1000
* \@twocolumnfalse
* \@twosidetrue
* \@mparswitchtrue
* \@reversemarginfalse
* (1in=72.27pt=25.4mm, 1cm=28.453pt)

Package backref Info: ** backref set up for natbib ** on input line 153.
Package hyperref Info: Link coloring ON on input line 153.
(./refman.out) (./refman.out)
\@outlinefile=\write5
\openout5 = `refman.out'.

Package caption Info: Begin \AtBeginDocument code.
Package caption Info: End \AtBeginDocument code.
\Etoc@tf=\read4
Package hyperref Info: Option `pageanchor' set `false' on input line 161.
Package hyperref Info: Option `bookmarksnumbered' set `true' on input line 161.

LaTeX Font Info:    Font shape `T1/phv/m/n' will be
(Font)              scaled to size 12.9599pt on input line 166.
LaTeX Font Info:    Font shape `T1/phv/m/n' will be
(Font)              scaled to size 6.29996pt on input line 166.
LaTeX Font Info:    Trying to load font information for U+msa on input line 166
.

(/opt/texlive/texdir/texmf-dist/tex/latex/amsfonts/umsa.fd
File: umsa.fd 2013/01/14 v3.01 AMS symbols A
)
LaTeX Font Info:    Trying to load font information for U+msb on input line 166
.

(/opt/texlive/texdir/texmf-dist/tex/latex/amsfonts/umsb.fd
File: umsb.fd 2013/01/14 v3.01 AMS symbols B
)
LaTeX Font Info:    Trying to load font information for U+wasy on input line 16
6.

(/opt/texlive/texdir/texmf-dist/tex/latex/wasysym/uwasy.fd
File: uwasy.fd 2020/01/19 v2.4 Wasy-2 symbol font definitions
)
LaTeX Font Info:    Font shape `T1/phv/m/n' will be
(Font)              scaled to size 10.79993pt on input line 168.
LaTeX Font Info:    Font shape `T1/phv/m/n' will be
(Font)              scaled to size 8.09995pt on input line 170.


[1


]

[2

]
\tf@toc=\write6
\openout6 = `refman.toc'.

LaTeX Font Info:    Font shape `T1/phv/b/n' will be
(Font)              scaled to size 8.99994pt on input line 176.
LaTeX Font Info:    Font shape `T1/phv/b/n' will be
(Font)              scaled to size 6.29996pt on input line 176.


[1]

[2]

[3]
LaTeX Font Info:    Font shape `T1/phv/m/n' will be
(Font)              scaled to size 7.19995pt on input line 176.
LaTeX Font Info:    Trying to load font information for T1+pcr on input line 17
6.
 (/opt/texlive/texdir/texmf-dist/tex/latex/psnfss/t1pcr.fd
File: t1pcr.fd 2001/06/04 font definitions for T1/pcr.
)

[4]

[5]

[6]

[7]

[8]

[9]

[10]
Package hyperref Info: Option `pageanchor' set `true' on input line 179.

Chapter 1.
LaTeX Font Info:    Font shape `T1/phv/m/n' will be
(Font)              scaled to size 18.66588pt on input line 181.
LaTeX Font Info:    Font shape `T1/phv/b/n' will be
(Font)              scaled to size 18.66588pt on input line 181.
LaTeX Font Info:    Font shape `T1/phv/bc/n' will be
(Font)              scaled to size 18.66588pt on input line 181.
LaTeX Font Info:    Font shape `T1/phv/m/n' will be
(Font)              scaled to size 22.39185pt on input line 181.
LaTeX Font Info:    Font shape `T1/phv/b/n' will be
(Font)              scaled to size 22.39185pt on input line 181.
LaTeX Font Info:    Font shape `T1/phv/bc/n' will be
(Font)              scaled to size 22.39185pt on input line 181.
LaTeX Font Info:    Font shape `T1/phv/bc/n' will be
(Font)              scaled to size 6.29996pt on input line 181.
(./md_README.tex
LaTeX Font Info:    Font shape `T1/phv/b/n' will be
(Font)              scaled to size 12.9599pt on input line 1.
LaTeX Font Info:    Font shape `T1/phv/b/n' will be
(Font)              scaled to size 10.79993pt on input line 25.
LaTeX Font Info:    Trying to load font information for TS1+phv on input line 2
8.
 (/opt/texlive/texdir/texmf-dist/tex/latex/psnfss/ts1phv.fd
File: ts1phv.fd 2020/03/25 scalable font definitions for TS1/phv.
)
LaTeX Font Info:    Font shape `TS1/phv/m/n' will be
(Font)              scaled to size 8.99994pt on input line 28.

Missing character: There is no 创 ("521B) in font phvr8t!
Missing character: There is no 建 ("5EFA) in font phvr8t!
Missing character: There is no 了 ("4E86) in font phvr8t!
Missing character: There is no 一 ("4E00) in font phvr8t!
Missing character: There is no 个 ("4E2A) in font phvr8t!
Missing character: There is no 空 ("7A7A) in font phvr8t!
Missing character: There is no 项 ("9879) in font phvr8t!
Missing character: There is no 目 ("76EE) in font phvr8t!
Missing character: There is no ， ("FF0C) in font phvr8t!
Missing character: There is no 使 ("4F7F) in font phvr8t!
Missing character: There is no 用 ("7528) in font phvr8t!
Missing character: There is no 管 ("7BA1) in font phvr8t!
Missing character: There is no 理 ("7406) in font phvr8t!
Missing character: There is no 编 ("7F16) in font phvr8t!
Missing character: There is no 译 ("8BD1) in font phvr8t!
Missing character: There is no 链 ("94FE) in font phvr8t!
Missing character: There is no ， ("FF0C) in font phvr8t!
Missing character: There is no 并 ("5E76) in font phvr8t!
Missing character: There is no 手 ("624B) in font phvr8t!
Missing character: There is no 动 ("52A8) in font phvr8t!
Missing character: There is no 添 ("6DFB) in font phvr8t!
Missing character: There is no 加 ("52A0) in font phvr8t!
Missing character: There is no 了 ("4E86) in font phvr8t!
Missing character: There is no 外 ("5916) in font phvr8t!
Missing character: There is no 部 ("90E8) in font phvr8t!
Missing character: There is no 库 ("5E93) in font phvr8t!
Missing character: There is no 。 ("3002) in font phvr8t!
Missing character: There is no 添 ("6DFB) in font phvr8t!
Missing character: There is no 加 ("52A0) in font phvr8t!
Missing character: There is no 了 ("4E86) in font phvr8t!
Missing character: There is no 库 ("5E93) in font phvr8t!
Missing character: There is no 以 ("4EE5) in font phvr8t!
Missing character: There is no 处 ("5904) in font phvr8t!
Missing character: There is no 理 ("7406) in font phvr8t!
Missing character: There is no 命 ("547D) in font phvr8t!
Missing character: There is no 令 ("4EE4) in font phvr8t!
Missing character: There is no 行 ("884C) in font phvr8t!
Missing character: There is no 参 ("53C2) in font phvr8t!
Missing character: There is no 数 ("6570) in font phvr8t!
Missing character: There is no 解 ("89E3) in font phvr8t!
Missing character: There is no 析 ("6790) in font phvr8t!
Missing character: There is no 。 ("3002) in font phvr8t!
Missing character: There is no 添 ("6DFB) in font phvr8t!
Missing character: There is no 加 ("52A0) in font phvr8t!
Missing character: There is no 了 ("4E86) in font phvr8t!
Missing character: There is no 日 ("65E5) in font phvr8t!
Missing character: There is no 志 ("5FD7) in font phvr8t!
Missing character: There is no 库 ("5E93) in font phvr8t!
Missing character: There is no ， ("FF0C) in font phvr8t!
Missing character: There is no 实 ("5B9E) in font phvr8t!
Missing character: There is no 现 ("73B0) in font phvr8t!
Missing character: There is no 高 ("9AD8) in font phvr8t!
Missing character: There is no 效 ("6548) in font phvr8t!
Missing character: There is no 的 ("7684) in font phvr8t!
Missing character: There is no 日 ("65E5) in font phvr8t!
Missing character: There is no 志 ("5FD7) in font phvr8t!
Missing character: There is no 格 ("683C) in font phvr8t!
Missing character: There is no 式 ("5F0F) in font phvr8t!
Missing character: There is no 化 ("5316) in font phvr8t!
Missing character: There is no 输 ("8F93) in font phvr8t!
Missing character: There is no 出 ("51FA) in font phvr8t!
Missing character: There is no 。 ("3002) in font phvr8t!
Missing character: There is no 添 ("6DFB) in font phvr8t!
Missing character: There is no 加 ("52A0) in font phvr8t!
Missing character: There is no 库 ("5E93) in font phvr8t!
Missing character: There is no 用 ("7528) in font phvr8t!
Missing character: There is no 于 ("4E8E) in font phvr8t!
Missing character: There is no 数 ("6570) in font phvr8t!
Missing character: There is no 据 ("636E) in font phvr8t!
Missing character: There is no 存 ("5B58) in font phvr8t!
Missing character: There is no 储 ("50A8) in font phvr8t!
Missing character: There is no 和 ("548C) in font phvr8t!
Missing character: There is no 检 ("68C0) in font phvr8t!
Missing character: There is no 索 ("7D22) in font phvr8t!
Missing character: There is no 。 ("3002) in font phvr8t!
Missing character: There is no 在 ("5728) in font phvr8t!
Missing character: There is no 中 ("4E2D) in font phvr8t!
Missing character: There is no 存 ("5B58) in font phvr8t!
Missing character: There is no 储 ("50A8) in font phvr8t!
Missing character: There is no 项 ("9879) in font phvr8t!
Missing character: There is no 目 ("76EE) in font phvr8t!
Missing character: There is no 作 ("4F5C) in font phvr8t!
Missing character: There is no 者 ("8005) in font phvr8t!
Missing character: There is no 、 ("3001) in font phvr8t!
Missing character: There is no 版 ("7248) in font phvr8t!
Missing character: There is no 本 ("672C) in font phvr8t!
Missing character: There is no 、 ("3001) in font phvr8t!
Missing character: There is no 构 ("6784) in font phvr8t!
Missing character: There is no 建 ("5EFA) in font phvr8t!
Missing character: There is no 日 ("65E5) in font phvr8t!
Missing character: There is no 期 ("671F) in font phvr8t!
Missing character: There is no 等 ("7B49) in font phvr8t!
Missing character: There is no 信 ("4FE1) in font phvr8t!
Missing character: There is no 息 ("606F) in font phvr8t!
Missing character: There is no ， ("FF0C) in font phvr8t!
Missing character: There is no 由 ("7531) in font phvr8t!
Missing character: There is no 自 ("81EA) in font phvr8t!
Missing character: There is no 动 ("52A8) in font phvr8t!
Missing character: There is no 维 ("7EF4) in font phvr8t!
Missing character: There is no 护 ("62A4) in font phvr8t!
Missing character: There is no 。 ("3002) in font phvr8t!
Missing character: There is no 简 ("7B80) in font phvr8t!
Missing character: There is no 化 ("5316) in font phvr8t!
Missing character: There is no 了 ("4E86) in font phvr8t!
Missing character: There is no 参 ("53C2) in font phvr8t!
Missing character: There is no 数 ("6570) in font phvr8t!
Missing character: There is no 解 ("89E3) in font phvr8t!
Missing character: There is no 析 ("6790) in font phvr8t!
Missing character: There is no 的 ("7684) in font phvr8t!
Missing character: There is no 代 ("4EE3) in font phvr8t!
Missing character: There is no 码 ("7801) in font phvr8t!
Missing character: There is no 实 ("5B9E) in font phvr8t!
Missing character: There is no 现 ("73B0) in font phvr8t!
Missing character: There is no ， ("FF0C) in font phvr8t!
Missing character: There is no 并 ("5E76) in font phvr8t!
Missing character: There is no 添 ("6DFB) in font phvr8t!
Missing character: There is no 加 ("52A0) in font phvr8t!
Missing character: There is no 了 ("4E86) in font phvr8t!
Missing character: There is no 选 ("9009) in font phvr8t!
Missing character: There is no 项 ("9879) in font phvr8t!
Missing character: There is no 以 ("4EE5) in font phvr8t!
Missing character: There is no 选 ("9009) in font phvr8t!
Missing character: There is no 择 ("62E9) in font phvr8t!
Missing character: There is no 工 ("5DE5) in font phvr8t!
Missing character: There is no 作 ("4F5C) in font phvr8t!
Missing character: There is no 模 ("6A21) in font phvr8t!
Missing character: There is no 式 ("5F0F) in font phvr8t!
Missing character: There is no 。 ("3002) in font phvr8t!
Missing character: There is no 使 ("4F7F) in font phvr8t!
Missing character: There is no 用 ("7528) in font phvr8t!
Missing character: There is no 库 ("5E93) in font phvr8t!
Missing character: There is no 的 ("7684) in font phvr8t!
Missing character: There is no 日 ("65E5) in font phvr8t!
Missing character: There is no 志 ("5FD7) in font phvr8t!
Missing character: There is no 记 ("8BB0) in font phvr8t!
Missing character: There is no 录 ("5F55) in font phvr8t!
Missing character: There is no 器 ("5668) in font phvr8t!
Missing character: There is no 将 ("5C06) in font phvr8t!
Missing character: There is no 级 ("7EA7) in font phvr8t!
Missing character: There is no 别 ("522B) in font phvr8t!
Missing character: There is no 及 ("53CA) in font phvr8t!
Missing character: There is no 以 ("4EE5) in font phvr8t!
Missing character: There is no 上 ("4E0A) in font phvr8t!
Missing character: There is no 的 ("7684) in font phvr8t!
Missing character: There is no 日 ("65E5) in font phvr8t!
Missing character: There is no 志 ("5FD7) in font phvr8t!
Missing character: There is no 输 ("8F93) in font phvr8t!
Missing character: There is no 出 ("51FA) in font phvr8t!
Missing character: There is no 到 ("5230) in font phvr8t!
Missing character: There is no 文 ("6587) in font phvr8t!
Missing character: There is no 件 ("4EF6) in font phvr8t!
Missing character: There is no ， ("FF0C) in font phvr8t!
Missing character: There is no 将 ("5C06) in font phvr8t!
Missing character: There is no 级 ("7EA7) in font phvr8t!
Missing character: There is no 别 ("522B) in font phvr8t!
Missing character: There is no 及 ("53CA) in font phvr8t!
Missing character: There is no 以 ("4EE5) in font phvr8t!
Missing character: There is no 上 ("4E0A) in font phvr8t!
Missing character: There is no 的 ("7684) in font phvr8t!
Missing character: There is no 日 ("65E5) in font phvr8t!
Missing character: There is no 志 ("5FD7) in font phvr8t!
Missing character: There is no 输 ("8F93) in font phvr8t!
Missing character: There is no 出 ("51FA) in font phvr8t!
Missing character: There is no 到 ("5230) in font phvr8t!
Missing character: There is no 控 ("63A7) in font phvr8t!
Missing character: There is no 制 ("5236) in font phvr8t!
Missing character: There is no 台 ("53F0) in font phvr8t!
Missing character: There is no 。 ("3002) in font phvr8t!
Missing character: There is no 将 ("5C06) in font phvr8t!
Missing character: There is no 库 ("5E93) in font phvr8t!
Missing character: There is no 文 ("6587) in font phvr8t!
Missing character: There is no 件 ("4EF6) in font phvr8t!
Missing character: There is no 顶 ("9876) in font phvr8t!
Missing character: There is no 层 ("5C42) in font phvr8t!
Missing character: There is no 封 ("5C01) in font phvr8t!
Missing character: There is no 装 ("88C5) in font phvr8t!
Missing character: There is no 为 ("4E3A) in font phvr8t!
Missing character: There is no 对 ("5BF9) in font phvr8t!
Missing character: There is no 象 ("8C61) in font phvr8t!
Missing character: There is no ， ("FF0C) in font phvr8t!
Missing character: There is no 提 ("63D0) in font phvr8t!
Missing character: There is no 供 ("4F9B) in font phvr8t!
Missing character: There is no 了 ("4E86) in font phvr8t!
Missing character: There is no 读 ("8BFB) in font phvr8t!
Missing character: There is no 取 ("53D6) in font phvr8t!
Missing character: There is no 、 ("3001) in font phvr8t!
Missing character: There is no 解 ("89E3) in font phvr8t!
Missing character: There is no 析 ("6790) in font phvr8t!
Missing character: There is no 和 ("548C) in font phvr8t!
Missing character: There is no 修 ("4FEE) in font phvr8t!
Missing character: There is no 改 ("6539) in font phvr8t!
Missing character: There is no 库 ("5E93) in font phvr8t!
Missing character: There is no 文 ("6587) in font phvr8t!
Missing character: There is no 件 ("4EF6) in font phvr8t!
Missing character: There is no 的 ("7684) in font phvr8t!
Missing character: There is no 方 ("65B9) in font phvr8t!
Missing character: There is no 法 ("6CD5) in font phvr8t!
Missing character: There is no ， ("FF0C) in font phvr8t!
Missing character: There is no 包 ("5305) in font phvr8t!
Missing character: There is no 含 ("542B) in font phvr8t!
Missing character: There is no 名 ("540D) in font phvr8t!
Missing character: There is no 称 ("79F0) in font phvr8t!
Missing character: There is no 和 ("548C) in font phvr8t!
Missing character: There is no 信 ("4FE1) in font phvr8t!
Missing character: There is no 息 ("606F) in font phvr8t!
Missing character: There is no 作 ("4F5C) in font phvr8t!
Missing character: There is no 为 ("4E3A) in font phvr8t!
Missing character: There is no 公 ("516C) in font phvr8t!
Missing character: There is no 共 ("5171) in font phvr8t!
Missing character: There is no 属 ("5C5E) in font phvr8t!
Missing character: There is no 性 ("6027) in font phvr8t!
Missing character: There is no 。 ("3002) in font phvr8t!
Missing character: There is no 但 ("4F46) in font phvr8t!
Missing character: There is no 仍 ("4ECD) in font phvr8t!
Missing character: There is no 然 ("7136) in font phvr8t!
Missing character: There is no 使 ("4F7F) in font phvr8t!
Missing character: There is no 用 ("7528) in font phvr8t!
Missing character: There is no 过 ("8FC7) in font phvr8t!
Missing character: There is no 程 ("7A0B) in font phvr8t!
Missing character: There is no 化 ("5316) in font phvr8t!
Missing character: There is no 方 ("65B9) in font phvr8t!
Missing character: There is no 法 ("6CD5) in font phvr8t!
Missing character: There is no 循 ("5FAA) in font phvr8t!
Missing character: There is no 环 ("73AF) in font phvr8t!
Missing character: There is no 迭 ("8FED) in font phvr8t!
Missing character: There is no 代 ("4EE3) in font phvr8t!
Missing character: There is no 读 ("8BFB) in font phvr8t!
Missing character: There is no 取 ("53D6) in font phvr8t!
Missing character: There is no 库 ("5E93) in font phvr8t!
Missing character: There is no 文 ("6587) in font phvr8t!
Missing character: There is no 件 ("4EF6) in font phvr8t!
Missing character: There is no 名 ("540D) in font phvr8t!
Missing character: There is no 称 ("79F0) in font phvr8t!
Missing character: There is no 和 ("548C) in font phvr8t!
Missing character: There is no 信 ("4FE1) in font phvr8t!
Missing character: There is no 息 ("606F) in font phvr8t!
Missing character: There is no 。 ("3002) in font phvr8t!
Missing character: There is no 按 ("6309) in font phvr8t!
Missing character: There is no 照 ("7167) in font phvr8t!
Missing character: There is no 标 ("6807) in font phvr8t!
Missing character: There is no 准 ("51C6) in font phvr8t!
Missing character: There is no 库 ("5E93) in font phvr8t!
Missing character: There is no 、 ("3001) in font phvr8t!
Missing character: There is no 第 ("7B2C) in font phvr8t!
Missing character: There is no 三 ("4E09) in font phvr8t!
Missing character: There is no 方 ("65B9) in font phvr8t!
Missing character: There is no 库 ("5E93) in font phvr8t!
Missing character: There is no 和 ("548C) in font phvr8t!
Missing character: There is no 本 ("672C) in font phvr8t!
Missing character: There is no 地 ("5730) in font phvr8t!
Missing character: There is no 库 ("5E93) in font phvr8t!
Missing character: There is no 的 ("7684) in font phvr8t!
Missing character: There is no 顺 ("987A) in font phvr8t!
Missing character: There is no 序 ("5E8F) in font phvr8t!
Missing character: There is no 重 ("91CD) in font phvr8t!
Missing character: There is no 新 ("65B0) in font phvr8t!
Missing character: There is no 排 ("6392) in font phvr8t!
Missing character: There is no 列 ("5217) in font phvr8t!
Missing character: There is no 了 ("4E86) in font phvr8t!
Missing character: There is no 语 ("8BED) in font phvr8t!
Missing character: There is no 句 ("53E5) in font phvr8t!
Missing character: There is no 。 ("3002) in font phvr8t!


[1


]
Missing character: There is no 使 ("4F7F) in font phvr8t!
Missing character: There is no 用 ("7528) in font phvr8t!
Missing character: There is no 面 ("9762) in font phvr8t!
Missing character: There is no 向 ("5411) in font phvr8t!
Missing character: There is no 对 ("5BF9) in font phvr8t!
Missing character: There is no 象 ("8C61) in font phvr8t!
Missing character: There is no 编 ("7F16) in font phvr8t!
Missing character: There is no 程 ("7A0B) in font phvr8t!
Missing character: There is no （ ("FF08) in font phvr8t!
Missing character: There is no ） ("FF09) in font phvr8t!
Missing character: There is no 重 ("91CD) in font phvr8t!
Missing character: There is no 构 ("6784) in font phvr8t!
Missing character: There is no 了 ("4E86) in font phvr8t!
Missing character: There is no 原 ("539F) in font phvr8t!
Missing character: There is no 先 ("5148) in font phvr8t!
Missing character: There is no 用 ("7528) in font phvr8t!
Missing character: There is no 语 ("8BED) in font phvr8t!
Missing character: There is no 言 ("8A00) in font phvr8t!
Missing character: There is no 循 ("5FAA) in font phvr8t!
Missing character: There is no 环 ("73AF) in font phvr8t!
Missing character: There is no 遍 ("904D) in font phvr8t!
Missing character: There is no 历 ("5386) in font phvr8t!
Missing character: There is no 的 ("7684) in font phvr8t!
Missing character: There is no 代 ("4EE3) in font phvr8t!
Missing character: There is no 码 ("7801) in font phvr8t!
Missing character: There is no ， ("FF0C) in font phvr8t!
Missing character: There is no 将 ("5C06) in font phvr8t!
Missing character: There is no 简 ("7B80) in font phvr8t!
Missing character: There is no 单 ("5355) in font phvr8t!
Missing character: There is no 属 ("5C5E) in font phvr8t!
Missing character: There is no 性 ("6027) in font phvr8t!
Missing character: There is no 的 ("7684) in font phvr8t!
Missing character: There is no 读 ("8BFB) in font phvr8t!
Missing character: There is no 取 ("53D6) in font phvr8t!
Missing character: There is no 封 ("5C01) in font phvr8t!
Missing character: There is no 装 ("88C5) in font phvr8t!
Missing character: There is no 为 ("4E3A) in font phvr8t!
Missing character: There is no 类 ("7C7B) in font phvr8t!
Missing character: There is no ， ("FF0C) in font phvr8t!
Missing character: There is no 并 ("5E76) in font phvr8t!
Missing character: There is no 将 ("5C06) in font phvr8t!
Missing character: There is no 函 ("51FD) in font phvr8t!
Missing character: There is no 数 ("6570) in font phvr8t!
Missing character: There is no 返 ("8FD4) in font phvr8t!
Missing character: There is no 回 ("56DE) in font phvr8t!
Missing character: There is no 的 ("7684) in font phvr8t!
Missing character: There is no 类 ("7C7B) in font phvr8t!
Missing character: There is no 型 ("578B) in font phvr8t!
Missing character: There is no 的 ("7684) in font phvr8t!
Missing character: There is no 属 ("5C5E) in font phvr8t!
Missing character: There is no 性 ("6027) in font phvr8t!
Missing character: There is no 值 ("503C) in font phvr8t!
Missing character: There is no 转 ("8F6C) in font phvr8t!
Missing character: There is no 换 ("6362) in font phvr8t!
Missing character: There is no 为 ("4E3A) in font phvr8t!
Missing character: There is no 类 ("7C7B) in font phvr8t!
Missing character: There is no 型 ("578B) in font phvr8t!
Missing character: There is no ， ("FF0C) in font phvr8t!
Missing character: There is no 便 ("4FBF) in font phvr8t!
Missing character: There is no 于 ("4E8E) in font phvr8t!
Missing character: There is no 外 ("5916) in font phvr8t!
Missing character: There is no 部 ("90E8) in font phvr8t!
Missing character: There is no 使 ("4F7F) in font phvr8t!
Missing character: There is no 用 ("7528) in font phvr8t!
Missing character: There is no 。 ("3002) in font phvr8t!
Missing character: There is no 将 ("5C06) in font phvr8t!
Missing character: There is no 属 ("5C5E) in font phvr8t!
Missing character: There is no 性 ("6027) in font phvr8t!
Missing character: There is no 迭 ("8FED) in font phvr8t!
Missing character: There is no 代 ("4EE3) in font phvr8t!
Missing character: There is no 过 ("8FC7) in font phvr8t!
Missing character: There is no 程 ("7A0B) in font phvr8t!
Missing character: There is no 封 ("5C01) in font phvr8t!
Missing character: There is no 装 ("88C5) in font phvr8t!
Missing character: There is no 为 ("4E3A) in font phvr8t!
Missing character: There is no 类 ("7C7B) in font phvr8t!
Missing character: There is no ， ("FF0C) in font phvr8t!
Missing character: There is no 在 ("5728) in font phvr8t!
Missing character: There is no 析 ("6790) in font phvr8t!
Missing character: There is no 构 ("6784) in font phvr8t!
Missing character: There is no 函 ("51FD) in font phvr8t!
Missing character: There is no 数 ("6570) in font phvr8t!
Missing character: There is no 中 ("4E2D) in font phvr8t!
Missing character: There is no 处 ("5904) in font phvr8t!
Missing character: There is no 理 ("7406) in font phvr8t!
Missing character: There is no 迭 ("8FED) in font phvr8t!
Missing character: There is no 代 ("4EE3) in font phvr8t!
Missing character: There is no 退 ("9000) in font phvr8t!
Missing character: There is no 出 ("51FA) in font phvr8t!
Missing character: There is no ， ("FF0C) in font phvr8t!
Missing character: There is no 实 ("5B9E) in font phvr8t!
Missing character: There is no 现 ("73B0) in font phvr8t!
Missing character: There is no 资 ("8D44) in font phvr8t!
Missing character: There is no 源 ("6E90) in font phvr8t!
Missing character: There is no 获 ("83B7) in font phvr8t!
Missing character: There is no 取 ("53D6) in font phvr8t!
Missing character: There is no 即 ("5373) in font phvr8t!
Missing character: There is no 初 ("521D) in font phvr8t!
Missing character: There is no 始 ("59CB) in font phvr8t!
Missing character: There is no 化 ("5316) in font phvr8t!
Missing character: There is no （ ("FF08) in font phvr8t!
Missing character: There is no ） ("FF09) in font phvr8t!
Missing character: There is no 。 ("3002) in font phvr8t!
Missing character: There is no 将 ("5C06) in font phvr8t!
Missing character: There is no 组 ("7EC4) in font phvr8t!
Missing character: There is no 的 ("7684) in font phvr8t!
Missing character: There is no 迭 ("8FED) in font phvr8t!
Missing character: There is no 代 ("4EE3) in font phvr8t!
Missing character: There is no 过 ("8FC7) in font phvr8t!
Missing character: There is no 程 ("7A0B) in font phvr8t!
Missing character: There is no 封 ("5C01) in font phvr8t!
Missing character: There is no 装 ("88C5) in font phvr8t!
Missing character: There is no 为 ("4E3A) in font phvr8t!
Missing character: There is no 类 ("7C7B) in font phvr8t!
Missing character: There is no ， ("FF0C) in font phvr8t!
Missing character: There is no 同 ("540C) in font phvr8t!
Missing character: There is no 样 ("6837) in font phvr8t!
Missing character: There is no 在 ("5728) in font phvr8t!
Missing character: There is no 析 ("6790) in font phvr8t!
Missing character: There is no 构 ("6784) in font phvr8t!
Missing character: There is no 函 ("51FD) in font phvr8t!
Missing character: There is no 数 ("6570) in font phvr8t!
Missing character: There is no 中 ("4E2D) in font phvr8t!
Missing character: There is no 处 ("5904) in font phvr8t!
Missing character: There is no 理 ("7406) in font phvr8t!
Missing character: There is no 迭 ("8FED) in font phvr8t!
Missing character: There is no 代 ("4EE3) in font phvr8t!
Missing character: There is no 退 ("9000) in font phvr8t!
Missing character: There is no 出 ("51FA) in font phvr8t!
Missing character: There is no 。 ("3002) in font phvr8t!
Missing character: There is no 封 ("5C01) in font phvr8t!
Missing character: There is no 装 ("88C5) in font phvr8t!
Missing character: There is no 了 ("4E86) in font phvr8t!
Missing character: There is no 类 ("7C7B) in font phvr8t!
Missing character: There is no ， ("FF0C) in font phvr8t!
Missing character: There is no 提 ("63D0) in font phvr8t!
Missing character: There is no 供 ("4F9B) in font phvr8t!
Missing character: There is no 了 ("4E86) in font phvr8t!
Missing character: There is no 读 ("8BFB) in font phvr8t!
Missing character: There is no 取 ("53D6) in font phvr8t!
Missing character: There is no 组 ("7EC4) in font phvr8t!
Missing character: There is no 名 ("540D) in font phvr8t!
Missing character: There is no 、 ("3001) in font phvr8t!
Missing character: There is no 类 ("7C7B) in font phvr8t!
Missing character: There is no 别 ("522B) in font phvr8t!
Missing character: There is no 、 ("3001) in font phvr8t!
Missing character: There is no 属 ("5C5E) in font phvr8t!
Missing character: There is no 性 ("6027) in font phvr8t!
Missing character: There is no 、 ("3001) in font phvr8t!
Missing character: There is no 子 ("5B50) in font phvr8t!
Missing character: There is no 组 ("7EC4) in font phvr8t!
Missing character: There is no 的 ("7684) in font phvr8t!
Missing character: There is no 方 ("65B9) in font phvr8t!
Missing character: There is no 法 ("6CD5) in font phvr8t!
Missing character: There is no 。 ("3002) in font phvr8t!
Missing character: There is no 将 ("5C06) in font phvr8t!
Missing character: There is no 类 ("7C7B) in font phvr8t!
Missing character: There is no 的 ("7684) in font phvr8t!
Missing character: There is no 定 ("5B9A) in font phvr8t!
Missing character: There is no 义 ("4E49) in font phvr8t!
Missing character: There is no 和 ("548C) in font phvr8t!
Missing character: There is no 实 ("5B9E) in font phvr8t!
Missing character: There is no 现 ("73B0) in font phvr8t!
Missing character: There is no 分 ("5206) in font phvr8t!
Missing character: There is no 离 ("79BB) in font phvr8t!
Missing character: There is no ， ("FF0C) in font phvr8t!
Missing character: There is no 将 ("5C06) in font phvr8t!
Missing character: There is no 类 ("7C7B) in font phvr8t!
Missing character: There is no 的 ("7684) in font phvr8t!
Missing character: There is no 实 ("5B9E) in font phvr8t!
Missing character: There is no 现 ("73B0) in font phvr8t!
Missing character: There is no 放 ("653E) in font phvr8t!
Missing character: There is no 在 ("5728) in font phvr8t!
Missing character: There is no 目 ("76EE) in font phvr8t!
Missing character: There is no 录 ("5F55) in font phvr8t!
Missing character: There is no 下 ("4E0B) in font phvr8t!
Missing character: There is no ， ("FF0C) in font phvr8t!
Missing character: There is no 将 ("5C06) in font phvr8t!
Missing character: There is no 类 ("7C7B) in font phvr8t!
Missing character: There is no 的 ("7684) in font phvr8t!
Missing character: There is no 定 ("5B9A) in font phvr8t!
Missing character: There is no 义 ("4E49) in font phvr8t!
Missing character: There is no 放 ("653E) in font phvr8t!
Missing character: There is no 在 ("5728) in font phvr8t!
Missing character: There is no 目 ("76EE) in font phvr8t!
Missing character: There is no 录 ("5F55) in font phvr8t!
Missing character: There is no 下 ("4E0B) in font phvr8t!
Missing character: There is no ， ("FF0C) in font phvr8t!
Missing character: There is no 修 ("4FEE) in font phvr8t!
Missing character: There is no 改 ("6539) in font phvr8t!
Missing character: There is no 了 ("4E86) in font phvr8t!
Missing character: There is no 自 ("81EA) in font phvr8t!
Missing character: There is no 动 ("52A8) in font phvr8t!
Missing character: There is no 收 ("6536) in font phvr8t!
Missing character: There is no 集 ("96C6) in font phvr8t!
Missing character: There is no 文 ("6587) in font phvr8t!
Missing character: There is no 件 ("4EF6) in font phvr8t!
Missing character: There is no ， ("FF0C) in font phvr8t!
Missing character: There is no 便 ("4FBF) in font phvr8t!
Missing character: There is no 于 ("4E8E) in font phvr8t!
Missing character: There is no 模 ("6A21) in font phvr8t!
Missing character: There is no 块 ("5757) in font phvr8t!
Missing character: There is no 化 ("5316) in font phvr8t!
Missing character: There is no 编 ("7F16) in font phvr8t!
Missing character: There is no 译 ("8BD1) in font phvr8t!
Missing character: There is no 。 ("3002) in font phvr8t!
Missing character: There is no 类 ("7C7B) in font phvr8t!
Missing character: There is no 的 ("7684) in font phvr8t!
Missing character: There is no 头 ("5934) in font phvr8t!
Missing character: There is no 文 ("6587) in font phvr8t!
Missing character: There is no 件 ("4EF6) in font phvr8t!
Missing character: There is no 改 ("6539) in font phvr8t!
Missing character: There is no 为 ("4E3A) in font phvr8t!
Missing character: There is no 后 ("540E) in font phvr8t!
Missing character: There is no 缀 ("7F00) in font phvr8t!
Missing character: There is no ， ("FF0C) in font phvr8t!
Missing character: There is no 修 ("4FEE) in font phvr8t!
Missing character: There is no 改 ("6539) in font phvr8t!
Missing character: There is no 了 ("4E86) in font phvr8t!
Missing character: There is no 中 ("4E2D) in font phvr8t!
Missing character: There is no 的 ("7684) in font phvr8t!
Missing character: There is no 文 ("6587) in font phvr8t!
Missing character: There is no 件 ("4EF6) in font phvr8t!
Missing character: There is no 收 ("6536) in font phvr8t!
Missing character: There is no 集 ("96C6) in font phvr8t!
Missing character: There is no 规 ("89C4) in font phvr8t!
Missing character: There is no 则 ("5219) in font phvr8t!
Missing character: There is no ， ("FF0C) in font phvr8t!
Missing character: There is no 编 ("7F16) in font phvr8t!
Missing character: There is no 译 ("8BD1) in font phvr8t!
Missing character: There is no 时 ("65F6) in font phvr8t!
Missing character: There is no 间 ("95F4) in font phvr8t!
Missing character: There is no 戳 ("6233) in font phvr8t!
Missing character: There is no 更 ("66F4) in font phvr8t!
Missing character: There is no 新 ("65B0) in font phvr8t!
Missing character: There is no 。 ("3002) in font phvr8t!
Missing character: There is no 为 ("4E3A) in font phvr8t!
Missing character: There is no 类 ("7C7B) in font phvr8t!
Missing character: There is no 添 ("6DFB) in font phvr8t!
Missing character: There is no 加 ("52A0) in font phvr8t!
Missing character: There is no 了 ("4E86) in font phvr8t!
Missing character: There is no 输 ("8F93) in font phvr8t!
Missing character: There is no 出 ("51FA) in font phvr8t!
Missing character: There is no 同 ("540C) in font phvr8t!
Missing character: There is no 名 ("540D) in font phvr8t!
Missing character: There is no 格 ("683C) in font phvr8t!
Missing character: There is no 式 ("5F0F) in font phvr8t!
Missing character: There is no 文 ("6587) in font phvr8t!
Missing character: There is no 件 ("4EF6) in font phvr8t!
Missing character: There is no 的 ("7684) in font phvr8t!
Missing character: There is no 方 ("65B9) in font phvr8t!
Missing character: There is no 法 ("6CD5) in font phvr8t!
Missing character: There is no ， ("FF0C) in font phvr8t!
Missing character: There is no 目 ("76EE) in font phvr8t!
Missing character: There is no 前 ("524D) in font phvr8t!
Missing character: There is no 能 ("80FD) in font phvr8t!
Missing character: There is no 输 ("8F93) in font phvr8t!
Missing character: There is no 出 ("51FA) in font phvr8t!
Missing character: There is no 、 ("3001) in font phvr8t!
Missing character: There is no 、 ("3001) in font phvr8t!
Missing character: There is no 、 ("3001) in font phvr8t!
Missing character: There is no 信 ("4FE1) in font phvr8t!
Missing character: There is no 息 ("606F) in font phvr8t!
Missing character: There is no 。 ("3002) in font phvr8t!
Missing character: There is no 浮 ("6D6E) in font phvr8t!
Missing character: There is no 点 ("70B9) in font phvr8t!
Missing character: There is no 数 ("6570) in font phvr8t!
Missing character: There is no 误 ("8BEF) in font phvr8t!
Missing character: There is no 差 ("5DEE) in font phvr8t!
Missing character: There is no 未 ("672A) in font phvr8t!
Missing character: There is no 解 ("89E3) in font phvr8t!
Missing character: There is no 决 ("51B3) in font phvr8t!
Missing character: There is no 。 ("3002) in font phvr8t!
Missing character: There is no 在 ("5728) in font phvr8t!
Missing character: There is no 中 ("4E2D) in font phvr8t!
Missing character: There is no ， ("FF0C) in font phvr8t!
Missing character: There is no 实 ("5B9E) in font phvr8t!
Missing character: There is no 现 ("73B0) in font phvr8t!
Missing character: There is no 了 ("4E86) in font phvr8t!
Missing character: There is no 以 ("4EE5) in font phvr8t!
Missing character: There is no 数 ("6570) in font phvr8t!
Missing character: There is no 据 ("636E) in font phvr8t!
Missing character: There is no 结 ("7ED3) in font phvr8t!
Missing character: There is no 构 ("6784) in font phvr8t!
Missing character: There is no 循 ("5FAA) in font phvr8t!
Missing character: There is no 环 ("73AF) in font phvr8t!
Missing character: There is no 迭 ("8FED) in font phvr8t!
Missing character: There is no 代 ("4EE3) in font phvr8t!
Missing character: There is no 存 ("5B58) in font phvr8t!
Missing character: There is no 储 ("50A8) in font phvr8t!
Missing character: There is no 库 ("5E93) in font phvr8t!
Missing character: There is no 信 ("4FE1) in font phvr8t!
Missing character: There is no 息 ("606F) in font phvr8t!
Missing character: There is no 的 ("7684) in font phvr8t!
Missing character: There is no 功 ("529F) in font phvr8t!
Missing character: There is no 能 ("80FD) in font phvr8t!
Missing character: There is no ， ("FF0C) in font phvr8t!
Missing character: There is no 具 ("5177) in font phvr8t!
Missing character: There is no 体 ("4F53) in font phvr8t!
Missing character: There is no 包 ("5305) in font phvr8t!
Missing character: There is no 括 ("62EC) in font phvr8t!
Missing character: There is no 等 ("7B49) in font phvr8t!
Missing character: There is no 函 ("51FD) in font phvr8t!
Missing character: There is no 数 ("6570) in font phvr8t!
Missing character: There is no ， ("FF0C) in font phvr8t!
Missing character: There is no 并 ("5E76) in font phvr8t!
Missing character: There is no 添 ("6DFB) in font phvr8t!
Missing character: There is no 加 ("52A0) in font phvr8t!
Missing character: There is no 了 ("4E86) in font phvr8t!
Missing character: There is no 同 ("540C) in font phvr8t!
Missing character: There is no 名 ("540D) in font phvr8t!
Missing character: There is no 的 ("7684) in font phvr8t!
Missing character: There is no 头 ("5934) in font phvr8t!
Missing character: There is no 文 ("6587) in font phvr8t!
Missing character: There is no 件 ("4EF6) in font phvr8t!
Missing character: There is no 。 ("3002) in font phvr8t!

Underfull \hbox (badness 1028) in paragraph at lines 66--67
[] []  \T1/phv/m/n/10 JSON  (lib)  \T1/pcr/m/n/10 generate[]Cell[]Json, generat
e[]Pin[]Json, generate[]
 []

Missing character: There is no 时 ("65F6) in font phvr8t!
Missing character: There is no 序 ("5E8F) in font phvr8t!
Missing character: There is no 信 ("4FE1) in font phvr8t!
Missing character: There is no 息 ("606F) in font phvr8t!
Missing character: There is no 解 ("89E3) in font phvr8t!
Missing character: There is no 析 ("6790) in font phvr8t!
Missing character: There is no 功 ("529F) in font phvr8t!
Missing character: There is no 能 ("80FD) in font phvr8t!
Missing character: There is no 待 ("5F85) in font phvr8t!
Missing character: There is no 完 ("5B8C) in font phvr8t!
Missing character: There is no 成 ("6210) in font phvr8t!
Missing character: There is no 。 ("3002) in font phvr8t!
Missing character: There is no 新 ("65B0) in font phvr8t!
Missing character: There is no 增 ("589E) in font phvr8t!
Missing character: There is no 辅 ("8F85) in font phvr8t!
Missing character: There is no 助 ("52A9) in font phvr8t!
Missing character: There is no 函 ("51FD) in font phvr8t!
Missing character: There is no 数 ("6570) in font phvr8t!
Missing character: There is no ， ("FF0C) in font phvr8t!
Missing character: There is no 该 ("8BE5) in font phvr8t!
Missing character: There is no 函 ("51FD) in font phvr8t!
Missing character: There is no 数 ("6570) in font phvr8t!
Missing character: There is no 可 ("53EF) in font phvr8t!
Missing character: There is no 将 ("5C06) in font phvr8t!
Missing character: There is no 以 ("4EE5) in font phvr8t!
Missing character: There is no 逗 ("9017) in font phvr8t!
Missing character: There is no 号 ("53F7) in font phvr8t!
Missing character: There is no 分 ("5206) in font phvr8t!
Missing character: There is no 隔 ("9694) in font phvr8t!
Missing character: There is no 的 ("7684) in font phvr8t!
Missing character: There is no 字 ("5B57) in font phvr8t!
Missing character: There is no 符 ("7B26) in font phvr8t!
Missing character: There is no 串 ("4E32) in font phvr8t!
Missing character: There is no 解 ("89E3) in font phvr8t!
Missing character: There is no 析 ("6790) in font phvr8t!
Missing character: There is no 为 ("4E3A) in font phvr8t!
Missing character: There is no 浮 ("6D6E) in font phvr8t!
Missing character: There is no 点 ("70B9) in font phvr8t!
Missing character: There is no 数 ("6570) in font phvr8t!
Missing character: There is no 向 ("5411) in font phvr8t!
Missing character: There is no 量 ("91CF) in font phvr8t!
Missing character: There is no ， ("FF0C) in font phvr8t!
Missing character: There is no 以 ("4EE5) in font phvr8t!
Missing character: There is no 便 ("4FBF) in font phvr8t!
Missing character: There is no 于 ("4E8E) in font phvr8t!
Missing character: There is no 读 ("8BFB) in font phvr8t!
Missing character: There is no 取 ("53D6) in font phvr8t!
Missing character: There is no 。 ("3002) in font phvr8t!
Missing character: There is no 为 ("4E3A) in font phvr8t!
Missing character: There is no 对 ("5BF9) in font phvr8t!
Missing character: There is no 象 ("8C61) in font phvr8t!
Missing character: There is no 添 ("6DFB) in font phvr8t!
Missing character: There is no 加 ("52A0) in font phvr8t!
Missing character: There is no 了 ("4E86) in font phvr8t!
Missing character: There is no 私 ("79C1) in font phvr8t!
Missing character: There is no 有 ("6709) in font phvr8t!
Missing character: There is no 属 ("5C5E) in font phvr8t!
Missing character: There is no 性 ("6027) in font phvr8t!
Missing character: There is no ， ("FF0C) in font phvr8t!
Missing character: There is no 用 ("7528) in font phvr8t!
Missing character: There is no 于 ("4E8E) in font phvr8t!
Missing character: There is no 存 ("5B58) in font phvr8t!
Missing character: There is no 储 ("50A8) in font phvr8t!
Missing character: There is no 库 ("5E93) in font phvr8t!
Missing character: There is no 的 ("7684) in font phvr8t!
Missing character: There is no 对 ("5BF9) in font phvr8t!
Missing character: There is no 象 ("8C61) in font phvr8t!
Missing character: There is no 。 ("3002) in font phvr8t!
Missing character: There is no 封 ("5C01) in font phvr8t!
Missing character: There is no 装 ("88C5) in font phvr8t!
Missing character: There is no 了 ("4E86) in font phvr8t!
Missing character: There is no 用 ("7528) in font phvr8t!
Missing character: There is no 于 ("4E8E) in font phvr8t!
Missing character: There is no 迭 ("8FED) in font phvr8t!
Missing character: There is no 代 ("4EE3) in font phvr8t!
Missing character: There is no 复 ("590D) in font phvr8t!
Missing character: There is no 杂 ("6742) in font phvr8t!
Missing character: There is no 属 ("5C5E) in font phvr8t!
Missing character: There is no 性 ("6027) in font phvr8t!
Missing character: There is no 值 ("503C) in font phvr8t!
Missing character: There is no 的 ("7684) in font phvr8t!
Missing character: There is no 类 ("7C7B) in font phvr8t!
Missing character: There is no 。 ("3002) in font phvr8t!
Missing character: There is no 修 ("4FEE) in font phvr8t!
Missing character: There is no 改 ("6539) in font phvr8t!
Missing character: There is no 了 ("4E86) in font phvr8t!
Missing character: There is no 函 ("51FD) in font phvr8t!
Missing character: There is no 数 ("6570) in font phvr8t!
Missing character: There is no 的 ("7684) in font phvr8t!
Missing character: There is no 返 ("8FD4) in font phvr8t!
Missing character: There is no 回 ("56DE) in font phvr8t!
Missing character: There is no 值 ("503C) in font phvr8t!
Missing character: There is no 类 ("7C7B) in font phvr8t!
Missing character: There is no 型 ("578B) in font phvr8t!
Missing character: There is no ， ("FF0C) in font phvr8t!
Missing character: There is no 由 ("7531) in font phvr8t!
Missing character: There is no 原 ("539F) in font phvr8t!
Missing character: There is no 类 ("7C7B) in font phvr8t!
Missing character: There is no 型 ("578B) in font phvr8t!
Missing character: There is no 变 ("53D8) in font phvr8t!
Missing character: There is no 更 ("66F4) in font phvr8t!
Missing character: There is no 为 ("4E3A) in font phvr8t!
Missing character: There is no 类 ("7C7B) in font phvr8t!
Missing character: There is no 型 ("578B) in font phvr8t!
Missing character: There is no 。 ("3002) in font phvr8t!
Missing character: There is no 重 ("91CD) in font phvr8t!
Missing character: There is no 写 ("5199) in font phvr8t!
Missing character: There is no 了 ("4E86) in font phvr8t!
Missing character: There is no 函 ("51FD) in font phvr8t!
Missing character: There is no 数 ("6570) in font phvr8t!
Missing character: There is no ， ("FF0C) in font phvr8t!
Missing character: There is no 使 ("4F7F) in font phvr8t!
Missing character: There is no 其 ("5176) in font phvr8t!
Missing character: There is no 直 ("76F4) in font phvr8t!
Missing character: There is no 接 ("63A5) in font phvr8t!
Missing character: There is no 返 ("8FD4) in font phvr8t!
Missing character: There is no 回 ("56DE) in font phvr8t!
Missing character: There is no 类 ("7C7B) in font phvr8t!
Missing character: There is no 型 ("578B) in font phvr8t!
Missing character: There is no 的 ("7684) in font phvr8t!
Missing character: There is no 组 ("7EC4) in font phvr8t!
Missing character: There is no 名 ("540D) in font phvr8t!
Missing character: There is no 字 ("5B57) in font phvr8t!
Missing character: There is no 。 ("3002) in font phvr8t!
Missing character: There is no 重 ("91CD) in font phvr8t!
Missing character: There is no 构 ("6784) in font phvr8t!
Missing character: There is no 了 ("4E86) in font phvr8t!
Missing character: There is no 迭 ("8FED) in font phvr8t!
Missing character: There is no 代 ("4EE3) in font phvr8t!
Missing character: There is no 器 ("5668) in font phvr8t!
Missing character: There is no 使 ("4F7F) in font phvr8t!
Missing character: There is no 用 ("7528) in font phvr8t!
Missing character: There is no 代 ("4EE3) in font phvr8t!
Missing character: There is no 码 ("7801) in font phvr8t!
Missing character: There is no 。 ("3002) in font phvr8t!
Missing character: There is no 移 ("79FB) in font phvr8t!
Missing character: There is no 除 ("9664) in font phvr8t!
Missing character: There is no 了 ("4E86) in font phvr8t!
Missing character: There is no 中 ("4E2D) in font phvr8t!
Missing character: There is no 间 ("95F4) in font phvr8t!
Missing character: There is no 变 ("53D8) in font phvr8t!
Missing character: There is no 量 ("91CF) in font phvr8t!
Missing character: There is no 类 ("7C7B) in font phvr8t!
Missing character: There is no 似 ("4F3C) in font phvr8t!
Missing character: There is no 的 ("7684) in font phvr8t!
Missing character: There is no 声 ("58F0) in font phvr8t!
Missing character: There is no 明 ("660E) in font phvr8t!
Missing character: There is no 步 ("6B65) in font phvr8t!
Missing character: There is no 骤 ("9AA4) in font phvr8t!
Missing character: There is no 。 ("3002) in font phvr8t!
Missing character: There is no 直 ("76F4) in font phvr8t!
Missing character: There is no 接 ("63A5) in font phvr8t!
Missing character: There is no 使 ("4F7F) in font phvr8t!
Missing character: There is no 用 ("7528) in font phvr8t!
Missing character: There is no 的 ("7684) in font phvr8t!
Missing character: There is no 返 ("8FD4) in font phvr8t!
Missing character: There is no 回 ("56DE) in font phvr8t!
Missing character: There is no 值 ("503C) in font phvr8t!
Missing character: There is no 进 ("8FDB) in font phvr8t!
Missing character: There is no 行 ("884C) in font phvr8t!
Missing character: There is no 初 ("521D) in font phvr8t!
Missing character: There is no 始 ("59CB) in font phvr8t!
Missing character: There is no 化 ("5316) in font phvr8t!
Missing character: There is no ， ("FF0C) in font phvr8t!
Missing character: There is no 提 ("63D0) in font phvr8t!
Missing character: There is no 升 ("5347) in font phvr8t!
Missing character: There is no 了 ("4E86) in font phvr8t!
Missing character: There is no 代 ("4EE3) in font phvr8t!
Missing character: There is no 码 ("7801) in font phvr8t!
Missing character: There is no 的 ("7684) in font phvr8t!
Missing character: There is no 可 ("53EF) in font phvr8t!
Missing character: There is no 读 ("8BFB) in font phvr8t!
Missing character: There is no 性 ("6027) in font phvr8t!
Missing character: There is no 和 ("548C) in font phvr8t!
Missing character: There is no 简 ("7B80) in font phvr8t!
Missing character: There is no 洁 ("6D01) in font phvr8t!
Missing character: There is no 性 ("6027) in font phvr8t!
Missing character: There is no 。 ("3002) in font phvr8t!
Missing character: There is no 实 ("5B9E) in font phvr8t!
Missing character: There is no 现 ("73B0) in font phvr8t!
Missing character: There is no 函 ("51FD) in font phvr8t!
Missing character: There is no 数 ("6570) in font phvr8t!
Missing character: There is no ， ("FF0C) in font phvr8t!
Missing character: There is no 用 ("7528) in font phvr8t!
Missing character: There is no 于 ("4E8E) in font phvr8t!
Missing character: There is no 全 ("5168) in font phvr8t!
Missing character: There is no 面 ("9762) in font phvr8t!
Missing character: There is no 解 ("89E3) in font phvr8t!
Missing character: There is no 析 ("6790) in font phvr8t!
Missing character: There is no 时 ("65F6) in font phvr8t!
Missing character: There is no 序 ("5E8F) in font phvr8t!
Missing character: There is no 信 ("4FE1) in font phvr8t!
Missing character: There is no 息 ("606F) in font phvr8t!
Missing character: There is no 。 ("3002) in font phvr8t!
Missing character: There is no 简 ("7B80) in font phvr8t!
Missing character: There is no 化 ("5316) in font phvr8t!
Missing character: There is no 了 ("4E86) in font phvr8t!
Missing character: There is no 迭 ("8FED) in font phvr8t!
Missing character: There is no 代 ("4EE3) in font phvr8t!
Missing character: There is no 器 ("5668) in font phvr8t!
Missing character: There is no 在 ("5728) in font phvr8t!
Missing character: There is no 外 ("5916) in font phvr8t!
Missing character: There is no 部 ("90E8) in font phvr8t!
Missing character: There is no 的 ("7684) in font phvr8t!
Missing character: There is no 调 ("8C03) in font phvr8t!
Missing character: There is no 用 ("7528) in font phvr8t!
Missing character: There is no 流 ("6D41) in font phvr8t!
Missing character: There is no 程 ("7A0B) in font phvr8t!
Missing character: There is no ， ("FF0C) in font phvr8t!
Missing character: There is no 删 ("5220) in font phvr8t!
Missing character: There is no 除 ("9664) in font phvr8t!
Missing character: There is no 所 ("6240) in font phvr8t!
Missing character: There is no 有 ("6709) in font phvr8t!
Missing character: There is no 迭 ("8FED) in font phvr8t!
Missing character: There is no 代 ("4EE3) in font phvr8t!
Missing character: There is no 器 ("5668) in font phvr8t!
Missing character: There is no 的 ("7684) in font phvr8t!
Missing character: There is no 方 ("65B9) in font phvr8t!
Missing character: There is no 法 ("6CD5) in font phvr8t!
Missing character: There is no ， ("FF0C) in font phvr8t!
Missing character: There is no 改 ("6539) in font phvr8t!
Missing character: There is no 为 ("4E3A) in font phvr8t!
Missing character: There is no 在 ("5728) in font phvr8t!
Missing character: There is no 构 ("6784) in font phvr8t!
Missing character: There is no 造 ("9020) in font phvr8t!
Missing character: There is no 函 ("51FD) in font phvr8t!
Missing character: There is no 数 ("6570) in font phvr8t!
Missing character: There is no 内 ("5185) in font phvr8t!
Missing character: There is no 部 ("90E8) in font phvr8t!
Missing character: There is no 初 ("521D) in font phvr8t!
Missing character: There is no 始 ("59CB) in font phvr8t!
Missing character: There is no 化 ("5316) in font phvr8t!
Missing character: There is no 。 ("3002) in font phvr8t!


[2]
Missing character: There is no 新 ("65B0) in font phvr8t!
Missing character: There is no 建 ("5EFA) in font phvr8t!
Missing character: There is no 方 ("65B9) in font phvr8t!
Missing character: There is no 法 ("6CD5) in font phvr8t!
Missing character: There is no ， ("FF0C) in font phvr8t!
Missing character: There is no 准 ("51C6) in font phvr8t!
Missing character: There is no 备 ("5907) in font phvr8t!
Missing character: There is no 实 ("5B9E) in font phvr8t!
Missing character: There is no 现 ("73B0) in font phvr8t!
Missing character: There is no 库 ("5E93) in font phvr8t!
Missing character: There is no 文 ("6587) in font phvr8t!
Missing character: There is no 件 ("4EF6) in font phvr8t!
Missing character: There is no 输 ("8F93) in font phvr8t!
Missing character: There is no 出 ("51FA) in font phvr8t!
Missing character: There is no 引 ("5F15) in font phvr8t!
Missing character: There is no 脚 ("811A) in font phvr8t!
Missing character: There is no 的 ("7684) in font phvr8t!
Missing character: There is no 单 ("5355) in font phvr8t!
Missing character: There is no 调 ("8C03) in font phvr8t!
Missing character: There is no 递 ("9012) in font phvr8t!
Missing character: There is no 增 ("589E) in font phvr8t!
Missing character: There is no 性 ("6027) in font phvr8t!
Missing character: There is no 检 ("68C0) in font phvr8t!
Missing character: There is no 查 ("67E5) in font phvr8t!
Missing character: There is no 。 ("3002) in font phvr8t!
Missing character: There is no 修 ("4FEE) in font phvr8t!
Missing character: There is no 改 ("6539) in font phvr8t!
Missing character: There is no 了 ("4E86) in font phvr8t!
Missing character: There is no 函 ("51FD) in font phvr8t!
Missing character: There is no 数 ("6570) in font phvr8t!
Missing character: There is no ， ("FF0C) in font phvr8t!
Missing character: There is no 将 ("5C06) in font phvr8t!
Missing character: There is no 日 ("65E5) in font phvr8t!
Missing character: There is no 志 ("5FD7) in font phvr8t!
Missing character: There is no 文 ("6587) in font phvr8t!
Missing character: There is no 件 ("4EF6) in font phvr8t!
Missing character: There is no 名 ("540D) in font phvr8t!
Missing character: There is no 可 ("53EF) in font phvr8t!
Missing character: There is no 作 ("4F5C) in font phvr8t!
Missing character: There is no 为 ("4E3A) in font phvr8t!
Missing character: There is no 参 ("53C2) in font phvr8t!
Missing character: There is no 数 ("6570) in font phvr8t!
Missing character: There is no 传 ("4F20) in font phvr8t!
Missing character: There is no 入 ("5165) in font phvr8t!
Missing character: There is no ， ("FF0C) in font phvr8t!
Missing character: There is no 便 ("4FBF) in font phvr8t!
Missing character: There is no 于 ("4E8E) in font phvr8t!
Missing character: There is no 根 ("6839) in font phvr8t!
Missing character: There is no 据 ("636E) in font phvr8t!
Missing character: There is no 不 ("4E0D) in font phvr8t!
Missing character: There is no 同 ("540C) in font phvr8t!
Missing character: There is no 工 ("5DE5) in font phvr8t!
Missing character: There is no 作 ("4F5C) in font phvr8t!
Missing character: There is no 模 ("6A21) in font phvr8t!
Missing character: There is no 式 ("5F0F) in font phvr8t!
Missing character: There is no 切 ("5207) in font phvr8t!
Missing character: There is no 换 ("6362) in font phvr8t!
Missing character: There is no 日 ("65E5) in font phvr8t!
Missing character: There is no 志 ("5FD7) in font phvr8t!
Missing character: There is no 文 ("6587) in font phvr8t!
Missing character: There is no 件 ("4EF6) in font phvr8t!
Missing character: There is no 。 ("3002) in font phvr8t!
Missing character: There is no 修 ("4FEE) in font phvr8t!
Missing character: There is no 改 ("6539) in font phvr8t!
Missing character: There is no 了 ("4E86) in font phvr8t!
Missing character: There is no 情 ("60C5) in font phvr8t!
Missing character: There is no 况 ("51B5) in font phvr8t!
Missing character: There is no 下 ("4E0B) in font phvr8t!
Missing character: There is no 的 ("7684) in font phvr8t!
Missing character: There is no 逻 ("903B) in font phvr8t!
Missing character: There is no 辑 ("8F91) in font phvr8t!
Missing character: There is no ， ("FF0C) in font phvr8t!
Missing character: There is no 使 ("4F7F) in font phvr8t!
Missing character: There is no 用 ("7528) in font phvr8t!
Missing character: There is no 引 ("5F15) in font phvr8t!
Missing character: There is no 入 ("5165) in font phvr8t!
Missing character: There is no 的 ("7684) in font phvr8t!
Missing character: There is no 函 ("51FD) in font phvr8t!
Missing character: There is no 数 ("6570) in font phvr8t!
Missing character: There is no 检 ("68C0) in font phvr8t!
Missing character: There is no 查 ("67E5) in font phvr8t!
Missing character: There is no 同 ("540C) in font phvr8t!
Missing character: There is no 名 ("540D) in font phvr8t!
Missing character: There is no 文 ("6587) in font phvr8t!
Missing character: There is no 件 ("4EF6) in font phvr8t!
Missing character: There is no 是 ("662F) in font phvr8t!
Missing character: There is no 否 ("5426) in font phvr8t!
Missing character: There is no 存 ("5B58) in font phvr8t!
Missing character: There is no 在 ("5728) in font phvr8t!
Missing character: There is no ， ("FF0C) in font phvr8t!
Missing character: There is no 如 ("5982) in font phvr8t!
Missing character: There is no 果 ("679C) in font phvr8t!
Missing character: There is no 文 ("6587) in font phvr8t!
Missing character: There is no 件 ("4EF6) in font phvr8t!
Missing character: There is no 不 ("4E0D) in font phvr8t!
Missing character: There is no 存 ("5B58) in font phvr8t!
Missing character: There is no 在 ("5728) in font phvr8t!
Missing character: There is no ， ("FF0C) in font phvr8t!
Missing character: There is no 则 ("5219) in font phvr8t!
Missing character: There is no 先 ("5148) in font phvr8t!
Missing character: There is no 调 ("8C03) in font phvr8t!
Missing character: There is no 用 ("7528) in font phvr8t!
Missing character: There is no 库 ("5E93) in font phvr8t!
Missing character: There is no 文 ("6587) in font phvr8t!
Missing character: There is no 件 ("4EF6) in font phvr8t!
Missing character: There is no 解 ("89E3) in font phvr8t!
Missing character: There is no 析 ("6790) in font phvr8t!
Missing character: There is no 功 ("529F) in font phvr8t!
Missing character: There is no 能 ("80FD) in font phvr8t!
Missing character: There is no ， ("FF0C) in font phvr8t!
Missing character: There is no 生 ("751F) in font phvr8t!
Missing character: There is no 成 ("6210) in font phvr8t!
Missing character: There is no 文 ("6587) in font phvr8t!
Missing character: There is no 件 ("4EF6) in font phvr8t!
Missing character: There is no ， ("FF0C) in font phvr8t!
Missing character: There is no 然 ("7136) in font phvr8t!
Missing character: There is no 后 ("540E) in font phvr8t!
Missing character: There is no 再 ("518D) in font phvr8t!
Missing character: There is no 执 ("6267) in font phvr8t!
Missing character: There is no 行 ("884C) in font phvr8t!
Missing character: There is no 单 ("5355) in font phvr8t!
Missing character: There is no 调 ("8C03) in font phvr8t!
Missing character: There is no 性 ("6027) in font phvr8t!
Missing character: There is no 检 ("68C0) in font phvr8t!
Missing character: There is no 查 ("67E5) in font phvr8t!
Missing character: There is no 。 ("3002) in font phvr8t!
Missing character: There is no 实 ("5B9E) in font phvr8t!
Missing character: There is no 现 ("73B0) in font phvr8t!
Missing character: There is no 了 ("4E86) in font phvr8t!
Missing character: There is no 方 ("65B9) in font phvr8t!
Missing character: There is no 法 ("6CD5) in font phvr8t!
Missing character: There is no ， ("FF0C) in font phvr8t!
Missing character: There is no 检 ("68C0) in font phvr8t!
Missing character: There is no 查 ("67E5) in font phvr8t!
Missing character: There is no 、 ("3001) in font phvr8t!
Missing character: There is no 、 ("3001) in font phvr8t!
Missing character: There is no 、 ("3001) in font phvr8t!
Missing character: There is no 这 ("8FD9) in font phvr8t!
Missing character: There is no 四 ("56DB) in font phvr8t!
Missing character: There is no 种 ("79CD) in font phvr8t!
Missing character: There is no 信 ("4FE1) in font phvr8t!
Missing character: There is no 息 ("606F) in font phvr8t!
Missing character: There is no ， ("FF0C) in font phvr8t!
Missing character: There is no 针 ("9488) in font phvr8t!
Missing character: There is no 对 ("5BF9) in font phvr8t!
Missing character: There is no 其 ("5176) in font phvr8t!
Missing character: There is no 数 ("6570) in font phvr8t!
Missing character: There is no 据 ("636E) in font phvr8t!
Missing character: There is no 结 ("7ED3) in font phvr8t!
Missing character: There is no 构 ("6784) in font phvr8t!
Missing character: There is no ， ("FF0C) in font phvr8t!
Missing character: There is no 检 ("68C0) in font phvr8t!
Missing character: There is no 查 ("67E5) in font phvr8t!
Missing character: There is no 其 ("5176) in font phvr8t!
Missing character: There is no 值 ("503C) in font phvr8t!
Missing character: There is no 在 ("5728) in font phvr8t!
Missing character: There is no 表 ("8868) in font phvr8t!
Missing character: There is no 格 ("683C) in font phvr8t!
Missing character: There is no 的 ("7684) in font phvr8t!
Missing character: There is no 每 ("6BCF) in font phvr8t!
Missing character: There is no 一 ("4E00) in font phvr8t!
Missing character: There is no 行 ("884C) in font phvr8t!
Missing character: There is no 是 ("662F) in font phvr8t!
Missing character: There is no 否 ("5426) in font phvr8t!
Missing character: There is no 保 ("4FDD) in font phvr8t!
Missing character: There is no 持 ("6301) in font phvr8t!
Missing character: There is no 单 ("5355) in font phvr8t!
Missing character: There is no 调 ("8C03) in font phvr8t!
Missing character: There is no 递 ("9012) in font phvr8t!
Missing character: There is no 增 ("589E) in font phvr8t!
Missing character: There is no 。 ("3002) in font phvr8t!
Missing character: There is no 方 ("65B9) in font phvr8t!
Missing character: There is no 法 ("6CD5) in font phvr8t!
Missing character: There is no 增 ("589E) in font phvr8t!
Missing character: There is no 加 ("52A0) in font phvr8t!
Missing character: There is no 结 ("7ED3) in font phvr8t!
Missing character: There is no 果 ("679C) in font phvr8t!
Missing character: There is no 统 ("7EDF) in font phvr8t!
Missing character: There is no 计 ("8BA1) in font phvr8t!
Missing character: There is no 功 ("529F) in font phvr8t!
Missing character: There is no 能 ("80FD) in font phvr8t!
Missing character: There is no ， ("FF0C) in font phvr8t!
Missing character: There is no 在 ("5728) in font phvr8t!
Missing character: There is no 程 ("7A0B) in font phvr8t!
Missing character: There is no 序 ("5E8F) in font phvr8t!
Missing character: There is no 运 ("8FD0) in font phvr8t!
Missing character: There is no 行 ("884C) in font phvr8t!
Missing character: There is no 的 ("7684) in font phvr8t!
Missing character: There is no 最 ("6700) in font phvr8t!
Missing character: There is no 后 ("540E) in font phvr8t!
Missing character: There is no 输 ("8F93) in font phvr8t!
Missing character: There is no 出 ("51FA) in font phvr8t!
Missing character: There is no 单 ("5355) in font phvr8t!
Missing character: There is no 调 ("8C03) in font phvr8t!
Missing character: There is no 性 ("6027) in font phvr8t!
Missing character: There is no 检 ("68C0) in font phvr8t!
Missing character: There is no 查 ("67E5) in font phvr8t!
Missing character: There is no 中 ("4E2D) in font phvr8t!
Missing character: There is no 通 ("901A) in font phvr8t!
Missing character: There is no 过 ("8FC7) in font phvr8t!
Missing character: There is no 和 ("548C) in font phvr8t!
Missing character: There is no 失 ("5931) in font phvr8t!
Missing character: There is no 败 ("8D25) in font phvr8t!
Missing character: There is no 的 ("7684) in font phvr8t!
Missing character: There is no 数 ("6570) in font phvr8t!
Missing character: There is no 量 ("91CF) in font phvr8t!
Missing character: There is no ， ("FF0C) in font phvr8t!
Missing character: There is no 输 ("8F93) in font phvr8t!
Missing character: There is no 出 ("51FA) in font phvr8t!
Missing character: There is no 格 ("683C) in font phvr8t!
Missing character: There is no 式 ("5F0F) in font phvr8t!
Missing character: There is no 参 ("53C2) in font phvr8t!
Missing character: There is no 考 ("8003) in font phvr8t!
Missing character: There is no 工 ("5DE5) in font phvr8t!
Missing character: There is no 具 ("5177) in font phvr8t!
Missing character: There is no 的 ("7684) in font phvr8t!
Missing character: There is no 风 ("98CE) in font phvr8t!
Missing character: There is no 格 ("683C) in font phvr8t!
Missing character: There is no 。 ("3002) in font phvr8t!
Missing character: There is no 以 ("4EE5) in font phvr8t!
Missing character: There is no 为 ("4E3A) in font phvr8t!
Missing character: There is no 例 ("4F8B) in font phvr8t!
Missing character: There is no ， ("FF0C) in font phvr8t!
Missing character: There is no 与 ("4E0E) in font phvr8t!
Missing character: There is no 工 ("5DE5) in font phvr8t!
Missing character: There is no 具 ("5177) in font phvr8t!
Missing character: There is no 对 ("5BF9) in font phvr8t!
Missing character: There is no 比 ("6BD4) in font phvr8t!
Missing character: There is no 测 ("6D4B) in font phvr8t!
Missing character: There is no 试 ("8BD5) in font phvr8t!
Missing character: There is no ， ("FF0C) in font phvr8t!
Missing character: There is no 结 ("7ED3) in font phvr8t!
Missing character: There is no 果 ("679C) in font phvr8t!
Missing character: There is no 均 ("5747) in font phvr8t!
Missing character: There is no 为 ("4E3A) in font phvr8t!
Missing character: There is no 。 ("3002) in font phvr8t!
Missing character: There is no 对 ("5BF9) in font phvr8t!
Missing character: There is no 于 ("4E8E) in font phvr8t!
Missing character: There is no 非 ("975E) in font phvr8t!
Missing character: There is no 单 ("5355) in font phvr8t!
Missing character: There is no 调 ("8C03) in font phvr8t!
Missing character: There is no 信 ("4FE1) in font phvr8t!
Missing character: There is no 息 ("606F) in font phvr8t!
Missing character: There is no 警 ("8B66) in font phvr8t!
Missing character: There is no 告 ("544A) in font phvr8t!
Missing character: There is no ， ("FF0C) in font phvr8t!
Missing character: There is no 增 ("589E) in font phvr8t!
Missing character: There is no 加 ("52A0) in font phvr8t!
Missing character: There is no 输 ("8F93) in font phvr8t!
Missing character: There is no 出 ("51FA) in font phvr8t!
Missing character: There is no 信 ("4FE1) in font phvr8t!
Missing character: There is no 息 ("606F) in font phvr8t!
Missing character: There is no ， ("FF0C) in font phvr8t!
Missing character: There is no 方 ("65B9) in font phvr8t!
Missing character: There is no 便 ("4FBF) in font phvr8t!
Missing character: There is no 用 ("7528) in font phvr8t!
Missing character: There is no 户 ("6237) in font phvr8t!
Missing character: There is no 查 ("67E5) in font phvr8t!
Missing character: There is no 看 ("770B) in font phvr8t!
Missing character: There is no 具 ("5177) in font phvr8t!
Missing character: There is no 体 ("4F53) in font phvr8t!
Missing character: There is no 位 ("4F4D) in font phvr8t!
Missing character: There is no 置 ("7F6E) in font phvr8t!
Missing character: There is no 。 ("3002) in font phvr8t!
Missing character: There is no 重 ("91CD) in font phvr8t!
Missing character: There is no 构 ("6784) in font phvr8t!
Missing character: There is no 命 ("547D) in font phvr8t!
Missing character: There is no 令 ("4EE4) in font phvr8t!
Missing character: There is no 行 ("884C) in font phvr8t!
Missing character: There is no 参 ("53C2) in font phvr8t!
Missing character: There is no 数 ("6570) in font phvr8t!
Missing character: There is no 解 ("89E3) in font phvr8t!
Missing character: There is no 析 ("6790) in font phvr8t!
Missing character: There is no ， ("FF0C) in font phvr8t!
Missing character: There is no 使 ("4F7F) in font phvr8t!
Missing character: There is no 用 ("7528) in font phvr8t!
Missing character: There is no 库 ("5E93) in font phvr8t!
Missing character: There is no 的 ("7684) in font phvr8t!
Missing character: There is no 子 ("5B50) in font phvr8t!
Missing character: There is no 命 ("547D) in font phvr8t!
Missing character: There is no 令 ("4EE4) in font phvr8t!
Missing character: There is no ， ("FF0C) in font phvr8t!
Missing character: There is no 在 ("5728) in font phvr8t!
Missing character: There is no 每 ("6BCF) in font phvr8t!
Missing character: There is no 个 ("4E2A) in font phvr8t!
Missing character: There is no 回 ("56DE) in font phvr8t!
Missing character: There is no 调 ("8C03) in font phvr8t!
Missing character: There is no 函 ("51FD) in font phvr8t!
Missing character: There is no 数 ("6570) in font phvr8t!
Missing character: There is no 中 ("4E2D) in font phvr8t!
Missing character: There is no 实 ("5B9E) in font phvr8t!
Missing character: There is no 现 ("73B0) in font phvr8t!
Missing character: There is no 、 ("3001) in font phvr8t!
Missing character: There is no 功 ("529F) in font phvr8t!
Missing character: There is no 能 ("80FD) in font phvr8t!
Missing character: There is no 。 ("3002) in font phvr8t!
Missing character: There is no 子 ("5B50) in font phvr8t!
Missing character: There is no 命 ("547D) in font phvr8t!
Missing character: There is no 令 ("4EE4) in font phvr8t!
Missing character: There is no 可 ("53EF) in font phvr8t!
Missing character: There is no 自 ("81EA) in font phvr8t!
Missing character: There is no 定 ("5B9A) in font phvr8t!
Missing character: There is no 义 ("4E49) in font phvr8t!
Missing character: There is no 输 ("8F93) in font phvr8t!
Missing character: There is no 出 ("51FA) in font phvr8t!
Missing character: There is no 文 ("6587) in font phvr8t!
Missing character: There is no 件 ("4EF6) in font phvr8t!
Missing character: There is no 名 ("540D) in font phvr8t!
Missing character: There is no 、 ("3001) in font phvr8t!
Missing character: There is no 日 ("65E5) in font phvr8t!
Missing character: There is no 志 ("5FD7) in font phvr8t!
Missing character: There is no 文 ("6587) in font phvr8t!
Missing character: There is no 件 ("4EF6) in font phvr8t!
Missing character: There is no 名 ("540D) in font phvr8t!
Missing character: There is no ， ("FF0C) in font phvr8t!
Missing character: There is no 并 ("5E76) in font phvr8t!
Missing character: There is no 设 ("8BBE) in font phvr8t!
Missing character: There is no 置 ("7F6E) in font phvr8t!
Missing character: There is no 了 ("4E86) in font phvr8t!
Missing character: There is no 相 ("76F8) in font phvr8t!
Missing character: There is no 应 ("5E94) in font phvr8t!
Missing character: There is no 的 ("7684) in font phvr8t!
Missing character: There is no 默 ("9ED8) in font phvr8t!
Missing character: There is no 认 ("8BA4) in font phvr8t!
Missing character: There is no 值 ("503C) in font phvr8t!
Missing character: There is no 。 ("3002) in font phvr8t!
Missing character: There is no 改 ("6539) in font phvr8t!
Missing character: There is no 为 ("4E3A) in font phvr8t!
Missing character: There is no 在 ("5728) in font phvr8t!
Missing character: There is no 初 ("521D) in font phvr8t!
Missing character: There is no 始 ("59CB) in font phvr8t!
Missing character: There is no 化 ("5316) in font phvr8t!
Missing character: There is no 时 ("65F6) in font phvr8t!
Missing character: There is no 打 ("6253) in font phvr8t!
Missing character: There is no 印 ("5370) in font phvr8t!
Missing character: There is no 版 ("7248) in font phvr8t!
Missing character: There is no 本 ("672C) in font phvr8t!
Missing character: There is no 信 ("4FE1) in font phvr8t!
Missing character: There is no 息 ("606F) in font phvr8t!
Missing character: There is no ， ("FF0C) in font phvr8t!
Missing character: There is no 避 ("907F) in font phvr8t!
Missing character: There is no 免 ("514D) in font phvr8t!
Missing character: There is no 在 ("5728) in font phvr8t!
Missing character: There is no ， ("FF0C) in font phvr8t!
Missing character: There is no 时 ("65F6) in font phvr8t!
Missing character: There is no 多 ("591A) in font phvr8t!
Missing character: There is no 余 ("4F59) in font phvr8t!
Missing character: There is no 打 ("6253) in font phvr8t!
Missing character: There is no 印 ("5370) in font phvr8t!
Missing character: There is no 。 ("3002) in font phvr8t!
Missing character: There is no 方 ("65B9) in font phvr8t!
Missing character: There is no 法 ("6CD5) in font phvr8t!
Missing character: There is no 增 ("589E) in font phvr8t!
Missing character: There is no 加 ("52A0) in font phvr8t!
Missing character: There is no 对 ("5BF9) in font phvr8t!
Missing character: There is no 的 ("7684) in font phvr8t!
Missing character: There is no 单 ("5355) in font phvr8t!
Missing character: There is no 调 ("8C03) in font phvr8t!
Missing character: There is no 性 ("6027) in font phvr8t!
Missing character: There is no 检 ("68C0) in font phvr8t!
Missing character: There is no 查 ("67E5) in font phvr8t!
Missing character: There is no ， ("FF0C) in font phvr8t!
Missing character: There is no 如 ("5982) in font phvr8t!
Missing character: There is no 果 ("679C) in font phvr8t!
Missing character: There is no 在 ("5728) in font phvr8t!
Missing character: There is no 输 ("8F93) in font phvr8t!
Missing character: There is no 入 ("5165) in font phvr8t!
Missing character: There is no 时 ("65F6) in font phvr8t!
Missing character: There is no 有 ("6709) in font phvr8t!
Missing character: There is no 指 ("6307) in font phvr8t!
Missing character: There is no 定 ("5B9A) in font phvr8t!
Missing character: There is no ， ("FF0C) in font phvr8t!
Missing character: There is no 就 ("5C31) in font phvr8t!
Missing character: There is no 检 ("68C0) in font phvr8t!
Missing character: There is no 查 ("67E5) in font phvr8t!
Missing character: There is no 矩 ("77E9) in font phvr8t!
Missing character: There is no 阵 ("9635) in font phvr8t!
Missing character: There is no 的 ("7684) in font phvr8t!
Missing character: There is no 每 ("6BCF) in font phvr8t!
Missing character: There is no 一 ("4E00) in font phvr8t!
Missing character: There is no 列 ("5217) in font phvr8t!
Missing character: There is no 是 ("662F) in font phvr8t!
Missing character: There is no 否 ("5426) in font phvr8t!
Missing character: There is no 单 ("5355) in font phvr8t!
Missing character: There is no 调 ("8C03) in font phvr8t!
Missing character: There is no 。 ("3002) in font phvr8t!
Missing character: There is no 经 ("7ECF) in font phvr8t!
Missing character: There is no 过 ("8FC7) in font phvr8t!
Missing character: There is no 测 ("6D4B) in font phvr8t!
Missing character: There is no 试 ("8BD5) in font phvr8t!
Missing character: There is no ， ("FF0C) in font phvr8t!
Missing character: There is no 输 ("8F93) in font phvr8t!
Missing character: There is no 出 ("51FA) in font phvr8t!
Missing character: There is no 与 ("4E0E) in font phvr8t!
Missing character: There is no 工 ("5DE5) in font phvr8t!
Missing character: There is no 具 ("5177) in font phvr8t!
Missing character: There is no 一 ("4E00) in font phvr8t!
Missing character: There is no 致 ("81F4) in font phvr8t!
Missing character: There is no 。 ("3002) in font phvr8t!
Missing character: There is no 多 ("591A) in font phvr8t!
Missing character: There is no 线 ("7EBF) in font phvr8t!
Missing character: There is no 程 ("7A0B) in font phvr8t!
Missing character: There is no 并 ("5E76) in font phvr8t!
Missing character: There is no 行 ("884C) in font phvr8t!
Missing character: There is no 尝 ("5C1D) in font phvr8t!
Missing character: There is no 试 ("8BD5) in font phvr8t!
Missing character: There is no ， ("FF0C) in font phvr8t!
Missing character: There is no 采 ("91C7) in font phvr8t!
Missing character: There is no 用 ("7528) in font phvr8t!
Missing character: There is no 调 ("8C03) in font phvr8t!
Missing character: There is no 试 ("8BD5) in font phvr8t!
Missing character: There is no ： ("FF1A) in font phvr8t!
Missing character: There is no 库 ("5E93) in font phvr8t!
Missing character: There is no 在 ("5728) in font phvr8t!
Missing character: There is no 解 ("89E3) in font phvr8t!
Missing character: There is no 析 ("6790) in font phvr8t!
Missing character: There is no 文 ("6587) in font phvr8t!
Missing character: There is no 件 ("4EF6) in font phvr8t!
Missing character: There is no 时 ("65F6) in font phvr8t!
Missing character: There is no ， ("FF0C) in font phvr8t!
Missing character: There is no 可 ("53EF) in font phvr8t!
Missing character: There is no 能 ("80FD) in font phvr8t!
Missing character: There is no 使 ("4F7F) in font phvr8t!
Missing character: There is no 用 ("7528) in font phvr8t!
Missing character: There is no 了 ("4E86) in font phvr8t!
Missing character: There is no 共 ("5171) in font phvr8t!
Missing character: There is no 享 ("4EAB) in font phvr8t!
Missing character: There is no 的 ("7684) in font phvr8t!
Missing character: There is no 数 ("6570) in font phvr8t!
Missing character: There is no 据 ("636E) in font phvr8t!
Missing character: There is no 结 ("7ED3) in font phvr8t!
Missing character: There is no 构 ("6784) in font phvr8t!
Missing character: There is no （ ("FF08) in font phvr8t!
Missing character: There is no 例 ("4F8B) in font phvr8t!
Missing character: There is no 如 ("5982) in font phvr8t!
Missing character: There is no 哈 ("54C8) in font phvr8t!
Missing character: There is no 希 ("5E0C) in font phvr8t!
Missing character: There is no 表 ("8868) in font phvr8t!
Missing character: There is no 、 ("3001) in font phvr8t!
Missing character: There is no 字 ("5B57) in font phvr8t!
Missing character: There is no 符 ("7B26) in font phvr8t!
Missing character: There is no 串 ("4E32) in font phvr8t!
Missing character: There is no 表 ("8868) in font phvr8t!
Missing character: There is no ） ("FF09) in font phvr8t!
Missing character: There is no 来 ("6765) in font phvr8t!
Missing character: There is no 存 ("5B58) in font phvr8t!
Missing character: There is no 储 ("50A8) in font phvr8t!
Missing character: There is no 解 ("89E3) in font phvr8t!
Missing character: There is no 析 ("6790) in font phvr8t!
Missing character: There is no 结 ("7ED3) in font phvr8t!
Missing character: There is no 果 ("679C) in font phvr8t!
Missing character: There is no 或 ("6216) in font phvr8t!
Missing character: There is no 中 ("4E2D) in font phvr8t!
Missing character: There is no 间 ("95F4) in font phvr8t!
Missing character: There is no 数 ("6570) in font phvr8t!
Missing character: There is no 据 ("636E) in font phvr8t!
Missing character: There is no 。 ("3002) in font phvr8t!
Missing character: There is no 在 ("5728) in font phvr8t!
Missing character: There is no 多 ("591A) in font phvr8t!
Missing character: There is no 线 ("7EBF) in font phvr8t!
Missing character: There is no 程 ("7A0B) in font phvr8t!
Missing character: There is no 并 ("5E76) in font phvr8t!
Missing character: There is no 行 ("884C) in font phvr8t!
Missing character: There is no 解 ("89E3) in font phvr8t!
Missing character: There is no 析 ("6790) in font phvr8t!
Missing character: There is no 多 ("591A) in font phvr8t!
Missing character: There is no 个 ("4E2A) in font phvr8t!
Missing character: There is no 文 ("6587) in font phvr8t!
Missing character: There is no 件 ("4EF6) in font phvr8t!
Missing character: There is no 时 ("65F6) in font phvr8t!
Missing character: There is no ， ("FF0C) in font phvr8t!
Missing character: There is no 不 ("4E0D) in font phvr8t!
Missing character: There is no 同 ("540C) in font phvr8t!
Missing character: There is no 的 ("7684) in font phvr8t!
Missing character: There is no 线 ("7EBF) in font phvr8t!
Missing character: There is no 程 ("7A0B) in font phvr8t!
Missing character: There is no 同 ("540C) in font phvr8t!
Missing character: There is no 时 ("65F6) in font phvr8t!
Missing character: There is no 调 ("8C03) in font phvr8t!
Missing character: There is no 用 ("7528) in font phvr8t!
Missing character: There is no 库 ("5E93) in font phvr8t!
Missing character: There is no 的 ("7684) in font phvr8t!
Missing character: There is no 函 ("51FD) in font phvr8t!
Missing character: There is no 数 ("6570) in font phvr8t!
Missing character: There is no ， ("FF0C) in font phvr8t!
Missing character: There is no 并 ("5E76) in font phvr8t!
Missing character: There is no 发 ("53D1) in font phvr8t!
Missing character: There is no 地 ("5730) in font phvr8t!
Missing character: There is no 访 ("8BBF) in font phvr8t!
Missing character: There is no 问 ("95EE) in font phvr8t!
Missing character: There is no 和 ("548C) in font phvr8t!
Missing character: There is no 操 ("64CD) in font phvr8t!
Missing character: There is no 作 ("4F5C) in font phvr8t!
Missing character: There is no 这 ("8FD9) in font phvr8t!
Missing character: There is no 些 ("4E9B) in font phvr8t!
Missing character: There is no 共 ("5171) in font phvr8t!
Missing character: There is no 享 ("4EAB) in font phvr8t!
Missing character: There is no 数 ("6570) in font phvr8t!
Missing character: There is no 据 ("636E) in font phvr8t!
Missing character: There is no 结 ("7ED3) in font phvr8t!
Missing character: There is no 构 ("6784) in font phvr8t!
Missing character: There is no 。 ("3002) in font phvr8t!
Missing character: There is no 库 ("5E93) in font phvr8t!
Missing character: There is no 可 ("53EF) in font phvr8t!
Missing character: There is no 能 ("80FD) in font phvr8t!
Missing character: There is no 没 ("6CA1) in font phvr8t!
Missing character: There is no 有 ("6709) in font phvr8t!
Missing character: There is no 采 ("91C7) in font phvr8t!
Missing character: There is no 取 ("53D6) in font phvr8t!
Missing character: There is no 足 ("8DB3) in font phvr8t!
Missing character: There is no 够 ("591F) in font phvr8t!
Missing character: There is no 的 ("7684) in font phvr8t!
Missing character: There is no 线 ("7EBF) in font phvr8t!
Missing character: There is no 程 ("7A0B) in font phvr8t!
Missing character: There is no 同 ("540C) in font phvr8t!
Missing character: There is no 步 ("6B65) in font phvr8t!
Missing character: There is no 措 ("63AA) in font phvr8t!
Missing character: There is no 施 ("65BD) in font phvr8t!
Missing character: There is no 来 ("6765) in font phvr8t!
Missing character: There is no 保 ("4FDD) in font phvr8t!
Missing character: There is no 护 ("62A4) in font phvr8t!
Missing character: There is no 这 ("8FD9) in font phvr8t!
Missing character: There is no 些 ("4E9B) in font phvr8t!
Missing character: There is no 共 ("5171) in font phvr8t!
Missing character: There is no 享 ("4EAB) in font phvr8t!
Missing character: There is no 数 ("6570) in font phvr8t!
Missing character: There is no 据 ("636E) in font phvr8t!
Missing character: There is no 结 ("7ED3) in font phvr8t!
Missing character: There is no 构 ("6784) in font phvr8t!
Missing character: There is no ， ("FF0C) in font phvr8t!
Missing character: There is no 导 ("5BFC) in font phvr8t!
Missing character: There is no 致 ("81F4) in font phvr8t!
Missing character: There is no 了 ("4E86) in font phvr8t!
Missing character: There is no 数 ("6570) in font phvr8t!
Missing character: There is no 据 ("636E) in font phvr8t!
Missing character: There is no 竞 ("7ADE) in font phvr8t!
Missing character: There is no 争 ("4E89) in font phvr8t!
Missing character: There is no 。 ("3002) in font phvr8t!
Missing character: There is no 数 ("6570) in font phvr8t!
Missing character: There is no 据 ("636E) in font phvr8t!
Missing character: There is no 竞 ("7ADE) in font phvr8t!
Missing character: There is no 争 ("4E89) in font phvr8t!
Missing character: There is no 最 ("6700) in font phvr8t!
Missing character: There is no 终 ("7EC8) in font phvr8t!
Missing character: There is no 导 ("5BFC) in font phvr8t!
Missing character: There is no 致 ("81F4) in font phvr8t!
Missing character: There is no 了 ("4E86) in font phvr8t!
Missing character: There is no 内 ("5185) in font phvr8t!
Missing character: There is no 存 ("5B58) in font phvr8t!
Missing character: There is no 损 ("635F) in font phvr8t!
Missing character: There is no 坏 ("574F) in font phvr8t!
Missing character: There is no ， ("FF0C) in font phvr8t!
Missing character: There is no 使 ("4F7F) in font phvr8t!
Missing character: There is no 得 ("5F97) in font phvr8t!
Missing character: There is no 函 ("51FD) in font phvr8t!
Missing character: There is no 数 ("6570) in font phvr8t!
Missing character: There is no 在 ("5728) in font phvr8t!
Missing character: There is no 后 ("540E) in font phvr8t!
Missing character: There is no 续 ("7EED) in font phvr8t!
Missing character: There is no 操 ("64CD) in font phvr8t!
Missing character: There is no 作 ("4F5C) in font phvr8t!
Missing character: There is no 中 ("4E2D) in font phvr8t!
Missing character: There is no 访 ("8BBF) in font phvr8t!
Missing character: There is no 问 ("95EE) in font phvr8t!
Missing character: There is no 了 ("4E86) in font phvr8t!
Missing character: There is no 无 ("65E0) in font phvr8t!
Missing character: There is no 效 ("6548) in font phvr8t!
Missing character: There is no 内 ("5185) in font phvr8t!
Missing character: There is no 存 ("5B58) in font phvr8t!
Missing character: There is no ， ("FF0C) in font phvr8t!
Missing character: There is no 触 ("89E6) in font phvr8t!
Missing character: There is no 发 ("53D1) in font phvr8t!
Missing character: There is no 了 ("4E86) in font phvr8t!
Missing character: There is no 段 ("6BB5) in font phvr8t!
Missing character: There is no 错 ("9519) in font phvr8t!
Missing character: There is no 误 ("8BEF) in font phvr8t!
Missing character: There is no 。 ("3002) in font phvr8t!
Missing character: There is no 修 ("4FEE) in font phvr8t!
Missing character: There is no 改 ("6539) in font phvr8t!
Missing character: There is no 的 ("7684) in font phvr8t!
Missing character: There is no 构 ("6784) in font phvr8t!
Missing character: There is no 造 ("9020) in font phvr8t!
Missing character: There is no 函 ("51FD) in font phvr8t!
Missing character: There is no 数 ("6570) in font phvr8t!
Missing character: There is no 与 ("4E0E) in font phvr8t!
Missing character: There is no 析 ("6790) in font phvr8t!
Missing character: There is no 构 ("6784) in font phvr8t!
Missing character: There is no 函 ("51FD) in font phvr8t!
Missing character: There is no 数 ("6570) in font phvr8t!
Missing character: There is no ， ("FF0C) in font phvr8t!
Missing character: There is no 方 ("65B9) in font phvr8t!
Missing character: There is no 法 ("6CD5) in font phvr8t!
Missing character: There is no 改 ("6539) in font phvr8t!
Missing character: There is no 为 ("4E3A) in font phvr8t!
Missing character: There is no 私 ("79C1) in font phvr8t!
Missing character: There is no 有 ("6709) in font phvr8t!
Missing character: There is no ， ("FF0C) in font phvr8t!
Missing character: There is no 移 ("79FB) in font phvr8t!
Missing character: There is no 入 ("5165) in font phvr8t!
Missing character: There is no 方 ("65B9) in font phvr8t!
Missing character: There is no 法 ("6CD5) in font phvr8t!
Missing character: There is no 。 ("3002) in font phvr8t!
Missing character: There is no 将 ("5C06) in font phvr8t!
Missing character: There is no 初 ("521D) in font phvr8t!
Missing character: There is no 始 ("59CB) in font phvr8t!
Missing character: There is no 化 ("5316) in font phvr8t!
Missing character: There is no 与 ("4E0E) in font phvr8t!
Missing character: There is no 销 ("9500) in font phvr8t!
Missing character: There is no 毁 ("6BC1) in font phvr8t!
Missing character: There is no 放 ("653E) in font phvr8t!
Missing character: There is no 在 ("5728) in font phvr8t!
Missing character: There is no 方 ("65B9) in font phvr8t!
Missing character: There is no 法 ("6CD5) in font phvr8t!
Missing character: There is no 中 ("4E2D) in font phvr8t!
Missing character: There is no ， ("FF0C) in font phvr8t!
Missing character: There is no 使 ("4F7F) in font phvr8t!
Missing character: There is no 得 ("5F97) in font phvr8t!
Missing character: There is no 方 ("65B9) in font phvr8t!
Missing character: There is no 法 ("6CD5) in font phvr8t!
Missing character: There is no 与 ("4E0E) in font phvr8t!
Missing character: There is no 库 ("5E93) in font phvr8t!
Missing character: There is no 解 ("89E3) in font phvr8t!
Missing character: There is no 耦 ("8026) in font phvr8t!
Missing character: There is no ， ("FF0C) in font phvr8t!
Missing character: There is no 从 ("4ECE) in font phvr8t!
Missing character: There is no 而 ("800C) in font phvr8t!
Missing character: There is no 实 ("5B9E) in font phvr8t!
Missing character: There is no 现 ("73B0) in font phvr8t!
Missing character: There is no 多 ("591A) in font phvr8t!
Missing character: There is no 线 ("7EBF) in font phvr8t!
Missing character: There is no 程 ("7A0B) in font phvr8t!
Missing character: There is no 并 ("5E76) in font phvr8t!
Missing character: There is no 行 ("884C) in font phvr8t!
Missing character: There is no 验 ("9A8C) in font phvr8t!
Missing character: There is no 证 ("8BC1) in font phvr8t!
Missing character: There is no 单 ("5355) in font phvr8t!
Missing character: There is no 调 ("8C03) in font phvr8t!
Missing character: There is no 性 ("6027) in font phvr8t!
Missing character: There is no 。 ("3002) in font phvr8t!
Missing character: There is no 顶 ("9876) in font phvr8t!
Missing character: There is no 层 ("5C42) in font phvr8t!
Missing character: There is no 未 ("672A) in font phvr8t!
Missing character: There is no 退 ("9000) in font phvr8t!
Missing character: There is no 出 ("51FA) in font phvr8t!
Missing character: There is no 的 ("7684) in font phvr8t!
Missing character: There is no ， ("FF0C) in font phvr8t!
Missing character: There is no 内 ("5185) in font phvr8t!
Missing character: There is no 存 ("5B58) in font phvr8t!
Missing character: There is no 泄 ("6CC4) in font phvr8t!
Missing character: There is no 漏 ("6F0F) in font phvr8t!
Missing character: There is no ？ ("FF1F) in font phvr8t!

Underfull \hbox (badness 10000) in paragraph at lines 122--123
[][]\T1/phv/m/n/10 x[] \T1/pcr/m/n/10 si2dr[]PIGet[]Groups\T1/phv/m/n/10 bug[]:
 \T1/pcr/m/n/10 WARNING[]: si2dr[]PIQuit[]: Get[]Groups called 1 more
 []

Missing character: There is no 学 ("5B66) in font phvr8t!
Missing character: There is no 到 ("5230) in font phvr8t!
Missing character: There is no 了 ("4E86) in font phvr8t!
Missing character: There is no 可 ("53EF) in font phvr8t!
Missing character: There is no 以 ("4EE5) in font phvr8t!
Missing character: There is no 在 ("5728) in font phvr8t!
Missing character: There is no 中 ("4E2D) in font phvr8t!
Missing character: There is no 使 ("4F7F) in font phvr8t!
Missing character: There is no 用 ("7528) in font phvr8t!
Missing character: There is no 减 ("51CF) in font phvr8t!
Missing character: There is no 少 ("5C11) in font phvr8t!
Missing character: There is no 编 ("7F16) in font phvr8t!
Missing character: There is no 译 ("8BD1) in font phvr8t!
Missing character: There is no 器 ("5668) in font phvr8t!
Missing character: There is no 优 ("4F18) in font phvr8t!
Missing character: There is no 化 ("5316) in font phvr8t!
Missing character: There is no 程 ("7A0B) in font phvr8t!
Missing character: There is no 度 ("5EA6) in font phvr8t!
Missing character: There is no ， ("FF0C) in font phvr8t!
Missing character: There is no 配 ("914D) in font phvr8t!
Missing character: There is no 合 ("5408) in font phvr8t!
Missing character: There is no 等 ("7B49) in font phvr8t!
Missing character: There is no 调 ("8C03) in font phvr8t!
Missing character: There is no 试 ("8BD5) in font phvr8t!
Missing character: There is no 工 ("5DE5) in font phvr8t!
Missing character: There is no 具 ("5177) in font phvr8t!
Missing character: There is no 检 ("68C0) in font phvr8t!
Missing character: There is no 查 ("67E5) in font phvr8t!
Missing character: There is no 堆 ("5806) in font phvr8t!
Missing character: There is no 栈 ("6808) in font phvr8t!
Missing character: There is no 信 ("4FE1) in font phvr8t!
Missing character: There is no 息 ("606F) in font phvr8t!
Missing character: There is no 。 ("3002) in font phvr8t!
Missing character: There is no 是 ("662F) in font phvr8t!
Missing character: There is no 在 ("5728) in font phvr8t!
Missing character: There is no 每 ("6BCF) in font phvr8t!
Missing character: There is no 次 ("6B21) in font phvr8t!
Missing character: There is no 循 ("5FAA) in font phvr8t!
Missing character: There is no 环 ("73AF) in font phvr8t!
Missing character: There is no 的 ("7684) in font phvr8t!
Missing character: There is no 迭 ("8FED) in font phvr8t!
Missing character: There is no 代 ("4EE3) in font phvr8t!
Missing character: There is no 中 ("4E2D) in font phvr8t!
Missing character: There is no 声 ("58F0) in font phvr8t!
Missing character: There is no 明 ("660E) in font phvr8t!
Missing character: There is no 的 ("7684) in font phvr8t!
Missing character: There is no 局 ("5C40) in font phvr8t!
Missing character: There is no 部 ("90E8) in font phvr8t!
Missing character: There is no 变 ("53D8) in font phvr8t!
Missing character: There is no 量 ("91CF) in font phvr8t!
Missing character: There is no ， ("FF0C) in font phvr8t!
Missing character: There is no 在 ("5728) in font phvr8t!
Missing character: There is no 每 ("6BCF) in font phvr8t!
Missing character: There is no 次 ("6B21) in font phvr8t!
Missing character: There is no 迭 ("8FED) in font phvr8t!
Missing character: There is no 代 ("4EE3) in font phvr8t!
Missing character: There is no 结 ("7ED3) in font phvr8t!
Missing character: There is no 束 ("675F) in font phvr8t!
Missing character: There is no 后 ("540E) in font phvr8t!
Missing character: There is no 其 ("5176) in font phvr8t!
Missing character: There is no 作 ("4F5C) in font phvr8t!
Missing character: There is no 用 ("7528) in font phvr8t!
Missing character: There is no 域 ("57DF) in font phvr8t!
Missing character: There is no 结 ("7ED3) in font phvr8t!
Missing character: There is no 束 ("675F) in font phvr8t!
Missing character: There is no ， ("FF0C) in font phvr8t!
Missing character: There is no 析 ("6790) in font phvr8t!
Missing character: There is no 构 ("6784) in font phvr8t!
Missing character: There is no 函 ("51FD) in font phvr8t!
Missing character: There is no 数 ("6570) in font phvr8t!
Missing character: There is no 被 ("88AB) in font phvr8t!
Missing character: There is no 调 ("8C03) in font phvr8t!
Missing character: There is no 用 ("7528) in font phvr8t!
Missing character: There is no ， ("FF0C) in font phvr8t!
Missing character: There is no 释 ("91CA) in font phvr8t!
Missing character: There is no 放 ("653E) in font phvr8t!
Missing character: There is no 相 ("76F8) in font phvr8t!
Missing character: There is no 关 ("5173) in font phvr8t!
Missing character: There is no 资 ("8D44) in font phvr8t!
Missing character: There is no 源 ("6E90) in font phvr8t!
Missing character: There is no 。 ("3002) in font phvr8t!
Missing character: There is no 所 ("6240) in font phvr8t!
Missing character: There is no 以 ("4EE5) in font phvr8t!
Missing character: There is no 未 ("672A) in font phvr8t!
Missing character: There is no 发 ("53D1) in font phvr8t!
Missing character: There is no 现 ("73B0) in font phvr8t!
Missing character: There is no 内 ("5185) in font phvr8t!
Missing character: There is no 存 ("5B58) in font phvr8t!
Missing character: There is no 泄 ("6CC4) in font phvr8t!
Missing character: There is no 漏 ("6F0F) in font phvr8t!
Missing character: There is no 。 ("3002) in font phvr8t!


[3]
Missing character: There is no 顶 ("9876) in font phvr8t!
Missing character: There is no 层 ("5C42) in font phvr8t!
Missing character: There is no 的 ("7684) in font phvr8t!
Missing character: There is no 析 ("6790) in font phvr8t!
Missing character: There is no 构 ("6784) in font phvr8t!
Missing character: There is no 函 ("51FD) in font phvr8t!
Missing character: There is no 数 ("6570) in font phvr8t!
Missing character: There is no 发 ("53D1) in font phvr8t!
Missing character: There is no 生 ("751F) in font phvr8t!
Missing character: There is no 在 ("5728) in font phvr8t!
Missing character: There is no 方 ("65B9) in font phvr8t!
Missing character: There is no 法 ("6CD5) in font phvr8t!
Missing character: There is no 结 ("7ED3) in font phvr8t!
Missing character: There is no 束 ("675F) in font phvr8t!
Missing character: There is no 时 ("65F6) in font phvr8t!
Missing character: There is no ， ("FF0C) in font phvr8t!
Missing character: There is no 所 ("6240) in font phvr8t!
Missing character: There is no 以 ("4EE5) in font phvr8t!
Missing character: There is no 方 ("65B9) in font phvr8t!
Missing character: There is no 法 ("6CD5) in font phvr8t!
Missing character: There is no 末 ("672B) in font phvr8t!
Missing character: There is no 尾 ("5C3E) in font phvr8t!
Missing character: There is no 的 ("7684) in font phvr8t!
Missing character: There is no 检 ("68C0) in font phvr8t!
Missing character: There is no 测 ("6D4B) in font phvr8t!
Missing character: There is no 到 ("5230) in font phvr8t!
Missing character: There is no 了 ("4E86) in font phvr8t!
Missing character: There is no 顶 ("9876) in font phvr8t!
Missing character: There is no 层 ("5C42) in font phvr8t!
Missing character: There is no 未 ("672A) in font phvr8t!
Missing character: There is no 退 ("9000) in font phvr8t!
Missing character: There is no 出 ("51FA) in font phvr8t!
Missing character: There is no 的 ("7684) in font phvr8t!
Missing character: There is no 情 ("60C5) in font phvr8t!
Missing character: There is no 况 ("51B5) in font phvr8t!
Missing character: There is no 。 ("3002) in font phvr8t!
Missing character: There is no 综 ("7EFC) in font phvr8t!
Missing character: There is no 上 ("4E0A) in font phvr8t!
Missing character: There is no ， ("FF0C) in font phvr8t!
Missing character: There is no 的 ("7684) in font phvr8t!
Missing character: There is no 警 ("8B66) in font phvr8t!
Missing character: There is no 告 ("544A) in font phvr8t!
Missing character: There is no 是 ("662F) in font phvr8t!
Missing character: There is no 由 ("7531) in font phvr8t!
Missing character: There is no 于 ("4E8E) in font phvr8t!
Missing character: There is no 当 ("5F53) in font phvr8t!
Missing character: There is no 时 ("65F6) in font phvr8t!
Missing character: There is no 顶 ("9876) in font phvr8t!
Missing character: There is no 层 ("5C42) in font phvr8t!
Missing character: There is no 未 ("672A) in font phvr8t!
Missing character: There is no 退 ("9000) in font phvr8t!
Missing character: There is no 出 ("51FA) in font phvr8t!
Missing character: There is no 导 ("5BFC) in font phvr8t!
Missing character: There is no 致 ("81F4) in font phvr8t!
Missing character: There is no 的 ("7684) in font phvr8t!
Missing character: There is no ， ("FF0C) in font phvr8t!
Missing character: There is no 在 ("5728) in font phvr8t!
Missing character: There is no 方 ("65B9) in font phvr8t!
Missing character: There is no 法 ("6CD5) in font phvr8t!
Missing character: There is no 结 ("7ED3) in font phvr8t!
Missing character: There is no 束 ("675F) in font phvr8t!
Missing character: There is no 后 ("540E) in font phvr8t!
Missing character: There is no 能 ("80FD) in font phvr8t!
Missing character: There is no 正 ("6B63) in font phvr8t!
Missing character: There is no 确 ("786E) in font phvr8t!
Missing character: There is no 释 ("91CA) in font phvr8t!
Missing character: There is no 放 ("653E) in font phvr8t!
Missing character: There is no ， ("FF0C) in font phvr8t!
Missing character: There is no 不 ("4E0D) in font phvr8t!
Missing character: There is no 会 ("4F1A) in font phvr8t!
Missing character: There is no 造 ("9020) in font phvr8t!
Missing character: There is no 成 ("6210) in font phvr8t!
Missing character: There is no 实 ("5B9E) in font phvr8t!
Missing character: There is no 际 ("9645) in font phvr8t!
Missing character: There is no 上 ("4E0A) in font phvr8t!
Missing character: There is no 的 ("7684) in font phvr8t!
Missing character: There is no 内 ("5185) in font phvr8t!
Missing character: There is no 存 ("5B58) in font phvr8t!
Missing character: There is no 泄 ("6CC4) in font phvr8t!
Missing character: There is no 漏 ("6F0F) in font phvr8t!
Missing character: There is no 。 ("3002) in font phvr8t!
Missing character: There is no 顺 ("987A) in font phvr8t!
Missing character: There is no 序 ("5E8F) in font phvr8t!
Missing character: There is no 执 ("6267) in font phvr8t!
Missing character: There is no 行 ("884C) in font phvr8t!
Missing character: There is no ， ("FF0C) in font phvr8t!
Missing character: There is no 输 ("8F93) in font phvr8t!
Missing character: There is no 出 ("51FA) in font phvr8t!
Missing character: There is no 仍 ("4ECD) in font phvr8t!
Missing character: There is no 存 ("5B58) in font phvr8t!
Missing character: There is no 在 ("5728) in font phvr8t!
Missing character: There is no 问 ("95EE) in font phvr8t!
Missing character: There is no 题 ("9898) in font phvr8t!
Missing character: There is no ： ("FF1A) in font phvr8t!
Missing character: There is no 解 ("89E3) in font phvr8t!
Missing character: There is no 析 ("6790) in font phvr8t!
Missing character: There is no 第 ("7B2C) in font phvr8t!
Missing character: There is no 二 ("4E8C) in font phvr8t!
Missing character: There is no 第 ("7B2C) in font phvr8t!
Missing character: There is no 三 ("4E09) in font phvr8t!
Missing character: There is no 个 ("4E2A) in font phvr8t!
Missing character: There is no 库 ("5E93) in font phvr8t!
Missing character: There is no 的 ("7684) in font phvr8t!
Missing character: There is no 时 ("65F6) in font phvr8t!
Missing character: There is no 候 ("5019) in font phvr8t!
Missing character: There is no 会 ("4F1A) in font phvr8t!
Missing character: There is no 多 ("591A) in font phvr8t!
Missing character: There is no 余 ("4F59) in font phvr8t!
Missing character: There is no 打 ("6253) in font phvr8t!
Missing character: There is no 印 ("5370) in font phvr8t!
Missing character: There is no 之 ("4E4B) in font phvr8t!
Missing character: There is no 前 ("524D) in font phvr8t!
Missing character: There is no 库 ("5E93) in font phvr8t!
Missing character: There is no 的 ("7684) in font phvr8t!
Missing character: There is no 信 ("4FE1) in font phvr8t!
Missing character: There is no 息 ("606F) in font phvr8t!
Missing character: There is no ， ("FF0C) in font phvr8t!
Missing character: There is no 时 ("65F6) in font phvr8t!
Missing character: There is no 间 ("95F4) in font phvr8t!
Missing character: There is no 上 ("4E0A) in font phvr8t!
Missing character: There is no 也 ("4E5F) in font phvr8t!
Missing character: There is no 比 ("6BD4) in font phvr8t!
Missing character: There is no 单 ("5355) in font phvr8t!
Missing character: There is no 独 ("72EC) in font phvr8t!
Missing character: There is no 解 ("89E3) in font phvr8t!
Missing character: There is no 析 ("6790) in font phvr8t!
Missing character: There is no 一 ("4E00) in font phvr8t!
Missing character: There is no 个 ("4E2A) in font phvr8t!
Missing character: There is no 库 ("5E93) in font phvr8t!
Missing character: There is no 的 ("7684) in font phvr8t!
Missing character: There is no 总 ("603B) in font phvr8t!
Missing character: There is no 和 ("548C) in font phvr8t!
Missing character: There is no 要 ("8981) in font phvr8t!
Missing character: There is no 慢 ("6162) in font phvr8t!
Missing character: There is no 左 ("5DE6) in font phvr8t!
Missing character: There is no 右 ("53F3) in font phvr8t!
Missing character: There is no ， ("FF0C) in font phvr8t!
Missing character: There is no 。 ("3002) in font phvr8t!
Missing character: There is no 并 ("5E76) in font phvr8t!
Missing character: There is no 行 ("884C) in font phvr8t!
Missing character: There is no 执 ("6267) in font phvr8t!
Missing character: There is no 行 ("884C) in font phvr8t!
Missing character: There is no ， ("FF0C) in font phvr8t!
Missing character: There is no 输 ("8F93) in font phvr8t!
Missing character: There is no 出 ("51FA) in font phvr8t!
Missing character: There is no 会 ("4F1A) in font phvr8t!
Missing character: There is no 集 ("96C6) in font phvr8t!
Missing character: There is no 中 ("4E2D) in font phvr8t!
Missing character: There is no 到 ("5230) in font phvr8t!
Missing character: There is no 最 ("6700) in font phvr8t!
Missing character: There is no 后 ("540E) in font phvr8t!
Missing character: There is no 一 ("4E00) in font phvr8t!
Missing character: There is no 个 ("4E2A) in font phvr8t!
Missing character: There is no 库 ("5E93) in font phvr8t!
Missing character: There is no 的 ("7684) in font phvr8t!
Missing character: There is no 文 ("6587) in font phvr8t!
Missing character: There is no 件 ("4EF6) in font phvr8t!
Missing character: There is no 。 ("3002) in font phvr8t!
Missing character: There is no 给 ("7ED9) in font phvr8t!
Missing character: There is no 类 ("7C7B) in font phvr8t!
Missing character: There is no 的 ("7684) in font phvr8t!
Missing character: There is no 私 ("79C1) in font phvr8t!
Missing character: There is no 有 ("6709) in font phvr8t!
Missing character: There is no 属 ("5C5E) in font phvr8t!
Missing character: There is no 性 ("6027) in font phvr8t!
Missing character: There is no 添 ("6DFB) in font phvr8t!
Missing character: There is no 加 ("52A0) in font phvr8t!
Missing character: There is no 了 ("4E86) in font phvr8t!
Missing character: There is no 初 ("521D) in font phvr8t!
Missing character: There is no 始 ("59CB) in font phvr8t!
Missing character: There is no 值 ("503C) in font phvr8t!
Missing character: There is no ， ("FF0C) in font phvr8t!
Missing character: There is no 避 ("907F) in font phvr8t!
Missing character: There is no 免 ("514D) in font phvr8t!
Missing character: There is no 了 ("4E86) in font phvr8t!
Missing character: There is no 未 ("672A) in font phvr8t!
Missing character: There is no 初 ("521D) in font phvr8t!
Missing character: There is no 始 ("59CB) in font phvr8t!
Missing character: There is no 化 ("5316) in font phvr8t!
Missing character: There is no 的 ("7684) in font phvr8t!
Missing character: There is no 问 ("95EE) in font phvr8t!
Missing character: There is no 题 ("9898) in font phvr8t!
Missing character: There is no ， ("FF0C) in font phvr8t!
Missing character: There is no 吗 ("5417) in font phvr8t!
Missing character: There is no ？ ("FF1F) in font phvr8t!
Missing character: There is no 实 ("5B9E) in font phvr8t!
Missing character: There is no 现 ("73B0) in font phvr8t!
Missing character: There is no 了 ("4E86) in font phvr8t!
Missing character: There is no 子 ("5B50) in font phvr8t!
Missing character: There is no 命 ("547D) in font phvr8t!
Missing character: There is no 令 ("4EE4) in font phvr8t!
Missing character: There is no 的 ("7684) in font phvr8t!
Missing character: There is no 解 ("89E3) in font phvr8t!
Missing character: There is no 析 ("6790) in font phvr8t!
Missing character: There is no ， ("FF0C) in font phvr8t!
Missing character: There is no 能 ("80FD) in font phvr8t!
Missing character: There is no 够 ("591F) in font phvr8t!
Missing character: There is no 对 ("5BF9) in font phvr8t!
Missing character: There is no 两 ("4E24) in font phvr8t!
Missing character: There is no 个 ("4E2A) in font phvr8t!
Missing character: There is no 库 ("5E93) in font phvr8t!
Missing character: There is no 文 ("6587) in font phvr8t!
Missing character: There is no 件 ("4EF6) in font phvr8t!
Missing character: There is no 依 ("4F9D) in font phvr8t!
Missing character: There is no 次 ("6B21) in font phvr8t!
Missing character: There is no 进 ("8FDB) in font phvr8t!
Missing character: There is no 行 ("884C) in font phvr8t!
Missing character: There is no 解 ("89E3) in font phvr8t!
Missing character: There is no 析 ("6790) in font phvr8t!
Missing character: There is no ， ("FF0C) in font phvr8t!
Missing character: There is no 并 ("5E76) in font phvr8t!
Missing character: There is no 生 ("751F) in font phvr8t!
Missing character: There is no 成 ("6210) in font phvr8t!
Missing character: There is no 对 ("5BF9) in font phvr8t!
Missing character: There is no 应 ("5E94) in font phvr8t!
Missing character: There is no 的 ("7684) in font phvr8t!
Missing character: There is no 文 ("6587) in font phvr8t!
Missing character: There is no 件 ("4EF6) in font phvr8t!
Missing character: There is no 。 ("3002) in font phvr8t!
Missing character: There is no 仍 ("4ECD) in font phvr8t!
Missing character: There is no 然 ("7136) in font phvr8t!
Missing character: There is no 存 ("5B58) in font phvr8t!
Missing character: There is no 在 ("5728) in font phvr8t!
Missing character: There is no 日 ("65E5) in font phvr8t!
Missing character: There is no 志 ("5FD7) in font phvr8t!
Missing character: There is no 重 ("91CD) in font phvr8t!
Missing character: There is no 复 ("590D) in font phvr8t!
Missing character: There is no 输 ("8F93) in font phvr8t!
Missing character: There is no 出 ("51FA) in font phvr8t!
Missing character: There is no 的 ("7684) in font phvr8t!
Missing character: There is no 问 ("95EE) in font phvr8t!
Missing character: There is no 题 ("9898) in font phvr8t!
Missing character: There is no ， ("FF0C) in font phvr8t!
Missing character: There is no 多 ("591A) in font phvr8t!
Missing character: There is no 文 ("6587) in font phvr8t!
Missing character: There is no 件 ("4EF6) in font phvr8t!
Missing character: There is no 处 ("5904) in font phvr8t!
Missing character: There is no 理 ("7406) in font phvr8t!
Missing character: There is no 时 ("65F6) in font phvr8t!
Missing character: There is no 数 ("6570) in font phvr8t!
Missing character: There is no 据 ("636E) in font phvr8t!
Missing character: There is no 可 ("53EF) in font phvr8t!
Missing character: There is no 能 ("80FD) in font phvr8t!
Missing character: There is no 会 ("4F1A) in font phvr8t!
Missing character: There is no 相 ("76F8) in font phvr8t!
Missing character: There is no 互 ("4E92) in font phvr8t!
Missing character: There is no 干 ("5E72) in font phvr8t!
Missing character: There is no 扰 ("6270) in font phvr8t!
Missing character: There is no 。 ("3002) in font phvr8t!
Missing character: There is no 新 ("65B0) in font phvr8t!
Missing character: There is no 增 ("589E) in font phvr8t!
Missing character: There is no 子 ("5B50) in font phvr8t!
Missing character: There is no 命 ("547D) in font phvr8t!
Missing character: There is no 令 ("4EE4) in font phvr8t!
Missing character: There is no 和 ("548C) in font phvr8t!
Missing character: There is no 方 ("65B9) in font phvr8t!
Missing character: There is no 法 ("6CD5) in font phvr8t!
Missing character: There is no ， ("FF0C) in font phvr8t!
Missing character: There is no 用 ("7528) in font phvr8t!
Missing character: There is no 于 ("4E8E) in font phvr8t!
Missing character: There is no 生 ("751F) in font phvr8t!
Missing character: There is no 成 ("6210) in font phvr8t!
Missing character: There is no 超 ("8D85) in font phvr8t!
Missing character: There is no 级 ("7EA7) in font phvr8t!
Missing character: There is no 单 ("5355) in font phvr8t!
Missing character: There is no 元 ("5143) in font phvr8t!
Missing character: There is no 以 ("4EE5) in font phvr8t!
Missing character: There is no 供 ("4F9B) in font phvr8t!
Missing character: There is no 验 ("9A8C) in font phvr8t!
Missing character: There is no 证 ("8BC1) in font phvr8t!
Missing character: There is no 。 ("3002) in font phvr8t!
Missing character: There is no 集 ("96C6) in font phvr8t!
Missing character: There is no 成 ("6210) in font phvr8t!
Missing character: There is no 了 ("4E86) in font phvr8t!
Missing character: There is no 子 ("5B50) in font phvr8t!
Missing character: There is no 命 ("547D) in font phvr8t!
Missing character: There is no 令 ("4EE4) in font phvr8t!
Missing character: There is no ， ("FF0C) in font phvr8t!
Missing character: There is no 支 ("652F) in font phvr8t!
Missing character: There is no 持 ("6301) in font phvr8t!
Missing character: There is no 调 ("8C03) in font phvr8t!
Missing character: There is no 用 ("7528) in font phvr8t!
Missing character: There is no 开 ("5F00) in font phvr8t!
Missing character: There is no 源 ("6E90) in font phvr8t!
Missing character: There is no 库 ("5E93) in font phvr8t!
Missing character: There is no 特 ("7279) in font phvr8t!
Missing character: There is no 征 ("5F81) in font phvr8t!
Missing character: There is no 化 ("5316) in font phvr8t!
Missing character: There is no 工 ("5DE5) in font phvr8t!
Missing character: There is no 具 ("5177) in font phvr8t!
Missing character: There is no 。 ("3002) in font phvr8t!
Missing character: There is no 已 ("5DF2) in font phvr8t!
Missing character: There is no 与 ("4E0E) in font phvr8t!
Missing character: There is no 开 ("5F00) in font phvr8t!
Missing character: There is no 发 ("53D1) in font phvr8t!
Missing character: There is no 者 ("8005) in font phvr8t!
Missing character: There is no 取 ("53D6) in font phvr8t!
Missing character: There is no 得 ("5F97) in font phvr8t!
Missing character: There is no 联 ("8054) in font phvr8t!
Missing character: There is no 系 ("7CFB) in font phvr8t!
Missing character: There is no 。 ("3002) in font phvr8t!
Missing character: There is no 调 ("8C03) in font phvr8t!
Missing character: There is no 整 ("6574) in font phvr8t!
Missing character: There is no 了 ("4E86) in font phvr8t!
Missing character: There is no 子 ("5B50) in font phvr8t!
Missing character: There is no 命 ("547D) in font phvr8t!
Missing character: There is no 令 ("4EE4) in font phvr8t!
Missing character: There is no 输 ("8F93) in font phvr8t!
Missing character: There is no 出 ("51FA) in font phvr8t!
Missing character: There is no 文 ("6587) in font phvr8t!
Missing character: There is no 件 ("4EF6) in font phvr8t!
Missing character: There is no 的 ("7684) in font phvr8t!
Missing character: There is no 位 ("4F4D) in font phvr8t!
Missing character: There is no 置 ("7F6E) in font phvr8t!
Missing character: There is no 为 ("4E3A) in font phvr8t!
Missing character: There is no 当 ("5F53) in font phvr8t!
Missing character: There is no 前 ("524D) in font phvr8t!
Missing character: There is no 目 ("76EE) in font phvr8t!
Missing character: There is no 录 ("5F55) in font phvr8t!
Missing character: There is no ， ("FF0C) in font phvr8t!
Missing character: There is no 避 ("907F) in font phvr8t!
Missing character: There is no 免 ("514D) in font phvr8t!
Missing character: There is no 文 ("6587) in font phvr8t!
Missing character: There is no 件 ("4EF6) in font phvr8t!
Missing character: There is no 混 ("6DF7) in font phvr8t!
Missing character: There is no 淆 ("6DC6) in font phvr8t!
Missing character: There is no 。 ("3002) in font phvr8t!
Missing character: There is no 添 ("6DFB) in font phvr8t!
Missing character: There is no 加 ("52A0) in font phvr8t!
Missing character: There is no 了 ("4E86) in font phvr8t!
Missing character: There is no 子 ("5B50) in font phvr8t!
Missing character: There is no 命 ("547D) in font phvr8t!
Missing character: There is no 令 ("4EE4) in font phvr8t!
Missing character: There is no ， ("FF0C) in font phvr8t!
Missing character: There is no 方 ("65B9) in font phvr8t!
Missing character: There is no 便 ("4FBF) in font phvr8t!
Missing character: There is no 清 ("6E05) in font phvr8t!
Missing character: There is no 理 ("7406) in font phvr8t!
Missing character: There is no 生 ("751F) in font phvr8t!
Missing character: There is no 成 ("6210) in font phvr8t!
Missing character: There is no 的 ("7684) in font phvr8t!
Missing character: There is no 文 ("6587) in font phvr8t!
Missing character: There is no 件 ("4EF6) in font phvr8t!
Missing character: There is no 和 ("548C) in font phvr8t!
Missing character: There is no 日 ("65E5) in font phvr8t!
Missing character: There is no 志 ("5FD7) in font phvr8t!
Missing character: There is no 文 ("6587) in font phvr8t!
Missing character: There is no 件 ("4EF6) in font phvr8t!
Missing character: There is no 。 ("3002) in font phvr8t!
Missing character: There is no 添 ("6DFB) in font phvr8t!
Missing character: There is no 加 ("52A0) in font phvr8t!
Missing character: There is no 了 ("4E86) in font phvr8t!
Missing character: There is no 库 ("5E93) in font phvr8t!
Missing character: There is no ， ("FF0C) in font phvr8t!
Missing character: There is no 通 ("901A) in font phvr8t!
Missing character: There is no 过 ("8FC7) in font phvr8t!
Missing character: There is no 进 ("8FDB) in font phvr8t!
Missing character: There is no 行 ("884C) in font phvr8t!
Missing character: There is no 管 ("7BA1) in font phvr8t!
Missing character: There is no 理 ("7406) in font phvr8t!
Missing character: There is no ， ("FF0C) in font phvr8t!
Missing character: There is no 用 ("7528) in font phvr8t!
Missing character: There is no 于 ("4E8E) in font phvr8t!
Missing character: There is no 生 ("751F) in font phvr8t!
Missing character: There is no 成 ("6210) in font phvr8t!
Missing character: There is no 格 ("683C) in font phvr8t!
Missing character: There is no 式 ("5F0F) in font phvr8t!
Missing character: There is no 化 ("5316) in font phvr8t!
Missing character: There is no 的 ("7684) in font phvr8t!
Missing character: There is no 表 ("8868) in font phvr8t!
Missing character: There is no 格 ("683C) in font phvr8t!
Missing character: There is no 输 ("8F93) in font phvr8t!
Missing character: There is no 出 ("51FA) in font phvr8t!
Missing character: There is no 。 ("3002) in font phvr8t!
Missing character: There is no 新 ("65B0) in font phvr8t!
Missing character: There is no 建 ("5EFA) in font phvr8t!
Missing character: There is no 了 ("4E86) in font phvr8t!
Missing character: There is no 和 ("548C) in font phvr8t!
Missing character: There is no 文 ("6587) in font phvr8t!
Missing character: There is no 件 ("4EF6) in font phvr8t!
Missing character: There is no ， ("FF0C) in font phvr8t!
Missing character: There is no 创 ("521B) in font phvr8t!
Missing character: There is no 建 ("5EFA) in font phvr8t!
Missing character: There is no 了 ("4E86) in font phvr8t!
Missing character: There is no 类 ("7C7B) in font phvr8t!
Missing character: There is no ， ("FF0C) in font phvr8t!
Missing character: There is no 用 ("7528) in font phvr8t!
Missing character: There is no 于 ("4E8E) in font phvr8t!
Missing character: There is no 比 ("6BD4) in font phvr8t!
Missing character: There is no 较 ("8F83) in font phvr8t!
Missing character: There is no 两 ("4E24) in font phvr8t!
Missing character: There is no 个 ("4E2A) in font phvr8t!
Missing character: There is no 库 ("5E93) in font phvr8t!
Missing character: There is no 文 ("6587) in font phvr8t!
Missing character: There is no 件 ("4EF6) in font phvr8t!
Missing character: There is no 的 ("7684) in font phvr8t!
Missing character: There is no 差 ("5DEE) in font phvr8t!
Missing character: There is no 异 ("5F02) in font phvr8t!
Missing character: There is no 。 ("3002) in font phvr8t!
Missing character: There is no 目 ("76EE) in font phvr8t!
Missing character: There is no 前 ("524D) in font phvr8t!
Missing character: There is no 实 ("5B9E) in font phvr8t!
Missing character: There is no 现 ("73B0) in font phvr8t!
Missing character: There is no 了 ("4E86) in font phvr8t!
Missing character: There is no 读 ("8BFB) in font phvr8t!
Missing character: There is no 取 ("53D6) in font phvr8t!
Missing character: There is no 参 ("53C2) in font phvr8t!
Missing character: There is no 考 ("8003) in font phvr8t!
Missing character: There is no 库 ("5E93) in font phvr8t!
Missing character: There is no 文 ("6587) in font phvr8t!
Missing character: There is no 件 ("4EF6) in font phvr8t!
Missing character: There is no 的 ("7684) in font phvr8t!
Missing character: There is no 功 ("529F) in font phvr8t!
Missing character: There is no 能 ("80FD) in font phvr8t!
Missing character: There is no 。 ("3002) in font phvr8t!
Missing character: There is no 使 ("4F7F) in font phvr8t!
Missing character: There is no 用 ("7528) in font phvr8t!
Missing character: There is no 重 ("91CD) in font phvr8t!
Missing character: There is no 构 ("6784) in font phvr8t!
Missing character: There is no 了 ("4E86) in font phvr8t!
Missing character: There is no 类 ("7C7B) in font phvr8t!
Missing character: There is no 的 ("7684) in font phvr8t!
Missing character: There is no 文 ("6587) in font phvr8t!
Missing character: There is no 件 ("4EF6) in font phvr8t!
Missing character: There is no 路 ("8DEF) in font phvr8t!
Missing character: There is no 径 ("5F84) in font phvr8t!
Missing character: There is no 管 ("7BA1) in font phvr8t!
Missing character: There is no 理 ("7406) in font phvr8t!
Missing character: There is no ， ("FF0C) in font phvr8t!
Missing character: There is no 方 ("65B9) in font phvr8t!
Missing character: There is no 便 ("4FBF) in font phvr8t!
Missing character: There is no 文 ("6587) in font phvr8t!
Missing character: There is no 件 ("4EF6) in font phvr8t!
Missing character: There is no 路 ("8DEF) in font phvr8t!
Missing character: There is no 径 ("5F84) in font phvr8t!
Missing character: There is no 的 ("7684) in font phvr8t!
Missing character: There is no 拼 ("62FC) in font phvr8t!
Missing character: There is no 接 ("63A5) in font phvr8t!
Missing character: There is no 和 ("548C) in font phvr8t!
Missing character: There is no 处 ("5904) in font phvr8t!
Missing character: There is no 理 ("7406) in font phvr8t!
Missing character: There is no 。 ("3002) in font phvr8t!
Missing character: There is no 类 ("7C7B) in font phvr8t!
Missing character: There is no 添 ("6DFB) in font phvr8t!
Missing character: There is no 加 ("52A0) in font phvr8t!
Missing character: There is no 了 ("4E86) in font phvr8t!
Missing character: There is no 成 ("6210) in font phvr8t!
Missing character: There is no 员 ("5458) in font phvr8t!
Missing character: There is no 变 ("53D8) in font phvr8t!
Missing character: There is no 量 ("91CF) in font phvr8t!
Missing character: There is no 、 ("3001) in font phvr8t!
Missing character: There is no 、 ("3001) in font phvr8t!
Missing character: There is no 、 ("3001) in font phvr8t!
Missing character: There is no 和 ("548C) in font phvr8t!
Missing character: There is no ， ("FF0C) in font phvr8t!
Missing character: There is no 用 ("7528) in font phvr8t!
Missing character: There is no 于 ("4E8E) in font phvr8t!
Missing character: There is no 存 ("5B58) in font phvr8t!
Missing character: There is no 储 ("50A8) in font phvr8t!
Missing character: There is no 文 ("6587) in font phvr8t!
Missing character: There is no 件 ("4EF6) in font phvr8t!
Missing character: There is no 名 ("540D) in font phvr8t!
Missing character: There is no 、 ("3001) in font phvr8t!
Missing character: There is no 库 ("5E93) in font phvr8t!
Missing character: There is no 名 ("540D) in font phvr8t!
Missing character: There is no 、 ("3001) in font phvr8t!
Missing character: There is no 文 ("6587) in font phvr8t!
Missing character: There is no 件 ("4EF6) in font phvr8t!
Missing character: There is no 名 ("540D) in font phvr8t!
Missing character: There is no 和 ("548C) in font phvr8t!
Missing character: There is no 日 ("65E5) in font phvr8t!
Missing character: There is no 志 ("5FD7) in font phvr8t!
Missing character: There is no 文 ("6587) in font phvr8t!
Missing character: There is no 件 ("4EF6) in font phvr8t!
Missing character: There is no 名 ("540D) in font phvr8t!
Missing character: There is no 。 ("3002) in font phvr8t!

Underfull \hbox (badness 10000) in paragraph at lines 152--153
[] \T1/pcr/m/n/10 std[]::filesystem[]::path  [] []  basename[]_[]filename[]_[]l
ibname[]_[]
 []

Missing character: There is no 通 ("901A) in font phvr8t!
Missing character: There is no 过 ("8FC7) in font phvr8t!
Missing character: There is no 作 ("4F5C) in font phvr8t!
Missing character: There is no 用 ("7528) in font phvr8t!
Missing character: There is no 域 ("57DF) in font phvr8t!
Missing character: There is no 管 ("7BA1) in font phvr8t!
Missing character: There is no 理 ("7406) in font phvr8t!
Missing character: There is no 方 ("65B9) in font phvr8t!
Missing character: There is no 法 ("6CD5) in font phvr8t!
Missing character: There is no 中 ("4E2D) in font phvr8t!
Missing character: There is no 的 ("7684) in font phvr8t!
Missing character: There is no 顶 ("9876) in font phvr8t!
Missing character: There is no 层 ("5C42) in font phvr8t!
Missing character: There is no 迭 ("8FED) in font phvr8t!
Missing character: There is no 代 ("4EE3) in font phvr8t!
Missing character: There is no 器 ("5668) in font phvr8t!
Missing character: There is no 的 ("7684) in font phvr8t!
Missing character: There is no 生 ("751F) in font phvr8t!
Missing character: There is no 命 ("547D) in font phvr8t!
Missing character: There is no 周 ("5468) in font phvr8t!
Missing character: There is no 期 ("671F) in font phvr8t!
Missing character: There is no ， ("FF0C) in font phvr8t!
Missing character: There is no 提 ("63D0) in font phvr8t!
Missing character: There is no 前 ("524D) in font phvr8t!
Missing character: There is no 结 ("7ED3) in font phvr8t!
Missing character: There is no 束 ("675F) in font phvr8t!
Missing character: There is no 并 ("5E76) in font phvr8t!
Missing character: There is no 调 ("8C03) in font phvr8t!
Missing character: There is no 用 ("7528) in font phvr8t!
Missing character: There is no 保 ("4FDD) in font phvr8t!
Missing character: There is no 证 ("8BC1) in font phvr8t!
Missing character: There is no 资 ("8D44) in font phvr8t!
Missing character: There is no 源 ("6E90) in font phvr8t!
Missing character: There is no 释 ("91CA) in font phvr8t!
Missing character: There is no 放 ("653E) in font phvr8t!
Missing character: There is no ， ("FF0C) in font phvr8t!
Missing character: There is no 解 ("89E3) in font phvr8t!
Missing character: There is no 决 ("51B3) in font phvr8t!
Missing character: There is no 了 ("4E86) in font phvr8t!
Missing character: There is no 分 ("5206) in font phvr8t!
Missing character: There is no 析 ("6790) in font phvr8t!
Missing character: There is no 多 ("591A) in font phvr8t!
Missing character: There is no 个 ("4E2A) in font phvr8t!
Missing character: There is no 库 ("5E93) in font phvr8t!
Missing character: There is no 时 ("65F6) in font phvr8t!
Missing character: There is no 日 ("65E5) in font phvr8t!
Missing character: There is no 志 ("5FD7) in font phvr8t!
Missing character: There is no 重 ("91CD) in font phvr8t!
Missing character: There is no 复 ("590D) in font phvr8t!
Missing character: There is no 输 ("8F93) in font phvr8t!
Missing character: There is no 出 ("51FA) in font phvr8t!
Missing character: There is no 和 ("548C) in font phvr8t!
Missing character: There is no 数 ("6570) in font phvr8t!
Missing character: There is no 据 ("636E) in font phvr8t!
Missing character: There is no 保 ("4FDD) in font phvr8t!
Missing character: There is no 存 ("5B58) in font phvr8t!
Missing character: There is no 错 ("9519) in font phvr8t!
Missing character: There is no 误 ("8BEF) in font phvr8t!
Missing character: There is no 的 ("7684) in font phvr8t!
Missing character: There is no 问 ("95EE) in font phvr8t!
Missing character: There is no 题 ("9898) in font phvr8t!
Missing character: There is no 。 ("3002) in font phvr8t!
Missing character: There is no 子 ("5B50) in font phvr8t!
Missing character: There is no 命 ("547D) in font phvr8t!
Missing character: There is no 令 ("4EE4) in font phvr8t!
Missing character: There is no 增 ("589E) in font phvr8t!
Missing character: There is no 加 ("52A0) in font phvr8t!
Missing character: There is no 了 ("4E86) in font phvr8t!
Missing character: There is no 删 ("5220) in font phvr8t!
Missing character: There is no 除 ("9664) in font phvr8t!
Missing character: There is no 和 ("548C) in font phvr8t!
Missing character: There is no 文 ("6587) in font phvr8t!
Missing character: There is no 件 ("4EF6) in font phvr8t!
Missing character: There is no 的 ("7684) in font phvr8t!
Missing character: There is no 功 ("529F) in font phvr8t!
Missing character: There is no 能 ("80FD) in font phvr8t!
Missing character: There is no 。 ("3002) in font phvr8t!
Missing character: There is no 实 ("5B9E) in font phvr8t!
Missing character: There is no 现 ("73B0) in font phvr8t!
Missing character: There is no 了 ("4E86) in font phvr8t!
Missing character: There is no 子 ("5B50) in font phvr8t!
Missing character: There is no 命 ("547D) in font phvr8t!
Missing character: There is no 令 ("4EE4) in font phvr8t!
Missing character: There is no 的 ("7684) in font phvr8t!
Missing character: There is no 多 ("591A) in font phvr8t!
Missing character: There is no 线 ("7EBF) in font phvr8t!
Missing character: There is no 程 ("7A0B) in font phvr8t!
Missing character: There is no 并 ("5E76) in font phvr8t!
Missing character: There is no 行 ("884C) in font phvr8t!
Missing character: There is no 。 ("3002) in font phvr8t!
Missing character: There is no 首 ("9996) in font phvr8t!
Missing character: There is no 先 ("5148) in font phvr8t!
Missing character: There is no 检 ("68C0) in font phvr8t!
Missing character: There is no 查 ("67E5) in font phvr8t!
Missing character: There is no 是 ("662F) in font phvr8t!
Missing character: There is no 否 ("5426) in font phvr8t!
Missing character: There is no 是 ("662F) in font phvr8t!
Missing character: There is no 多 ("591A) in font phvr8t!
Missing character: There is no 文 ("6587) in font phvr8t!
Missing character: There is no 件 ("4EF6) in font phvr8t!
Missing character: There is no 输 ("8F93) in font phvr8t!
Missing character: There is no 入 ("5165) in font phvr8t!
Missing character: There is no ， ("FF0C) in font phvr8t!
Missing character: There is no 如 ("5982) in font phvr8t!
Missing character: There is no 果 ("679C) in font phvr8t!
Missing character: There is no 是 ("662F) in font phvr8t!
Missing character: There is no ， ("FF0C) in font phvr8t!
Missing character: There is no 就 ("5C31) in font phvr8t!
Missing character: There is no 顺 ("987A) in font phvr8t!
Missing character: There is no 序 ("5E8F) in font phvr8t!
Missing character: There is no 检 ("68C0) in font phvr8t!
Missing character: There is no 查 ("67E5) in font phvr8t!
Missing character: There is no 是 ("662F) in font phvr8t!
Missing character: There is no 否 ("5426) in font phvr8t!
Missing character: There is no 准 ("51C6) in font phvr8t!
Missing character: There is no 备 ("5907) in font phvr8t!
Missing character: There is no 好 ("597D) in font phvr8t!
Missing character: There is no 了 ("4E86) in font phvr8t!
Missing character: There is no 每 ("6BCF) in font phvr8t!
Missing character: There is no 个 ("4E2A) in font phvr8t!
Missing character: There is no 文 ("6587) in font phvr8t!
Missing character: There is no 件 ("4EF6) in font phvr8t!
Missing character: There is no 的 ("7684) in font phvr8t!
Missing character: There is no 文 ("6587) in font phvr8t!
Missing character: There is no 件 ("4EF6) in font phvr8t!
Missing character: There is no ， ("FF0C) in font phvr8t!
Missing character: There is no 否 ("5426) in font phvr8t!
Missing character: There is no 则 ("5219) in font phvr8t!
Missing character: There is no 顺 ("987A) in font phvr8t!
Missing character: There is no 序 ("5E8F) in font phvr8t!
Missing character: There is no 进 ("8FDB) in font phvr8t!
Missing character: There is no 行 ("884C) in font phvr8t!
Missing character: There is no 多 ("591A) in font phvr8t!
Missing character: There is no 文 ("6587) in font phvr8t!
Missing character: There is no 件 ("4EF6) in font phvr8t!
Missing character: There is no 库 ("5E93) in font phvr8t!
Missing character: There is no 解 ("89E3) in font phvr8t!
Missing character: There is no 析 ("6790) in font phvr8t!
Missing character: There is no 。 ("3002) in font phvr8t!
Missing character: There is no 在 ("5728) in font phvr8t!
Missing character: There is no 所 ("6240) in font phvr8t!
Missing character: There is no 有 ("6709) in font phvr8t!
Missing character: There is no 文 ("6587) in font phvr8t!
Missing character: There is no 件 ("4EF6) in font phvr8t!
Missing character: There is no 的 ("7684) in font phvr8t!
Missing character: There is no 准 ("51C6) in font phvr8t!
Missing character: There is no 备 ("5907) in font phvr8t!
Missing character: There is no 就 ("5C31) in font phvr8t!
Missing character: There is no 绪 ("7EEA) in font phvr8t!
Missing character: There is no 后 ("540E) in font phvr8t!
Missing character: There is no ， ("FF0C) in font phvr8t!
Missing character: There is no 根 ("6839) in font phvr8t!
Missing character: There is no 据 ("636E) in font phvr8t!
Missing character: There is no 文 ("6587) in font phvr8t!
Missing character: There is no 件 ("4EF6) in font phvr8t!
Missing character: There is no 数 ("6570) in font phvr8t!
Missing character: There is no 量 ("91CF) in font phvr8t!
Missing character: There is no 创 ("521B) in font phvr8t!
Missing character: There is no 建 ("5EFA) in font phvr8t!
Missing character: There is no 线 ("7EBF) in font phvr8t!
Missing character: There is no 程 ("7A0B) in font phvr8t!
Missing character: There is no 池 ("6C60) in font phvr8t!
Missing character: There is no ， ("FF0C) in font phvr8t!
Missing character: There is no 每 ("6BCF) in font phvr8t!
Missing character: There is no 个 ("4E2A) in font phvr8t!
Missing character: There is no 线 ("7EBF) in font phvr8t!
Missing character: There is no 程 ("7A0B) in font phvr8t!
Missing character: There is no 负 ("8D1F) in font phvr8t!
Missing character: There is no 责 ("8D23) in font phvr8t!
Missing character: There is no 一 ("4E00) in font phvr8t!
Missing character: There is no 个 ("4E2A) in font phvr8t!
Missing character: There is no 库 ("5E93) in font phvr8t!
Missing character: There is no 的 ("7684) in font phvr8t!
Missing character: There is no 单 ("5355) in font phvr8t!
Missing character: There is no 调 ("8C03) in font phvr8t!
Missing character: There is no 性 ("6027) in font phvr8t!
Missing character: There is no 检 ("68C0) in font phvr8t!
Missing character: There is no 查 ("67E5) in font phvr8t!
Missing character: There is no 。 ("3002) in font phvr8t!
Missing character: There is no 重 ("91CD) in font phvr8t!
Missing character: There is no 构 ("6784) in font phvr8t!
Missing character: There is no 了 ("4E86) in font phvr8t!
Missing character: There is no 日 ("65E5) in font phvr8t!
Missing character: There is no 志 ("5FD7) in font phvr8t!
Missing character: There is no 初 ("521D) in font phvr8t!
Missing character: There is no 始 ("59CB) in font phvr8t!
Missing character: There is no 化 ("5316) in font phvr8t!
Missing character: There is no ， ("FF0C) in font phvr8t!
Missing character: There is no 返 ("8FD4) in font phvr8t!
Missing character: There is no 回 ("56DE) in font phvr8t!
Missing character: There is no 对 ("5BF9) in font phvr8t!
Missing character: There is no 象 ("8C61) in font phvr8t!
Missing character: There is no 而 ("800C) in font phvr8t!
Missing character: There is no 不 ("4E0D) in font phvr8t!
Missing character: There is no 是 ("662F) in font phvr8t!
Missing character: There is no 设 ("8BBE) in font phvr8t!
Missing character: There is no 置 ("7F6E) in font phvr8t!
Missing character: There is no 全 ("5168) in font phvr8t!
Missing character: There is no 局 ("5C40) in font phvr8t!
Missing character: There is no 默 ("9ED8) in font phvr8t!
Missing character: There is no 认 ("8BA4) in font phvr8t!
Missing character: There is no 。 ("3002) in font phvr8t!
Missing character: There is no 保 ("4FDD) in font phvr8t!
Missing character: There is no 留 ("7559) in font phvr8t!
Missing character: There is no 名 ("540D) in font phvr8t!
Missing character: There is no 为 ("4E3A) in font phvr8t!
Missing character: There is no 的 ("7684) in font phvr8t!
Missing character: There is no 全 ("5168) in font phvr8t!
Missing character: There is no 局 ("5C40) in font phvr8t!
Missing character: There is no ， ("FF0C) in font phvr8t!
Missing character: There is no 用 ("7528) in font phvr8t!
Missing character: There is no 于 ("4E8E) in font phvr8t!
Missing character: There is no 输 ("8F93) in font phvr8t!
Missing character: There is no 出 ("51FA) in font phvr8t!
Missing character: There is no 总 ("603B) in font phvr8t!
Missing character: There is no 体 ("4F53) in font phvr8t!
Missing character: There is no 提 ("63D0) in font phvr8t!
Missing character: There is no 示 ("793A) in font phvr8t!
Missing character: There is no 信 ("4FE1) in font phvr8t!
Missing character: There is no 息 ("606F) in font phvr8t!
Missing character: There is no 。 ("3002) in font phvr8t!
Missing character: There is no 为 ("4E3A) in font phvr8t!
Missing character: There is no 类 ("7C7B) in font phvr8t!
Missing character: There is no 添 ("6DFB) in font phvr8t!
Missing character: There is no 加 ("52A0) in font phvr8t!
Missing character: There is no 了 ("4E86) in font phvr8t!
Missing character: There is no 独 ("72EC) in font phvr8t!
Missing character: There is no 立 ("7ACB) in font phvr8t!
Missing character: There is no 的 ("7684) in font phvr8t!
Missing character: There is no 成 ("6210) in font phvr8t!
Missing character: There is no 员 ("5458) in font phvr8t!
Missing character: There is no 变 ("53D8) in font phvr8t!
Missing character: There is no 量 ("91CF) in font phvr8t!
Missing character: There is no ， ("FF0C) in font phvr8t!
Missing character: There is no 用 ("7528) in font phvr8t!
Missing character: There is no 于 ("4E8E) in font phvr8t!
Missing character: There is no 记 ("8BB0) in font phvr8t!
Missing character: There is no 录 ("5F55) in font phvr8t!
Missing character: There is no 每 ("6BCF) in font phvr8t!
Missing character: There is no 个 ("4E2A) in font phvr8t!
Missing character: There is no 库 ("5E93) in font phvr8t!
Missing character: There is no 文 ("6587) in font phvr8t!
Missing character: There is no 件 ("4EF6) in font phvr8t!
Missing character: There is no 的 ("7684) in font phvr8t!
Missing character: There is no 日 ("65E5) in font phvr8t!
Missing character: There is no 志 ("5FD7) in font phvr8t!
Missing character: There is no 信 ("4FE1) in font phvr8t!
Missing character: There is no 息 ("606F) in font phvr8t!
Missing character: There is no 。 ("3002) in font phvr8t!
Missing character: There is no 完 ("5B8C) in font phvr8t!
Missing character: There is no 成 ("6210) in font phvr8t!
Missing character: There is no 了 ("4E86) in font phvr8t!
Missing character: There is no 子 ("5B50) in font phvr8t!
Missing character: There is no 命 ("547D) in font phvr8t!
Missing character: There is no 令 ("4EE4) in font phvr8t!
Missing character: There is no 的 ("7684) in font phvr8t!
Missing character: There is no 多 ("591A) in font phvr8t!
Missing character: There is no 线 ("7EBF) in font phvr8t!
Missing character: There is no 程 ("7A0B) in font phvr8t!
Missing character: There is no 并 ("5E76) in font phvr8t!
Missing character: There is no 行 ("884C) in font phvr8t!
Missing character: There is no ， ("FF0C) in font phvr8t!
Missing character: There is no 处 ("5904) in font phvr8t!
Missing character: There is no 理 ("7406) in font phvr8t!
Missing character: There is no 逻 ("903B) in font phvr8t!
Missing character: There is no 辑 ("8F91) in font phvr8t!
Missing character: There is no 与 ("4E0E) in font phvr8t!
Missing character: There is no 子 ("5B50) in font phvr8t!
Missing character: There is no 命 ("547D) in font phvr8t!
Missing character: There is no 令 ("4EE4) in font phvr8t!
Missing character: There is no 类 ("7C7B) in font phvr8t!
Missing character: There is no 似 ("4F3C) in font phvr8t!
Missing character: There is no 。 ("3002) in font phvr8t!
Missing character: There is no 方 ("65B9) in font phvr8t!
Missing character: There is no 法 ("6CD5) in font phvr8t!
Missing character: There is no 测 ("6D4B) in font phvr8t!
Missing character: There is no 试 ("8BD5) in font phvr8t!
Missing character: There is no 了 ("4E86) in font phvr8t!
Missing character: There is no 库 ("5E93) in font phvr8t!
Missing character: There is no 的 ("7684) in font phvr8t!
Missing character: There is no 表 ("8868) in font phvr8t!
Missing character: There is no 格 ("683C) in font phvr8t!
Missing character: There is no 输 ("8F93) in font phvr8t!
Missing character: There is no 出 ("51FA) in font phvr8t!
Missing character: There is no 功 ("529F) in font phvr8t!
Missing character: There is no 能 ("80FD) in font phvr8t!
Missing character: There is no ， ("FF0C) in font phvr8t!
Missing character: There is no 完 ("5B8C) in font phvr8t!
Missing character: There is no 善 ("5584) in font phvr8t!
Missing character: There is no 了 ("4E86) in font phvr8t!
Missing character: There is no 报 ("62A5) in font phvr8t!
Missing character: There is no 告 ("544A) in font phvr8t!
Missing character: There is no 的 ("7684) in font phvr8t!
Missing character: There is no 头 ("5934) in font phvr8t!
Missing character: There is no 部 ("90E8) in font phvr8t!
Missing character: There is no 信 ("4FE1) in font phvr8t!
Missing character: There is no 息 ("606F) in font phvr8t!
Missing character: There is no 输 ("8F93) in font phvr8t!
Missing character: There is no 出 ("51FA) in font phvr8t!
Missing character: There is no ， ("FF0C) in font phvr8t!
Missing character: There is no 包 ("5305) in font phvr8t!
Missing character: There is no 括 ("62EC) in font phvr8t!
Missing character: There is no 参 ("53C2) in font phvr8t!
Missing character: There is no 考 ("8003) in font phvr8t!
Missing character: There is no 库 ("5E93) in font phvr8t!
Missing character: There is no 、 ("3001) in font phvr8t!
Missing character: There is no 比 ("6BD4) in font phvr8t!
Missing character: There is no 较 ("8F83) in font phvr8t!
Missing character: There is no 库 ("5E93) in font phvr8t!
Missing character: There is no 、 ("3001) in font phvr8t!
Missing character: There is no 相 ("76F8) in font phvr8t!
Missing character: There is no 对 ("5BF9) in font phvr8t!
Missing character: There is no 容 ("5BB9) in font phvr8t!
Missing character: There is no 差 ("5DEE) in font phvr8t!
Missing character: There is no 、 ("3001) in font phvr8t!
Missing character: There is no 软 ("8F6F) in font phvr8t!
Missing character: There is no 件 ("4EF6) in font phvr8t!
Missing character: There is no 信 ("4FE1) in font phvr8t!
Missing character: There is no 息 ("606F) in font phvr8t!
Missing character: There is no 、 ("3001) in font phvr8t!
Missing character: There is no 报 ("62A5) in font phvr8t!
Missing character: There is no 告 ("544A) in font phvr8t!
Missing character: There is no 生 ("751F) in font phvr8t!
Missing character: There is no 成 ("6210) in font phvr8t!
Missing character: There is no 时 ("65F6) in font phvr8t!
Missing character: There is no 间 ("95F4) in font phvr8t!
Missing character: There is no 和 ("548C) in font phvr8t!
Missing character: There is no 图 ("56FE) in font phvr8t!
Missing character: There is no 例 ("4F8B) in font phvr8t!
Missing character: There is no 说 ("8BF4) in font phvr8t!
Missing character: There is no 明 ("660E) in font phvr8t!
Missing character: There is no 。 ("3002) in font phvr8t!
Missing character: There is no 针 ("9488) in font phvr8t!
Missing character: There is no 对 ("5BF9) in font phvr8t!
Missing character: There is no 子 ("5B50) in font phvr8t!
Missing character: There is no 命 ("547D) in font phvr8t!
Missing character: There is no 令 ("4EE4) in font phvr8t!
Missing character: There is no ， ("FF0C) in font phvr8t!
Missing character: There is no 增 ("589E) in font phvr8t!
Missing character: There is no 加 ("52A0) in font phvr8t!
Missing character: There is no 了 ("4E86) in font phvr8t!
Missing character: There is no 对 ("5BF9) in font phvr8t!
Missing character: There is no 报 ("62A5) in font phvr8t!
Missing character: There is no 告 ("544A) in font phvr8t!
Missing character: There is no 文 ("6587) in font phvr8t!
Missing character: There is no 件 ("4EF6) in font phvr8t!
Missing character: There is no 名 ("540D) in font phvr8t!
Missing character: There is no 的 ("7684) in font phvr8t!
Missing character: There is no 检 ("68C0) in font phvr8t!
Missing character: There is no 查 ("67E5) in font phvr8t!
Missing character: There is no ， ("FF0C) in font phvr8t!
Missing character: There is no 确 ("786E) in font phvr8t!
Missing character: There is no 保 ("4FDD) in font phvr8t!
Missing character: There is no 其 ("5176) in font phvr8t!
Missing character: There is no 以 ("4EE5) in font phvr8t!
Missing character: There is no 或 ("6216) in font phvr8t!
Missing character: There is no 结 ("7ED3) in font phvr8t!
Missing character: There is no 尾 ("5C3E) in font phvr8t!
Missing character: There is no 。 ("3002) in font phvr8t!
Missing character: There is no 若 ("82E5) in font phvr8t!
Missing character: There is no 不 ("4E0D) in font phvr8t!
Missing character: There is no 符 ("7B26) in font phvr8t!
Missing character: There is no 合 ("5408) in font phvr8t!
Missing character: There is no ， ("FF0C) in font phvr8t!
Missing character: There is no 则 ("5219) in font phvr8t!
Missing character: There is no 给 ("7ED9) in font phvr8t!
Missing character: There is no 出 ("51FA) in font phvr8t!
Missing character: There is no 警 ("8B66) in font phvr8t!
Missing character: There is no 告 ("544A) in font phvr8t!
Missing character: There is no 并 ("5E76) in font phvr8t!
Missing character: There is no 自 ("81EA) in font phvr8t!
Missing character: There is no 动 ("52A8) in font phvr8t!
Missing character: There is no 添 ("6DFB) in font phvr8t!
Missing character: There is no 加 ("52A0) in font phvr8t!
Missing character: There is no 后 ("540E) in font phvr8t!
Missing character: There is no 缀 ("7F00) in font phvr8t!
Missing character: There is no 。 ("3002) in font phvr8t!


[4]
Missing character: There is no 进 ("8FDB) in font phvr8t!
Missing character: There is no 一 ("4E00) in font phvr8t!
Missing character: There is no 步 ("6B65) in font phvr8t!
Missing character: There is no 完 ("5B8C) in font phvr8t!
Missing character: There is no 善 ("5584) in font phvr8t!
Missing character: There is no 了 ("4E86) in font phvr8t!
Missing character: There is no 方 ("65B9) in font phvr8t!
Missing character: There is no 法 ("6CD5) in font phvr8t!
Missing character: There is no 。 ("3002) in font phvr8t!
Missing character: There is no 现 ("73B0) in font phvr8t!
Missing character: There is no 在 ("5728) in font phvr8t!
Missing character: There is no ， ("FF0C) in font phvr8t!
Missing character: There is no 该 ("8BE5) in font phvr8t!
Missing character: There is no 方 ("65B9) in font phvr8t!
Missing character: There is no 法 ("6CD5) in font phvr8t!
Missing character: There is no 能 ("80FD) in font phvr8t!
Missing character: There is no 够 ("591F) in font phvr8t!
Missing character: There is no 遍 ("904D) in font phvr8t!
Missing character: There is no 历 ("5386) in font phvr8t!
Missing character: There is no 比 ("6BD4) in font phvr8t!
Missing character: There is no 较 ("8F83) in font phvr8t!
Missing character: There is no 库 ("5E93) in font phvr8t!
Missing character: There is no 中 ("4E2D) in font phvr8t!
Missing character: There is no 的 ("7684) in font phvr8t!
Missing character: There is no 所 ("6240) in font phvr8t!
Missing character: There is no 有 ("6709) in font phvr8t!
Missing character: There is no ， ("FF0C) in font phvr8t!
Missing character: There is no 并 ("5E76) in font phvr8t!
Missing character: There is no 在 ("5728) in font phvr8t!
Missing character: There is no 参 ("53C2) in font phvr8t!
Missing character: There is no 考 ("8003) in font phvr8t!
Missing character: There is no 库 ("5E93) in font phvr8t!
Missing character: There is no 中 ("4E2D) in font phvr8t!
Missing character: There is no 查 ("67E5) in font phvr8t!
Missing character: There is no 找 ("627E) in font phvr8t!
Missing character: There is no 对 ("5BF9) in font phvr8t!
Missing character: There is no 应 ("5E94) in font phvr8t!
Missing character: There is no 的 ("7684) in font phvr8t!
Missing character: There is no 。 ("3002) in font phvr8t!
Missing character: There is no 如 ("5982) in font phvr8t!
Missing character: There is no 果 ("679C) in font phvr8t!
Missing character: There is no 找 ("627E) in font phvr8t!
Missing character: There is no 到 ("5230) in font phvr8t!
Missing character: There is no ， ("FF0C) in font phvr8t!
Missing character: There is no 则 ("5219) in font phvr8t!
Missing character: There is no 调 ("8C03) in font phvr8t!
Missing character: There is no 用 ("7528) in font phvr8t!
Missing character: There is no 方 ("65B9) in font phvr8t!
Missing character: There is no 法 ("6CD5) in font phvr8t!
Missing character: There is no 进 ("8FDB) in font phvr8t!
Missing character: There is no 行 ("884C) in font phvr8t!
Missing character: There is no 比 ("6BD4) in font phvr8t!
Missing character: There is no 较 ("8F83) in font phvr8t!
Missing character: There is no ； ("FF1B) in font phvr8t!
Missing character: There is no 否 ("5426) in font phvr8t!
Missing character: There is no 则 ("5219) in font phvr8t!
Missing character: There is no ， ("FF0C) in font phvr8t!
Missing character: There is no 会 ("4F1A) in font phvr8t!
Missing character: There is no 记 ("8BB0) in font phvr8t!
Missing character: There is no 录 ("5F55) in font phvr8t!
Missing character: There is no 未 ("672A) in font phvr8t!
Missing character: There is no 找 ("627E) in font phvr8t!
Missing character: There is no 到 ("5230) in font phvr8t!
Missing character: There is no 的 ("7684) in font phvr8t!
Missing character: There is no 警 ("8B66) in font phvr8t!
Missing character: There is no 告 ("544A) in font phvr8t!
Missing character: There is no 信 ("4FE1) in font phvr8t!
Missing character: There is no 息 ("606F) in font phvr8t!
Missing character: There is no 。 ("3002) in font phvr8t!
Missing character: There is no 新 ("65B0) in font phvr8t!
Missing character: There is no 增 ("589E) in font phvr8t!
Missing character: There is no 了 ("4E86) in font phvr8t!
Missing character: There is no 方 ("65B9) in font phvr8t!
Missing character: There is no 法 ("6CD5) in font phvr8t!
Missing character: There is no ， ("FF0C) in font phvr8t!
Missing character: There is no 用 ("7528) in font phvr8t!
Missing character: There is no 于 ("4E8E) in font phvr8t!
Missing character: There is no 比 ("6BD4) in font phvr8t!
Missing character: There is no 较 ("8F83) in font phvr8t!
Missing character: There is no 两 ("4E24) in font phvr8t!
Missing character: There is no 个 ("4E2A) in font phvr8t!
Missing character: There is no 库 ("5E93) in font phvr8t!
Missing character: There is no 中 ("4E2D) in font phvr8t!
Missing character: There is no 同 ("540C) in font phvr8t!
Missing character: There is no 名 ("540D) in font phvr8t!
Missing character: There is no 的 ("7684) in font phvr8t!
Missing character: There is no 输 ("8F93) in font phvr8t!
Missing character: There is no 出 ("51FA) in font phvr8t!
Missing character: There is no 引 ("5F15) in font phvr8t!
Missing character: There is no 脚 ("811A) in font phvr8t!
Missing character: There is no 。 ("3002) in font phvr8t!
Missing character: There is no 该 ("8BE5) in font phvr8t!
Missing character: There is no 方 ("65B9) in font phvr8t!
Missing character: There is no 法 ("6CD5) in font phvr8t!
Missing character: There is no 会 ("4F1A) in font phvr8t!
Missing character: There is no 遍 ("904D) in font phvr8t!
Missing character: There is no 历 ("5386) in font phvr8t!
Missing character: There is no 比 ("6BD4) in font phvr8t!
Missing character: There is no 较 ("8F83) in font phvr8t!
Missing character: There is no 库 ("5E93) in font phvr8t!
Missing character: There is no 的 ("7684) in font phvr8t!
Missing character: There is no 每 ("6BCF) in font phvr8t!
Missing character: There is no 个 ("4E2A) in font phvr8t!
Missing character: There is no 输 ("8F93) in font phvr8t!
Missing character: There is no 出 ("51FA) in font phvr8t!
Missing character: There is no 引 ("5F15) in font phvr8t!
Missing character: There is no 脚 ("811A) in font phvr8t!
Missing character: There is no ， ("FF0C) in font phvr8t!
Missing character: There is no 在 ("5728) in font phvr8t!
Missing character: There is no 参 ("53C2) in font phvr8t!
Missing character: There is no 考 ("8003) in font phvr8t!
Missing character: There is no 库 ("5E93) in font phvr8t!
Missing character: There is no 中 ("4E2D) in font phvr8t!
Missing character: There is no 寻 ("5BFB) in font phvr8t!
Missing character: There is no 找 ("627E) in font phvr8t!
Missing character: There is no 同 ("540C) in font phvr8t!
Missing character: There is no 名 ("540D) in font phvr8t!
Missing character: There is no 引 ("5F15) in font phvr8t!
Missing character: There is no 脚 ("811A) in font phvr8t!
Missing character: There is no 。 ("3002) in font phvr8t!
Missing character: There is no 如 ("5982) in font phvr8t!
Missing character: There is no 果 ("679C) in font phvr8t!
Missing character: There is no 找 ("627E) in font phvr8t!
Missing character: There is no 到 ("5230) in font phvr8t!
Missing character: There is no ， ("FF0C) in font phvr8t!
Missing character: There is no 则 ("5219) in font phvr8t!
Missing character: There is no 调 ("8C03) in font phvr8t!
Missing character: There is no 用 ("7528) in font phvr8t!
Missing character: There is no 函 ("51FD) in font phvr8t!
Missing character: There is no 数 ("6570) in font phvr8t!
Missing character: There is no 比 ("6BD4) in font phvr8t!
Missing character: There is no 较 ("8F83) in font phvr8t!
Missing character: There is no 引 ("5F15) in font phvr8t!
Missing character: There is no 脚 ("811A) in font phvr8t!
Missing character: There is no ； ("FF1B) in font phvr8t!
Missing character: There is no 如 ("5982) in font phvr8t!
Missing character: There is no 果 ("679C) in font phvr8t!
Missing character: There is no 未 ("672A) in font phvr8t!
Missing character: There is no 找 ("627E) in font phvr8t!
Missing character: There is no 到 ("5230) in font phvr8t!
Missing character: There is no ， ("FF0C) in font phvr8t!
Missing character: There is no 则 ("5219) in font phvr8t!
Missing character: There is no 记 ("8BB0) in font phvr8t!
Missing character: There is no 录 ("5F55) in font phvr8t!
Missing character: There is no 警 ("8B66) in font phvr8t!
Missing character: There is no 告 ("544A) in font phvr8t!
Missing character: There is no 信 ("4FE1) in font phvr8t!
Missing character: There is no 息 ("606F) in font phvr8t!
Missing character: There is no 。 ("3002) in font phvr8t!
Missing character: There is no 如 ("5982) in font phvr8t!
Missing character: There is no 果 ("679C) in font phvr8t!
Missing character: There is no 比 ("6BD4) in font phvr8t!
Missing character: There is no 较 ("8F83) in font phvr8t!
Missing character: There is no 库 ("5E93) in font phvr8t!
Missing character: There is no 没 ("6CA1) in font phvr8t!
Missing character: There is no 有 ("6709) in font phvr8t!
Missing character: There is no 输 ("8F93) in font phvr8t!
Missing character: There is no 出 ("51FA) in font phvr8t!
Missing character: There is no 引 ("5F15) in font phvr8t!
Missing character: There is no 脚 ("811A) in font phvr8t!
Missing character: There is no ， ("FF0C) in font phvr8t!
Missing character: There is no 则 ("5219) in font phvr8t!
Missing character: There is no 会 ("4F1A) in font phvr8t!
Missing character: There is no 记 ("8BB0) in font phvr8t!
Missing character: There is no 录 ("5F55) in font phvr8t!
Missing character: There is no 一 ("4E00) in font phvr8t!
Missing character: There is no 条 ("6761) in font phvr8t!
Missing character: There is no 信 ("4FE1) in font phvr8t!
Missing character: There is no 息 ("606F) in font phvr8t!
Missing character: There is no 级 ("7EA7) in font phvr8t!
Missing character: There is no 别 ("522B) in font phvr8t!
Missing character: There is no 的 ("7684) in font phvr8t!
Missing character: There is no 日 ("65E5) in font phvr8t!
Missing character: There is no 志 ("5FD7) in font phvr8t!
Missing character: There is no 。 ("3002) in font phvr8t!
Missing character: There is no 新 ("65B0) in font phvr8t!
Missing character: There is no 增 ("589E) in font phvr8t!
Missing character: There is no 了 ("4E86) in font phvr8t!
Missing character: There is no 方 ("65B9) in font phvr8t!
Missing character: There is no 法 ("6CD5) in font phvr8t!
Missing character: There is no ， ("FF0C) in font phvr8t!
Missing character: There is no 用 ("7528) in font phvr8t!
Missing character: There is no 于 ("4E8E) in font phvr8t!
Missing character: There is no 比 ("6BD4) in font phvr8t!
Missing character: There is no 较 ("8F83) in font phvr8t!
Missing character: There is no 两 ("4E24) in font phvr8t!
Missing character: There is no 个 ("4E2A) in font phvr8t!
Missing character: There is no 库 ("5E93) in font phvr8t!
Missing character: There is no 中 ("4E2D) in font phvr8t!
Missing character: There is no 同 ("540C) in font phvr8t!
Missing character: There is no 名 ("540D) in font phvr8t!
Missing character: There is no 的 ("7684) in font phvr8t!
Missing character: There is no 同 ("540C) in font phvr8t!
Missing character: There is no 名 ("540D) in font phvr8t!
Missing character: There is no 引 ("5F15) in font phvr8t!
Missing character: There is no 脚 ("811A) in font phvr8t!
Missing character: There is no 。 ("3002) in font phvr8t!
Missing character: There is no 它 ("5B83) in font phvr8t!
Missing character: There is no 会 ("4F1A) in font phvr8t!
Missing character: There is no 遍 ("904D) in font phvr8t!
Missing character: There is no 历 ("5386) in font phvr8t!
Missing character: There is no 比 ("6BD4) in font phvr8t!
Missing character: There is no 较 ("8F83) in font phvr8t!
Missing character: There is no 库 ("5E93) in font phvr8t!
Missing character: There is no 的 ("7684) in font phvr8t!
Missing character: There is no 每 ("6BCF) in font phvr8t!
Missing character: There is no 个 ("4E2A) in font phvr8t!
Missing character: There is no ， ("FF0C) in font phvr8t!
Missing character: There is no 并 ("5E76) in font phvr8t!
Missing character: There is no 在 ("5728) in font phvr8t!
Missing character: There is no 参 ("53C2) in font phvr8t!
Missing character: There is no 考 ("8003) in font phvr8t!
Missing character: There is no 库 ("5E93) in font phvr8t!
Missing character: There is no 中 ("4E2D) in font phvr8t!
Missing character: There is no 查 ("67E5) in font phvr8t!
Missing character: There is no 找 ("627E) in font phvr8t!
Missing character: There is no 相 ("76F8) in font phvr8t!
Missing character: There is no 同 ("540C) in font phvr8t!
Missing character: There is no 类 ("7C7B) in font phvr8t!
Missing character: There is no 型 ("578B) in font phvr8t!
Missing character: There is no 的 ("7684) in font phvr8t!
Missing character: There is no 。 ("3002) in font phvr8t!
Missing character: There is no 如 ("5982) in font phvr8t!
Missing character: There is no 果 ("679C) in font phvr8t!
Missing character: There is no 找 ("627E) in font phvr8t!
Missing character: There is no 到 ("5230) in font phvr8t!
Missing character: There is no ， ("FF0C) in font phvr8t!
Missing character: There is no 则 ("5219) in font phvr8t!
Missing character: There is no 调 ("8C03) in font phvr8t!
Missing character: There is no 用 ("7528) in font phvr8t!
Missing character: There is no 函 ("51FD) in font phvr8t!
Missing character: There is no 数 ("6570) in font phvr8t!
Missing character: There is no 进 ("8FDB) in font phvr8t!
Missing character: There is no 行 ("884C) in font phvr8t!
Missing character: There is no 比 ("6BD4) in font phvr8t!
Missing character: There is no 较 ("8F83) in font phvr8t!
Missing character: There is no ； ("FF1B) in font phvr8t!
Missing character: There is no 如 ("5982) in font phvr8t!
Missing character: There is no 果 ("679C) in font phvr8t!
Missing character: There is no 未 ("672A) in font phvr8t!
Missing character: There is no 找 ("627E) in font phvr8t!
Missing character: There is no 到 ("5230) in font phvr8t!
Missing character: There is no ， ("FF0C) in font phvr8t!
Missing character: There is no 则 ("5219) in font phvr8t!
Missing character: There is no 记 ("8BB0) in font phvr8t!
Missing character: There is no 录 ("5F55) in font phvr8t!
Missing character: There is no 警 ("8B66) in font phvr8t!
Missing character: There is no 告 ("544A) in font phvr8t!
Missing character: There is no 信 ("4FE1) in font phvr8t!
Missing character: There is no 息 ("606F) in font phvr8t!
Missing character: There is no 。 ("3002) in font phvr8t!
Missing character: There is no 如 ("5982) in font phvr8t!
Missing character: There is no 果 ("679C) in font phvr8t!
Missing character: There is no 比 ("6BD4) in font phvr8t!
Missing character: There is no 较 ("8F83) in font phvr8t!
Missing character: There is no 库 ("5E93) in font phvr8t!
Missing character: There is no 没 ("6CA1) in font phvr8t!
Missing character: There is no 有 ("6709) in font phvr8t!
Missing character: There is no ， ("FF0C) in font phvr8t!
Missing character: There is no 则 ("5219) in font phvr8t!
Missing character: There is no 记 ("8BB0) in font phvr8t!
Missing character: There is no 录 ("5F55) in font phvr8t!
Missing character: There is no 一 ("4E00) in font phvr8t!
Missing character: There is no 条 ("6761) in font phvr8t!
Missing character: There is no 信 ("4FE1) in font phvr8t!
Missing character: There is no 息 ("606F) in font phvr8t!
Missing character: There is no 级 ("7EA7) in font phvr8t!
Missing character: There is no 别 ("522B) in font phvr8t!
Missing character: There is no 的 ("7684) in font phvr8t!
Missing character: There is no 日 ("65E5) in font phvr8t!
Missing character: There is no 志 ("5FD7) in font phvr8t!
Missing character: There is no 。 ("3002) in font phvr8t!
Missing character: There is no 修 ("4FEE) in font phvr8t!
Missing character: There is no 改 ("6539) in font phvr8t!
Missing character: There is no 了 ("4E86) in font phvr8t!
Missing character: There is no 方 ("65B9) in font phvr8t!
Missing character: There is no 法 ("6CD5) in font phvr8t!
Missing character: There is no ， ("FF0C) in font phvr8t!
Missing character: There is no 用 ("7528) in font phvr8t!
Missing character: There is no 于 ("4E8E) in font phvr8t!
Missing character: There is no 比 ("6BD4) in font phvr8t!
Missing character: There is no 较 ("8F83) in font phvr8t!
Missing character: There is no 两 ("4E24) in font phvr8t!
Missing character: There is no 个 ("4E2A) in font phvr8t!
Missing character: There is no 对 ("5BF9) in font phvr8t!
Missing character: There is no 象 ("8C61) in font phvr8t!
Missing character: There is no 。 ("3002) in font phvr8t!
Missing character: There is no 该 ("8BE5) in font phvr8t!
Missing character: There is no 方 ("65B9) in font phvr8t!
Missing character: There is no 法 ("6CD5) in font phvr8t!
Missing character: There is no 首 ("9996) in font phvr8t!
Missing character: There is no 先 ("5148) in font phvr8t!
Missing character: There is no 记 ("8BB0) in font phvr8t!
Missing character: There is no 录 ("5F55) in font phvr8t!
Missing character: There is no 正 ("6B63) in font phvr8t!
Missing character: There is no 在 ("5728) in font phvr8t!
Missing character: There is no 比 ("6BD4) in font phvr8t!
Missing character: There is no 较 ("8F83) in font phvr8t!
Missing character: There is no 的 ("7684) in font phvr8t!
Missing character: There is no 的 ("7684) in font phvr8t!
Missing character: There is no 类 ("7C7B) in font phvr8t!
Missing character: There is no 型 ("578B) in font phvr8t!
Missing character: There is no ， ("FF0C) in font phvr8t!
Missing character: There is no 然 ("7136) in font phvr8t!
Missing character: There is no 后 ("540E) in font phvr8t!
Missing character: There is no 提 ("63D0) in font phvr8t!
Missing character: There is no 取 ("53D6) in font phvr8t!
Missing character: There is no 属 ("5C5E) in font phvr8t!
Missing character: There is no 性 ("6027) in font phvr8t!
Missing character: There is no 。 ("3002) in font phvr8t!
Missing character: There is no 接 ("63A5) in font phvr8t!
Missing character: There is no 着 ("7740) in font phvr8t!
Missing character: There is no ， ("FF0C) in font phvr8t!
Missing character: There is no 它 ("5B83) in font phvr8t!
Missing character: There is no 遍 ("904D) in font phvr8t!
Missing character: There is no 历 ("5386) in font phvr8t!
Missing character: There is no 预 ("9884) in font phvr8t!
Missing character: There is no 定 ("5B9A) in font phvr8t!
Missing character: There is no 义 ("4E49) in font phvr8t!
Missing character: There is no 的 ("7684) in font phvr8t!
Missing character: There is no 名 ("540D) in font phvr8t!
Missing character: There is no 称 ("79F0) in font phvr8t!
Missing character: There is no 列 ("5217) in font phvr8t!
Missing character: There is no 表 ("8868) in font phvr8t!
Missing character: There is no （ ("FF08) in font phvr8t!
Missing character: There is no ） ("FF09) in font phvr8t!
Missing character: There is no ， ("FF0C) in font phvr8t!
Missing character: There is no 并 ("5E76) in font phvr8t!
Missing character: There is no 在 ("5728) in font phvr8t!
Missing character: There is no 比 ("6BD4) in font phvr8t!
Missing character: There is no 较 ("8F83) in font phvr8t!
Missing character: There is no 库 ("5E93) in font phvr8t!
Missing character: There is no 中 ("4E2D) in font phvr8t!
Missing character: There is no 查 ("67E5) in font phvr8t!
Missing character: There is no 找 ("627E) in font phvr8t!
Missing character: There is no 这 ("8FD9) in font phvr8t!
Missing character: There is no 些 ("4E9B) in font phvr8t!
Missing character: There is no 。 ("3002) in font phvr8t!
Missing character: There is no 如 ("5982) in font phvr8t!
Missing character: There is no 果 ("679C) in font phvr8t!
Missing character: There is no 找 ("627E) in font phvr8t!
Missing character: There is no 到 ("5230) in font phvr8t!
Missing character: There is no ， ("FF0C) in font phvr8t!
Missing character: There is no 则 ("5219) in font phvr8t!
Missing character: There is no 在 ("5728) in font phvr8t!
Missing character: There is no 参 ("53C2) in font phvr8t!
Missing character: There is no 考 ("8003) in font phvr8t!
Missing character: There is no 库 ("5E93) in font phvr8t!
Missing character: There is no 中 ("4E2D) in font phvr8t!
Missing character: There is no 查 ("67E5) in font phvr8t!
Missing character: There is no 找 ("627E) in font phvr8t!
Missing character: There is no 对 ("5BF9) in font phvr8t!
Missing character: There is no 应 ("5E94) in font phvr8t!
Missing character: There is no 的 ("7684) in font phvr8t!
Missing character: There is no ， ("FF0C) in font phvr8t!
Missing character: There is no 并 ("5E76) in font phvr8t!
Missing character: There is no 调 ("8C03) in font phvr8t!
Missing character: There is no 用 ("7528) in font phvr8t!
Missing character: There is no 方 ("65B9) in font phvr8t!
Missing character: There is no 法 ("6CD5) in font phvr8t!
Missing character: There is no 进 ("8FDB) in font phvr8t!
Missing character: There is no 行 ("884C) in font phvr8t!
Missing character: There is no 比 ("6BD4) in font phvr8t!
Missing character: There is no 较 ("8F83) in font phvr8t!
Missing character: There is no 。 ("3002) in font phvr8t!
Missing character: There is no 如 ("5982) in font phvr8t!
Missing character: There is no 果 ("679C) in font phvr8t!
Missing character: There is no 参 ("53C2) in font phvr8t!
Missing character: There is no 考 ("8003) in font phvr8t!
Missing character: There is no 库 ("5E93) in font phvr8t!
Missing character: There is no 中 ("4E2D) in font phvr8t!
Missing character: There is no 未 ("672A) in font phvr8t!
Missing character: There is no 找 ("627E) in font phvr8t!
Missing character: There is no 到 ("5230) in font phvr8t!
Missing character: There is no 对 ("5BF9) in font phvr8t!
Missing character: There is no 应 ("5E94) in font phvr8t!
Missing character: There is no 的 ("7684) in font phvr8t!
Missing character: There is no ， ("FF0C) in font phvr8t!
Missing character: There is no 则 ("5219) in font phvr8t!
Missing character: There is no 记 ("8BB0) in font phvr8t!
Missing character: There is no 录 ("5F55) in font phvr8t!
Missing character: There is no 警 ("8B66) in font phvr8t!
Missing character: There is no 告 ("544A) in font phvr8t!
Missing character: There is no 信 ("4FE1) in font phvr8t!
Missing character: There is no 息 ("606F) in font phvr8t!
Missing character: There is no 。 ("3002) in font phvr8t!
Missing character: There is no 修 ("4FEE) in font phvr8t!
Missing character: There is no 改 ("6539) in font phvr8t!
Missing character: There is no 了 ("4E86) in font phvr8t!
Missing character: There is no 方 ("65B9) in font phvr8t!
Missing character: There is no 法 ("6CD5) in font phvr8t!
Missing character: There is no （ ("FF08) in font phvr8t!
Missing character: There is no 原 ("539F) in font phvr8t!
Missing character: There is no 方 ("65B9) in font phvr8t!
Missing character: There is no 法 ("6CD5) in font phvr8t!
Missing character: There is no ， ("FF0C) in font phvr8t!
Missing character: There is no 已 ("5DF2) in font phvr8t!
Missing character: There is no 更 ("66F4) in font phvr8t!
Missing character: There is no 正 ("6B63) in font phvr8t!
Missing character: There is no 命 ("547D) in font phvr8t!
Missing character: There is no 名 ("540D) in font phvr8t!
Missing character: There is no ） ("FF09) in font phvr8t!
Missing character: There is no ， ("FF0C) in font phvr8t!
Missing character: There is no 用 ("7528) in font phvr8t!
Missing character: There is no 于 ("4E8E) in font phvr8t!
Missing character: There is no 比 ("6BD4) in font phvr8t!
Missing character: There is no 较 ("8F83) in font phvr8t!
Missing character: There is no 两 ("4E24) in font phvr8t!
Missing character: There is no 个 ("4E2A) in font phvr8t!
Missing character: There is no 对 ("5BF9) in font phvr8t!
Missing character: There is no 象 ("8C61) in font phvr8t!
Missing character: There is no 中 ("4E2D) in font phvr8t!
Missing character: There is no 具 ("5177) in font phvr8t!
Missing character: There is no 有 ("6709) in font phvr8t!
Missing character: There is no 相 ("76F8) in font phvr8t!
Missing character: There is no 同 ("540C) in font phvr8t!
Missing character: There is no 名 ("540D) in font phvr8t!
Missing character: There is no 称 ("79F0) in font phvr8t!
Missing character: There is no 的 ("7684) in font phvr8t!
Missing character: There is no 。 ("3002) in font phvr8t!
Missing character: There is no 它 ("5B83) in font phvr8t!
Missing character: There is no 首 ("9996) in font phvr8t!
Missing character: There is no 先 ("5148) in font phvr8t!
Missing character: There is no 提 ("63D0) in font phvr8t!
Missing character: There is no 取 ("53D6) in font phvr8t!
Missing character: There is no 两 ("4E24) in font phvr8t!
Missing character: There is no 个 ("4E2A) in font phvr8t!
Missing character: There is no 对 ("5BF9) in font phvr8t!
Missing character: There is no 象 ("8C61) in font phvr8t!
Missing character: There is no 中 ("4E2D) in font phvr8t!
Missing character: There is no 的 ("7684) in font phvr8t!
Missing character: There is no 和 ("548C) in font phvr8t!
Missing character: There is no 数 ("6570) in font phvr8t!
Missing character: There is no 组 ("7EC4) in font phvr8t!
Missing character: There is no ， ("FF0C) in font phvr8t!
Missing character: There is no 如 ("5982) in font phvr8t!
Missing character: There is no 果 ("679C) in font phvr8t!
Missing character: There is no 这 ("8FD9) in font phvr8t!
Missing character: There is no 两 ("4E24) in font phvr8t!
Missing character: There is no 个 ("4E2A) in font phvr8t!
Missing character: There is no 数 ("6570) in font phvr8t!
Missing character: There is no 组 ("7EC4) in font phvr8t!
Missing character: There is no 不 ("4E0D) in font phvr8t!
Missing character: There is no 相 ("76F8) in font phvr8t!
Missing character: There is no 等 ("7B49) in font phvr8t!
Missing character: There is no ， ("FF0C) in font phvr8t!
Missing character: There is no 则 ("5219) in font phvr8t!
Missing character: There is no 记 ("8BB0) in font phvr8t!
Missing character: There is no 录 ("5F55) in font phvr8t!
Missing character: There is no 错 ("9519) in font phvr8t!
Missing character: There is no 误 ("8BEF) in font phvr8t!
Missing character: There is no 信 ("4FE1) in font phvr8t!
Missing character: There is no 息 ("606F) in font phvr8t!
Missing character: There is no 并 ("5E76) in font phvr8t!
Missing character: There is no 返 ("8FD4) in font phvr8t!
Missing character: There is no 回 ("56DE) in font phvr8t!
Missing character: There is no 。 ("3002) in font phvr8t!
Missing character: There is no 如 ("5982) in font phvr8t!
Missing character: There is no 果 ("679C) in font phvr8t!
Missing character: There is no 索 ("7D22) in font phvr8t!
Missing character: There is no 引 ("5F15) in font phvr8t!
Missing character: There is no 匹 ("5339) in font phvr8t!
Missing character: There is no 配 ("914D) in font phvr8t!
Missing character: There is no ， ("FF0C) in font phvr8t!
Missing character: There is no 则 ("5219) in font phvr8t!
Missing character: There is no 比 ("6BD4) in font phvr8t!
Missing character: There is no 较 ("8F83) in font phvr8t!
Missing character: There is no 中 ("4E2D) in font phvr8t!
Missing character: There is no 的 ("7684) in font phvr8t!
Missing character: There is no 实 ("5B9E) in font phvr8t!
Missing character: There is no 际 ("9645) in font phvr8t!
Missing character: There is no 值 ("503C) in font phvr8t!
Missing character: There is no ， ("FF0C) in font phvr8t!
Missing character: There is no 并 ("5E76) in font phvr8t!
Missing character: There is no 根 ("6839) in font phvr8t!
Missing character: There is no 据 ("636E) in font phvr8t!
Missing character: There is no 相 ("76F8) in font phvr8t!
Missing character: There is no 对 ("5BF9) in font phvr8t!
Missing character: There is no 容 ("5BB9) in font phvr8t!
Missing character: There is no 差 ("5DEE) in font phvr8t!
Missing character: There is no 和 ("548C) in font phvr8t!
Missing character: There is no 绝 ("7EDD) in font phvr8t!
Missing character: There is no 对 ("5BF9) in font phvr8t!
Missing character: There is no 容 ("5BB9) in font phvr8t!
Missing character: There is no 差 ("5DEE) in font phvr8t!
Missing character: There is no 标 ("6807) in font phvr8t!
Missing character: There is no 记 ("8BB0) in font phvr8t!
Missing character: There is no 差 ("5DEE) in font phvr8t!
Missing character: There is no 异 ("5F02) in font phvr8t!
Missing character: There is no 。 ("3002) in font phvr8t!
Missing character: There is no 重 ("91CD) in font phvr8t!
Missing character: There is no 新 ("65B0) in font phvr8t!
Missing character: There is no 设 ("8BBE) in font phvr8t!
Missing character: There is no 计 ("8BA1) in font phvr8t!
Missing character: There is no 了 ("4E86) in font phvr8t!
Missing character: There is no 层 ("5C42) in font phvr8t!
Missing character: There is no 级 ("7EA7) in font phvr8t!
Missing character: There is no 比 ("6BD4) in font phvr8t!
Missing character: There is no 较 ("8F83) in font phvr8t!
Missing character: There is no 方 ("65B9) in font phvr8t!
Missing character: There is no 法 ("6CD5) in font phvr8t!
Missing character: There is no ， ("FF0C) in font phvr8t!
Missing character: There is no 现 ("73B0) in font phvr8t!
Missing character: There is no 在 ("5728) in font phvr8t!
Missing character: There is no 可 ("53EF) in font phvr8t!
Missing character: There is no 以 ("4EE5) in font phvr8t!
Missing character: There is no 逐 ("9010) in font phvr8t!
Missing character: There is no 层 ("5C42) in font phvr8t!
Missing character: There is no 级 ("7EA7) in font phvr8t!
Missing character: There is no 地 ("5730) in font phvr8t!
Missing character: There is no 传 ("4F20) in font phvr8t!
Missing character: There is no 入 ("5165) in font phvr8t!
Missing character: There is no 、 ("3001) in font phvr8t!
Missing character: There is no 、 ("3001) in font phvr8t!
Missing character: There is no 、 ("3001) in font phvr8t!
Missing character: There is no 和 ("548C) in font phvr8t!
Missing character: There is no ， ("FF0C) in font phvr8t!
Missing character: There is no 以 ("4EE5) in font phvr8t!
Missing character: There is no 便 ("4FBF) in font phvr8t!
Missing character: There is no 在 ("5728) in font phvr8t!
Missing character: There is no 最 ("6700) in font phvr8t!
Missing character: There is no 内 ("5185) in font phvr8t!
Missing character: There is no 层 ("5C42) in font phvr8t!
Missing character: There is no 制 ("5236) in font phvr8t!
Missing character: There is no 表 ("8868) in font phvr8t!
Missing character: There is no 或 ("6216) in font phvr8t!
Missing character: There is no 提 ("63D0) in font phvr8t!
Missing character: There is no 示 ("793A) in font phvr8t!
Missing character: There is no 时 ("65F6) in font phvr8t!
Missing character: There is no 能 ("80FD) in font phvr8t!
Missing character: There is no 够 ("591F) in font phvr8t!
Missing character: There is no 准 ("51C6) in font phvr8t!
Missing character: There is no 确 ("786E) in font phvr8t!
Missing character: There is no 输 ("8F93) in font phvr8t!
Missing character: There is no 出 ("51FA) in font phvr8t!
Missing character: There is no 层 ("5C42) in font phvr8t!
Missing character: There is no 级 ("7EA7) in font phvr8t!
Missing character: There is no 信 ("4FE1) in font phvr8t!
Missing character: There is no 息 ("606F) in font phvr8t!
Missing character: There is no 。 ("3002) in font phvr8t!
Missing character: There is no 修 ("4FEE) in font phvr8t!
Missing character: There is no 复 ("590D) in font phvr8t!
Missing character: There is no 了 ("4E86) in font phvr8t!
Missing character: There is no 方 ("65B9) in font phvr8t!
Missing character: There is no 法 ("6CD5) in font phvr8t!
Missing character: There is no 的 ("7684) in font phvr8t!
Missing character: There is no 命 ("547D) in font phvr8t!
Missing character: There is no 名 ("540D) in font phvr8t!
Missing character: There is no 错 ("9519) in font phvr8t!
Missing character: There is no 误 ("8BEF) in font phvr8t!
Missing character: There is no ， ("FF0C) in font phvr8t!
Missing character: There is no 已 ("5DF2) in font phvr8t!
Missing character: There is no 更 ("66F4) in font phvr8t!
Missing character: There is no 正 ("6B63) in font phvr8t!
Missing character: There is no 为 ("4E3A) in font phvr8t!
Missing character: There is no 。 ("3002) in font phvr8t!
Missing character: There is no 已 ("5DF2) in font phvr8t!
Missing character: There is no 经 ("7ECF) in font phvr8t!
Missing character: There is no 可 ("53EF) in font phvr8t!
Missing character: There is no 以 ("4EE5) in font phvr8t!
Missing character: There is no 输 ("8F93) in font phvr8t!
Missing character: There is no 出 ("51FA) in font phvr8t!
Missing character: There is no 表 ("8868) in font phvr8t!
Missing character: There is no 格 ("683C) in font phvr8t!
Missing character: There is no ， ("FF0C) in font phvr8t!
Missing character: There is no 数 ("6570) in font phvr8t!
Missing character: There is no 据 ("636E) in font phvr8t!
Missing character: There is no 数 ("6570) in font phvr8t!
Missing character: There is no 量 ("91CF) in font phvr8t!
Missing character: There is no 和 ("548C) in font phvr8t!
Missing character: There is no 商 ("5546) in font phvr8t!
Missing character: There is no 用 ("7528) in font phvr8t!
Missing character: There is no 工 ("5DE5) in font phvr8t!
Missing character: There is no 具 ("5177) in font phvr8t!
Missing character: There is no 结 ("7ED3) in font phvr8t!
Missing character: There is no 果 ("679C) in font phvr8t!
Missing character: There is no 一 ("4E00) in font phvr8t!
Missing character: There is no 致 ("81F4) in font phvr8t!
Missing character: There is no ， ("FF0C) in font phvr8t!
Missing character: There is no 但 ("4F46) in font phvr8t!
Missing character: There is no 格 ("683C) in font phvr8t!
Missing character: There is no 式 ("5F0F) in font phvr8t!
Missing character: There is no 还 ("8FD8) in font phvr8t!
Missing character: There is no 需 ("9700) in font phvr8t!
Missing character: There is no 要 ("8981) in font phvr8t!
Missing character: There is no 进 ("8FDB) in font phvr8t!
Missing character: There is no 一 ("4E00) in font phvr8t!
Missing character: There is no 步 ("6B65) in font phvr8t!
Missing character: There is no 调 ("8C03) in font phvr8t!
Missing character: There is no 整 ("6574) in font phvr8t!
Missing character: There is no 。 ("3002) in font phvr8t!
Missing character: There is no 新 ("65B0) in font phvr8t!
Missing character: There is no 增 ("589E) in font phvr8t!
Missing character: There is no 了 ("4E86) in font phvr8t!
Missing character: There is no 参 ("53C2) in font phvr8t!
Missing character: There is no 数 ("6570) in font phvr8t!
Missing character: There is no ， ("FF0C) in font phvr8t!
Missing character: There is no 默 ("9ED8) in font phvr8t!
Missing character: There is no 认 ("8BA4) in font phvr8t!
Missing character: There is no 值 ("503C) in font phvr8t!
Missing character: There is no 为 ("4E3A) in font phvr8t!
Missing character: There is no ， ("FF0C) in font phvr8t!
Missing character: There is no 用 ("7528) in font phvr8t!
Missing character: There is no 于 ("4E8E) in font phvr8t!
Missing character: There is no 设 ("8BBE) in font phvr8t!
Missing character: There is no 置 ("7F6E) in font phvr8t!
Missing character: There is no 绝 ("7EDD) in font phvr8t!
Missing character: There is no 对 ("5BF9) in font phvr8t!
Missing character: There is no 容 ("5BB9) in font phvr8t!
Missing character: There is no 差 ("5DEE) in font phvr8t!
Missing character: There is no ， ("FF0C) in font phvr8t!
Missing character: There is no 与 ("4E0E) in font phvr8t!
Missing character: There is no 库 ("5E93) in font phvr8t!
Missing character: There is no 验 ("9A8C) in font phvr8t!
Missing character: There is no 证 ("8BC1) in font phvr8t!
Missing character: There is no 工 ("5DE5) in font phvr8t!
Missing character: There is no 具 ("5177) in font phvr8t!
Missing character: There is no 保 ("4FDD) in font phvr8t!
Missing character: There is no 持 ("6301) in font phvr8t!
Missing character: There is no 一 ("4E00) in font phvr8t!
Missing character: There is no 致 ("81F4) in font phvr8t!
Missing character: There is no 。 ("3002) in font phvr8t!
Missing character: There is no 新 ("65B0) in font phvr8t!
Missing character: There is no 增 ("589E) in font phvr8t!
Missing character: There is no 和 ("548C) in font phvr8t!
Missing character: There is no 子 ("5B50) in font phvr8t!
Missing character: There is no 命 ("547D) in font phvr8t!
Missing character: There is no 令 ("4EE4) in font phvr8t!
Missing character: There is no ， ("FF0C) in font phvr8t!
Missing character: There is no 用 ("7528) in font phvr8t!
Missing character: There is no 于 ("4E8E) in font phvr8t!
Missing character: There is no 生 ("751F) in font phvr8t!
Missing character: There is no 成 ("6210) in font phvr8t!
Missing character: There is no 和 ("548C) in font phvr8t!
Missing character: There is no 代 ("4EE3) in font phvr8t!
Missing character: There is no 码 ("7801) in font phvr8t!
Missing character: There is no 。 ("3002) in font phvr8t!
Missing character: There is no 完 ("5B8C) in font phvr8t!
Missing character: There is no 善 ("5584) in font phvr8t!
Missing character: There is no 报 ("62A5) in font phvr8t!
Missing character: There is no 告 ("544A) in font phvr8t!
Missing character: There is no 生 ("751F) in font phvr8t!
Missing character: There is no 成 ("6210) in font phvr8t!
Missing character: There is no ： ("FF1A) in font phvr8t!
Missing character: There is no 为 ("4E3A) in font phvr8t!
Missing character: There is no 每 ("6BCF) in font phvr8t!
Missing character: There is no 个 ("4E2A) in font phvr8t!
Missing character: There is no 增 ("589E) in font phvr8t!
Missing character: There is no 加 ("52A0) in font phvr8t!
Missing character: There is no 表 ("8868) in font phvr8t!
Missing character: There is no 头 ("5934) in font phvr8t!
Missing character: There is no ， ("FF0C) in font phvr8t!
Missing character: There is no 仅 ("4EC5) in font phvr8t!
Missing character: There is no 在 ("5728) in font phvr8t!
Missing character: There is no 存 ("5B58) in font phvr8t!
Missing character: There is no 在 ("5728) in font phvr8t!
Missing character: There is no 表 ("8868) in font phvr8t!
Missing character: There is no 格 ("683C) in font phvr8t!
Missing character: There is no 数 ("6570) in font phvr8t!
Missing character: There is no 据 ("636E) in font phvr8t!
Missing character: There is no 时 ("65F6) in font phvr8t!
Missing character: There is no 输 ("8F93) in font phvr8t!
Missing character: There is no 出 ("51FA) in font phvr8t!
Missing character: There is no 表 ("8868) in font phvr8t!
Missing character: There is no 格 ("683C) in font phvr8t!
Missing character: There is no ， ("FF0C) in font phvr8t!
Missing character: There is no 避 ("907F) in font phvr8t!
Missing character: There is no 免 ("514D) in font phvr8t!
Missing character: There is no 冗 ("5197) in font phvr8t!
Missing character: There is no 余 ("4F59) in font phvr8t!
Missing character: There is no 输 ("8F93) in font phvr8t!
Missing character: There is no 出 ("51FA) in font phvr8t!
Missing character: There is no 。 ("3002) in font phvr8t!
Missing character: There is no 增 ("589E) in font phvr8t!
Missing character: There is no 加 ("52A0) in font phvr8t!
Missing character: There is no 结 ("7ED3) in font phvr8t!
Missing character: There is no 果 ("679C) in font phvr8t!
Missing character: There is no 统 ("7EDF) in font phvr8t!
Missing character: There is no 计 ("8BA1) in font phvr8t!
Missing character: There is no 功 ("529F) in font phvr8t!
Missing character: There is no 能 ("80FD) in font phvr8t!
Missing character: There is no ， ("FF0C) in font phvr8t!
Missing character: There is no 输 ("8F93) in font phvr8t!
Missing character: There is no 出 ("51FA) in font phvr8t!
Missing character: There is no 结 ("7ED3) in font phvr8t!
Missing character: There is no 果 ("679C) in font phvr8t!
Missing character: There is no 统 ("7EDF) in font phvr8t!
Missing character: There is no 计 ("8BA1) in font phvr8t!
Missing character: There is no 表 ("8868) in font phvr8t!
Missing character: There is no 格 ("683C) in font phvr8t!
Missing character: There is no ， ("FF0C) in font phvr8t!
Missing character: There is no 目 ("76EE) in font phvr8t!
Missing character: There is no 前 ("524D) in font phvr8t!
Missing character: There is no 仅 ("4EC5) in font phvr8t!
Missing character: There is no 支 ("652F) in font phvr8t!
Missing character: There is no 持 ("6301) in font phvr8t!
Missing character: There is no 中 ("4E2D) in font phvr8t!
Missing character: There is no 的 ("7684) in font phvr8t!
Missing character: There is no 比 ("6BD4) in font phvr8t!
Missing character: There is no 较 ("8F83) in font phvr8t!
Missing character: There is no 。 ("3002) in font phvr8t!
Missing character: There is no 优 ("4F18) in font phvr8t!
Missing character: There is no 化 ("5316) in font phvr8t!
Missing character: There is no 统 ("7EDF) in font phvr8t!
Missing character: There is no 计 ("8BA1) in font phvr8t!
Missing character: There is no 表 ("8868) in font phvr8t!
Missing character: There is no 格 ("683C) in font phvr8t!
Missing character: There is no ， ("FF0C) in font phvr8t!
Missing character: There is no 包 ("5305) in font phvr8t!
Missing character: There is no 含 ("542B) in font phvr8t!
Missing character: There is no 。 ("3002) in font phvr8t!
Missing character: There is no 优 ("4F18) in font phvr8t!
Missing character: There is no 化 ("5316) in font phvr8t!
Missing character: There is no 报 ("62A5) in font phvr8t!
Missing character: There is no 告 ("544A) in font phvr8t!
Missing character: There is no 对 ("5BF9) in font phvr8t!
Missing character: There is no 比 ("6BD4) in font phvr8t!
Missing character: There is no 表 ("8868) in font phvr8t!
Missing character: There is no 格 ("683C) in font phvr8t!
Missing character: There is no ， ("FF0C) in font phvr8t!
Missing character: There is no 包 ("5305) in font phvr8t!
Missing character: There is no 含 ("542B) in font phvr8t!
Missing character: There is no 报 ("62A5) in font phvr8t!
Missing character: There is no 告 ("544A) in font phvr8t!
Missing character: There is no 表 ("8868) in font phvr8t!
Missing character: There is no 格 ("683C) in font phvr8t!
Missing character: There is no 的 ("7684) in font phvr8t!
Missing character: There is no 输 ("8F93) in font phvr8t!
Missing character: There is no 出 ("51FA) in font phvr8t!
Missing character: There is no 增 ("589E) in font phvr8t!
Missing character: There is no 加 ("52A0) in font phvr8t!
Missing character: There is no 表 ("8868) in font phvr8t!
Missing character: There is no 头 ("5934) in font phvr8t!
Missing character: There is no 加 ("52A0) in font phvr8t!
Missing character: There is no 粗 ("7C97) in font phvr8t!
Missing character: There is no 、 ("3001) in font phvr8t!
Missing character: There is no 黄 ("9EC4) in font phvr8t!
Missing character: There is no 色 ("8272) in font phvr8t!
Missing character: There is no 的 ("7684) in font phvr8t!
Missing character: There is no 格 ("683C) in font phvr8t!
Missing character: There is no 式 ("5F0F) in font phvr8t!
Missing character: There is no 化 ("5316) in font phvr8t!
Missing character: There is no 。 ("3002) in font phvr8t!
Missing character: There is no 增 ("589E) in font phvr8t!
Missing character: There is no 加 ("52A0) in font phvr8t!
Missing character: There is no 封 ("5C01) in font phvr8t!
Missing character: There is no 装 ("88C5) in font phvr8t!
Missing character: There is no ， ("FF0C) in font phvr8t!
Missing character: There is no 用 ("7528) in font phvr8t!
Missing character: There is no 于 ("4E8E) in font phvr8t!
Missing character: There is no 获 ("83B7) in font phvr8t!
Missing character: There is no 取 ("53D6) in font phvr8t!
Missing character: There is no 布 ("5E03) in font phvr8t!
Missing character: There is no 尔 ("5C14) in font phvr8t!
Missing character: There is no 类 ("7C7B) in font phvr8t!
Missing character: There is no 型 ("578B) in font phvr8t!
Missing character: There is no 的 ("7684) in font phvr8t!
Missing character: There is no 属 ("5C5E) in font phvr8t!
Missing character: There is no 性 ("6027) in font phvr8t!
Missing character: There is no 值 ("503C) in font phvr8t!
Missing character: There is no ， ("FF0C) in font phvr8t!
Missing character: There is no 以 ("4EE5) in font phvr8t!
Missing character: There is no 判 ("5224) in font phvr8t!
Missing character: There is no 断 ("65AD) in font phvr8t!
Missing character: There is no 引 ("5F15) in font phvr8t!
Missing character: There is no 脚 ("811A) in font phvr8t!
Missing character: There is no 是 ("662F) in font phvr8t!
Missing character: There is no 否 ("5426) in font phvr8t!
Missing character: There is no 是 ("662F) in font phvr8t!
Missing character: There is no 时 ("65F6) in font phvr8t!
Missing character: There is no 钟 ("949F) in font phvr8t!
Missing character: There is no 引 ("5F15) in font phvr8t!
Missing character: There is no 脚 ("811A) in font phvr8t!
Missing character: There is no 。 ("3002) in font phvr8t!
Missing character: There is no 增 ("589E) in font phvr8t!
Missing character: There is no 加 ("52A0) in font phvr8t!
Missing character: There is no 对 ("5BF9) in font phvr8t!
Missing character: There is no 的 ("7684) in font phvr8t!
Missing character: There is no 单 ("5355) in font phvr8t!
Missing character: There is no 调 ("8C03) in font phvr8t!
Missing character: There is no 性 ("6027) in font phvr8t!
Missing character: There is no 检 ("68C0) in font phvr8t!
Missing character: There is no 查 ("67E5) in font phvr8t!
Missing character: There is no ： ("FF1A) in font phvr8t!
Missing character: There is no 针 ("9488) in font phvr8t!
Missing character: There is no 对 ("5BF9) in font phvr8t!
Missing character: There is no 包 ("5305) in font phvr8t!
Missing character: There is no 含 ("542B) in font phvr8t!
Missing character: There is no 的 ("7684) in font phvr8t!
Missing character: There is no ， ("FF0C) in font phvr8t!
Missing character: There is no 遍 ("904D) in font phvr8t!
Missing character: There is no 历 ("5386) in font phvr8t!
Missing character: There is no 每 ("6BCF) in font phvr8t!
Missing character: There is no 个 ("4E2A) in font phvr8t!
Missing character: There is no 输 ("8F93) in font phvr8t!
Missing character: There is no 入 ("5165) in font phvr8t!
Missing character: There is no 引 ("5F15) in font phvr8t!
Missing character: There is no 脚 ("811A) in font phvr8t!
Missing character: There is no 。 ("3002) in font phvr8t!
Missing character: There is no 如 ("5982) in font phvr8t!
Missing character: There is no 果 ("679C) in font phvr8t!
Missing character: There is no 引 ("5F15) in font phvr8t!
Missing character: There is no 脚 ("811A) in font phvr8t!
Missing character: There is no 是 ("662F) in font phvr8t!
Missing character: There is no 时 ("65F6) in font phvr8t!
Missing character: There is no 钟 ("949F) in font phvr8t!
Missing character: There is no 引 ("5F15) in font phvr8t!
Missing character: There is no 脚 ("811A) in font phvr8t!
Missing character: There is no ， ("FF0C) in font phvr8t!
Missing character: There is no 则 ("5219) in font phvr8t!
Missing character: There is no 检 ("68C0) in font phvr8t!
Missing character: There is no 查 ("67E5) in font phvr8t!
Missing character: There is no 其 ("5176) in font phvr8t!
Missing character: There is no 。 ("3002) in font phvr8t!
Missing character: There is no 针 ("9488) in font phvr8t!
Missing character: There is no 对 ("5BF9) in font phvr8t!
Missing character: There is no 为 ("4E3A) in font phvr8t!
Missing character: There is no 的 ("7684) in font phvr8t!
Missing character: There is no ， ("FF0C) in font phvr8t!
Missing character: There is no 对 ("5BF9) in font phvr8t!
Missing character: There is no 和 ("548C) in font phvr8t!
Missing character: There is no 调 ("8C03) in font phvr8t!
Missing character: There is no 用 ("7528) in font phvr8t!
Missing character: There is no 进 ("8FDB) in font phvr8t!
Missing character: There is no 行 ("884C) in font phvr8t!
Missing character: There is no 单 ("5355) in font phvr8t!
Missing character: There is no 调 ("8C03) in font phvr8t!
Missing character: There is no 性 ("6027) in font phvr8t!
Missing character: There is no 检 ("68C0) in font phvr8t!
Missing character: There is no 查 ("67E5) in font phvr8t!
Missing character: There is no 。 ("3002) in font phvr8t!
Missing character: There is no 函 ("51FD) in font phvr8t!
Missing character: There is no 数 ("6570) in font phvr8t!
Missing character: There is no 日 ("65E5) in font phvr8t!
Missing character: There is no 志 ("5FD7) in font phvr8t!
Missing character: There is no 区 ("533A) in font phvr8t!
Missing character: There is no 分 ("5206) in font phvr8t!
Missing character: There is no 有 ("6709) in font phvr8t!
Missing character: There is no 无 ("65E0) in font phvr8t!
Missing character: There is no 信 ("4FE1) in font phvr8t!
Missing character: There is no 息 ("606F) in font phvr8t!
Missing character: There is no ， ("FF0C) in font phvr8t!
Missing character: There is no 输 ("8F93) in font phvr8t!
Missing character: There is no 出 ("51FA) in font phvr8t!
Missing character: There is no 不 ("4E0D) in font phvr8t!
Missing character: There is no 同 ("540C) in font phvr8t!
Missing character: There is no 日 ("65E5) in font phvr8t!
Missing character: There is no 志 ("5FD7) in font phvr8t!
Missing character: There is no 。 ("3002) in font phvr8t!
Missing character: There is no 核 ("6838) in font phvr8t!
Missing character: There is no 心 ("5FC3) in font phvr8t!
Missing character: There is no 比 ("6BD4) in font phvr8t!
Missing character: There is no 较 ("8F83) in font phvr8t!
Missing character: There is no 功 ("529F) in font phvr8t!
Missing character: There is no 能 ("80FD) in font phvr8t!
Missing character: There is no 取 ("53D6) in font phvr8t!
Missing character: There is no 消 ("6D88) in font phvr8t!
Missing character: There is no 了 ("4E86) in font phvr8t!
Missing character: There is no 等 ("7B49) in font phvr8t!
Missing character: There is no 于 ("4E8E) in font phvr8t!
Missing character: There is no 的 ("7684) in font phvr8t!
Missing character: There is no 情 ("60C5) in font phvr8t!
Missing character: There is no 况 ("51B5) in font phvr8t!
Missing character: There is no ， ("FF0C) in font phvr8t!
Missing character: There is no 相 ("76F8) in font phvr8t!
Missing character: There is no 等 ("7B49) in font phvr8t!
Missing character: There is no 情 ("60C5) in font phvr8t!
Missing character: There is no 况 ("51B5) in font phvr8t!
Missing character: There is no 默 ("9ED8) in font phvr8t!
Missing character: There is no 认 ("8BA4) in font phvr8t!
Missing character: There is no 为 ("4E3A) in font phvr8t!
Missing character: There is no 通 ("901A) in font phvr8t!
Missing character: There is no 过 ("8FC7) in font phvr8t!
Missing character: There is no 。 ("3002) in font phvr8t!
Missing character: There is no 核 ("6838) in font phvr8t!
Missing character: There is no 心 ("5FC3) in font phvr8t!
Missing character: There is no 比 ("6BD4) in font phvr8t!
Missing character: There is no 较 ("8F83) in font phvr8t!
Missing character: There is no 功 ("529F) in font phvr8t!
Missing character: There is no 能 ("80FD) in font phvr8t!
Missing character: There is no 增 ("589E) in font phvr8t!
Missing character: There is no 加 ("52A0) in font phvr8t!
Missing character: There is no 了 ("4E86) in font phvr8t!
Missing character: There is no 判 ("5224) in font phvr8t!
Missing character: There is no 断 ("65AD) in font phvr8t!
Missing character: There is no 是 ("662F) in font phvr8t!
Missing character: There is no 否 ("5426) in font phvr8t!
Missing character: There is no 等 ("7B49) in font phvr8t!
Missing character: There is no 于 ("4E8E) in font phvr8t!
Missing character: There is no 当 ("5F53) in font phvr8t!
Missing character: There is no 前 ("524D) in font phvr8t!
Missing character: There is no ， ("FF0C) in font phvr8t!
Missing character: There is no 不 ("4E0D) in font phvr8t!
Missing character: There is no 等 ("7B49) in font phvr8t!
Missing character: There is no 于 ("4E8E) in font phvr8t!
Missing character: There is no 则 ("5219) in font phvr8t!
Missing character: There is no 跳 ("8DF3) in font phvr8t!
Missing character: There is no 过 ("8FC7) in font phvr8t!
Missing character: There is no 。 ("3002) in font phvr8t!
Missing character: There is no 最 ("6700) in font phvr8t!
Missing character: There is no 终 ("7EC8) in font phvr8t!
Missing character: There is no 改 ("6539) in font phvr8t!
Missing character: There is no 为 ("4E3A) in font phvr8t!
Missing character: There is no ： ("FF1A) in font phvr8t!
Missing character: There is no 如 ("5982) in font phvr8t!
Missing character: There is no 果 ("679C) in font phvr8t!
Missing character: There is no 矩 ("77E9) in font phvr8t!
Missing character: There is no 阵 ("9635) in font phvr8t!
Missing character: There is no 中 ("4E2D) in font phvr8t!
Missing character: There is no 当 ("5F53) in font phvr8t!
Missing character: There is no 前 ("524D) in font phvr8t!
Missing character: There is no 的 ("7684) in font phvr8t!
Missing character: There is no 值 ("503C) in font phvr8t!
Missing character: There is no 小 ("5C0F) in font phvr8t!
Missing character: There is no 于 ("4E8E) in font phvr8t!
Missing character: There is no 前 ("524D) in font phvr8t!
Missing character: There is no 一 ("4E00) in font phvr8t!
Missing character: There is no 个 ("4E2A) in font phvr8t!
Missing character: There is no 值 ("503C) in font phvr8t!
Missing character: There is no ， ("FF0C) in font phvr8t!
Missing character: There is no 并 ("5E76) in font phvr8t!
Missing character: There is no 且 ("4E14) in font phvr8t!
Missing character: There is no 当 ("5F53) in font phvr8t!
Missing character: There is no 前 ("524D) in font phvr8t!
Missing character: There is no 引 ("5F15) in font phvr8t!
Missing character: There is no 脚 ("811A) in font phvr8t!
Missing character: There is no 不 ("4E0D) in font phvr8t!
Missing character: There is no 是 ("662F) in font phvr8t!
Missing character: There is no 相 ("76F8) in font phvr8t!
Missing character: There is no 关 ("5173) in font phvr8t!
Missing character: There is no 引 ("5F15) in font phvr8t!
Missing character: There is no 脚 ("811A) in font phvr8t!
Missing character: There is no ， ("FF0C) in font phvr8t!
Missing character: There is no 或 ("6216) in font phvr8t!
Missing character: There is no 者 ("8005) in font phvr8t!
Missing character: There is no 当 ("5F53) in font phvr8t!
Missing character: There is no 前 ("524D) in font phvr8t!
Missing character: There is no 值 ("503C) in font phvr8t!
Missing character: There is no 和 ("548C) in font phvr8t!
Missing character: There is no 前 ("524D) in font phvr8t!
Missing character: There is no 一 ("4E00) in font phvr8t!
Missing character: There is no 个 ("4E2A) in font phvr8t!
Missing character: There is no 值 ("503C) in font phvr8t!
Missing character: There is no 都 ("90FD) in font phvr8t!
Missing character: There is no 为 ("4E3A) in font phvr8t!
Missing character: There is no 零 ("96F6) in font phvr8t!
Missing character: There is no ， ("FF0C) in font phvr8t!
Missing character: There is no 那 ("90A3) in font phvr8t!
Missing character: There is no 么 ("4E48) in font phvr8t!
Missing character: There is no 就 ("5C31) in font phvr8t!
Missing character: There is no 认 ("8BA4) in font phvr8t!
Missing character: There is no 为 ("4E3A) in font phvr8t!
Missing character: There is no 这 ("8FD9) in font phvr8t!
Missing character: There is no 些 ("4E9B) in font phvr8t!
Missing character: There is no 值 ("503C) in font phvr8t!
Missing character: There is no 不 ("4E0D) in font phvr8t!
Missing character: There is no 是 ("662F) in font phvr8t!
Missing character: There is no 单 ("5355) in font phvr8t!
Missing character: There is no 调 ("8C03) in font phvr8t!
Missing character: There is no 递 ("9012) in font phvr8t!
Missing character: There is no 增 ("589E) in font phvr8t!
Missing character: There is no 的 ("7684) in font phvr8t!
Missing character: There is no 。 ("3002) in font phvr8t!
Missing character: There is no 完 ("5B8C) in font phvr8t!
Missing character: There is no 善 ("5584) in font phvr8t!
Missing character: There is no 方 ("65B9) in font phvr8t!
Missing character: There is no 法 ("6CD5) in font phvr8t!
Missing character: There is no ， ("FF0C) in font phvr8t!
Missing character: There is no 如 ("5982) in font phvr8t!
Missing character: There is no 果 ("679C) in font phvr8t!
Missing character: There is no 有 ("6709) in font phvr8t!
Missing character: There is no 有 ("6709) in font phvr8t!
Missing character: There is no 时 ("65F6) in font phvr8t!
Missing character: There is no 钟 ("949F) in font phvr8t!
Missing character: There is no 信 ("4FE1) in font phvr8t!
Missing character: There is no 号 ("53F7) in font phvr8t!
Missing character: There is no 引 ("5F15) in font phvr8t!
Missing character: There is no 脚 ("811A) in font phvr8t!
Missing character: There is no ， ("FF0C) in font phvr8t!
Missing character: There is no 链 ("94FE) in font phvr8t!
Missing character: There is no 式 ("5F0F) in font phvr8t!
Missing character: There is no 长 ("957F) in font phvr8t!
Missing character: There is no 度 ("5EA6) in font phvr8t!
Missing character: There is no 被 ("88AB) in font phvr8t!
Missing character: There is no 设 ("8BBE) in font phvr8t!
Missing character: There is no 为 ("4E3A) in font phvr8t!
Missing character: There is no ， ("FF0C) in font phvr8t!
Missing character: There is no 再 ("518D) in font phvr8t!
Missing character: There is no 生 ("751F) in font phvr8t!
Missing character: There is no 成 ("6210) in font phvr8t!
Missing character: There is no 超 ("8D85) in font phvr8t!
Missing character: There is no 级 ("7EA7) in font phvr8t!
Missing character: There is no 单 ("5355) in font phvr8t!
Missing character: There is no 元 ("5143) in font phvr8t!
Missing character: There is no 。 ("3002) in font phvr8t!
Missing character: There is no 解 ("89E3) in font phvr8t!
Missing character: There is no 决 ("51B3) in font phvr8t!
Missing character: There is no 浮 ("6D6E) in font phvr8t!
Missing character: There is no 点 ("70B9) in font phvr8t!
Missing character: There is no 数 ("6570) in font phvr8t!
Missing character: There is no 误 ("8BEF) in font phvr8t!
Missing character: There is no 差 ("5DEE) in font phvr8t!
Missing character: There is no 问 ("95EE) in font phvr8t!
Missing character: There is no 题 ("9898) in font phvr8t!
Missing character: There is no ， ("FF0C) in font phvr8t!
Missing character: There is no 保 ("4FDD) in font phvr8t!
Missing character: There is no 留 ("7559) in font phvr8t!
Missing character: There is no 两 ("4E24) in font phvr8t!
Missing character: There is no 位 ("4F4D) in font phvr8t!
Missing character: There is no 小 ("5C0F) in font phvr8t!
Missing character: There is no 数 ("6570) in font phvr8t!
Missing character: There is no 。 ("3002) in font phvr8t!
Missing character: There is no 新 ("65B0) in font phvr8t!
Missing character: There is no 增 ("589E) in font phvr8t!
Missing character: There is no 子 ("5B50) in font phvr8t!
Missing character: There is no 命 ("547D) in font phvr8t!
Missing character: There is no 令 ("4EE4) in font phvr8t!
Missing character: There is no ， ("FF0C) in font phvr8t!
Missing character: There is no 用 ("7528) in font phvr8t!
Missing character: There is no 于 ("4E8E) in font phvr8t!
Missing character: There is no 检 ("68C0) in font phvr8t!
Missing character: There is no 查 ("67E5) in font phvr8t!
Missing character: There is no 库 ("5E93) in font phvr8t!
Missing character: There is no 或 ("6216) in font phvr8t!
Missing character: There is no 者 ("8005) in font phvr8t!
Missing character: There is no 文 ("6587) in font phvr8t!
Missing character: There is no 件 ("4EF6) in font phvr8t!
Missing character: There is no 的 ("7684) in font phvr8t!
Missing character: There is no 逻 ("903B) in font phvr8t!
Missing character: There is no 辑 ("8F91) in font phvr8t!
Missing character: There is no 等 ("7B49) in font phvr8t!
Missing character: There is no 价 ("4EF7) in font phvr8t!
Missing character: There is no 性 ("6027) in font phvr8t!
Missing character: There is no 。 ("3002) in font phvr8t!


[5]
Missing character: There is no 调 ("8C03) in font phvr8t!
Missing character: There is no 研 ("7814) in font phvr8t!
Missing character: There is no 了 ("4E86) in font phvr8t!
Missing character: There is no 操 ("64CD) in font phvr8t!
Missing character: There is no 作 ("4F5C) in font phvr8t!
Missing character: There is no 相 ("76F8) in font phvr8t!
Missing character: There is no 关 ("5173) in font phvr8t!
Missing character: There is no 的 ("7684) in font phvr8t!
Missing character: There is no 库 ("5E93) in font phvr8t!
Missing character: There is no ， ("FF0C) in font phvr8t!
Missing character: There is no 找 ("627E) in font phvr8t!
Missing character: There is no 到 ("5230) in font phvr8t!
Missing character: There is no 了 ("4E86) in font phvr8t!
Missing character: There is no 一 ("4E00) in font phvr8t!
Missing character: There is no 个 ("4E2A) in font phvr8t!
Missing character: There is no 实 ("5B9E) in font phvr8t!
Missing character: There is no 用 ("7528) in font phvr8t!
Missing character: There is no 的 ("7684) in font phvr8t!
Missing character: There is no 库 ("5E93) in font phvr8t!
Missing character: There is no ： ("FF1A) in font phvr8t!
Missing character: There is no ， ("FF0C) in font phvr8t!
Missing character: There is no 它 ("5B83) in font phvr8t!
Missing character: There is no 可 ("53EF) in font phvr8t!
Missing character: There is no 以 ("4EE5) in font phvr8t!
Missing character: There is no 解 ("89E3) in font phvr8t!
Missing character: There is no 析 ("6790) in font phvr8t!
Missing character: There is no 出 ("51FA) in font phvr8t!
Missing character: There is no 抽 ("62BD) in font phvr8t!
Missing character: There is no 象 ("8C61) in font phvr8t!
Missing character: There is no 语 ("8BED) in font phvr8t!
Missing character: There is no 法 ("6CD5) in font phvr8t!
Missing character: There is no 树 ("6811) in font phvr8t!
Missing character: There is no 。 ("3002) in font phvr8t!
Missing character: There is no 已 ("5DF2) in font phvr8t!
Missing character: There is no 修 ("4FEE) in font phvr8t!
Missing character: There is no 改 ("6539) in font phvr8t!
Missing character: There is no 文 ("6587) in font phvr8t!
Missing character: There is no 件 ("4EF6) in font phvr8t!
Missing character: There is no ， ("FF0C) in font phvr8t!
Missing character: There is no 将 ("5C06) in font phvr8t!
Missing character: There is no 集 ("96C6) in font phvr8t!
Missing character: There is no 成 ("6210) in font phvr8t!
Missing character: There is no 到 ("5230) in font phvr8t!
Missing character: There is no 项 ("9879) in font phvr8t!
Missing character: There is no 目 ("76EE) in font phvr8t!
Missing character: There is no 中 ("4E2D) in font phvr8t!
Missing character: There is no ， ("FF0C) in font phvr8t!
Missing character: There is no 目 ("76EE) in font phvr8t!
Missing character: There is no 前 ("524D) in font phvr8t!
Missing character: There is no 正 ("6B63) in font phvr8t!
Missing character: There is no 在 ("5728) in font phvr8t!
Missing character: There is no 研 ("7814) in font phvr8t!
Missing character: There is no 究 ("7A76) in font phvr8t!
Missing character: There is no 其 ("5176) in font phvr8t!
Missing character: There is no 。 ("3002) in font phvr8t!
Missing character: There is no 新 ("65B0) in font phvr8t!
Missing character: There is no 增 ("589E) in font phvr8t!
Missing character: There is no 和 ("548C) in font phvr8t!
Missing character: There is no 文 ("6587) in font phvr8t!
Missing character: There is no 件 ("4EF6) in font phvr8t!
Missing character: There is no ， ("FF0C) in font phvr8t!
Missing character: There is no 并 ("5E76) in font phvr8t!
Missing character: There is no 创 ("521B) in font phvr8t!
Missing character: There is no 建 ("5EFA) in font phvr8t!
Missing character: There is no 了 ("4E86) in font phvr8t!
Missing character: There is no 类 ("7C7B) in font phvr8t!
Missing character: There is no ， ("FF0C) in font phvr8t!
Missing character: There is no 用 ("7528) in font phvr8t!
Missing character: There is no 于 ("4E8E) in font phvr8t!
Missing character: There is no 自 ("81EA) in font phvr8t!
Missing character: There is no 定 ("5B9A) in font phvr8t!
Missing character: There is no 义 ("4E49) in font phvr8t!
Missing character: There is no 遍 ("904D) in font phvr8t!
Missing character: There is no 历 ("5386) in font phvr8t!
Missing character: There is no 。 ("3002) in font phvr8t!
Missing character: There is no 验 ("9A8C) in font phvr8t!
Missing character: There is no 证 ("8BC1) in font phvr8t!
Missing character: There is no 了 ("4E86) in font phvr8t!
Missing character: There is no 对 ("5BF9) in font phvr8t!
Missing character: There is no 不 ("4E0D) in font phvr8t!
Missing character: There is no 同 ("540C) in font phvr8t!
Missing character: There is no 类 ("7C7B) in font phvr8t!
Missing character: There is no 型 ("578B) in font phvr8t!
Missing character: There is no 逻 ("903B) in font phvr8t!
Missing character: There is no 辑 ("8F91) in font phvr8t!
Missing character: There is no 单 ("5355) in font phvr8t!
Missing character: There is no 元 ("5143) in font phvr8t!
Missing character: There is no 的 ("7684) in font phvr8t!
Missing character: There is no 解 ("89E3) in font phvr8t!
Missing character: There is no 析 ("6790) in font phvr8t!
Missing character: There is no 能 ("80FD) in font phvr8t!
Missing character: There is no 力 ("529B) in font phvr8t!
Missing character: There is no ： ("FF1A) in font phvr8t!
Missing character: There is no 简 ("7B80) in font phvr8t!
Missing character: There is no 单 ("5355) in font phvr8t!
Missing character: There is no 组 ("7EC4) in font phvr8t!
Missing character: There is no 合 ("5408) in font phvr8t!
Missing character: There is no 逻 ("903B) in font phvr8t!
Missing character: There is no 辑 ("8F91) in font phvr8t!
Missing character: There is no （ ("FF08) in font phvr8t!
Missing character: There is no 如 ("5982) in font phvr8t!
Missing character: There is no ） ("FF09) in font phvr8t!
Missing character: There is no 、 ("3001) in font phvr8t!
Missing character: There is no 复 ("590D) in font phvr8t!
Missing character: There is no 杂 ("6742) in font phvr8t!
Missing character: There is no 时 ("65F6) in font phvr8t!
Missing character: There is no 序 ("5E8F) in font phvr8t!
Missing character: There is no 逻 ("903B) in font phvr8t!
Missing character: There is no 辑 ("8F91) in font phvr8t!
Missing character: There is no （ ("FF08) in font phvr8t!
Missing character: There is no 如 ("5982) in font phvr8t!
Missing character: There is no ） ("FF09) in font phvr8t!
Missing character: There is no 和 ("548C) in font phvr8t!
Missing character: There is no 基 ("57FA) in font phvr8t!
Missing character: There is no 本 ("672C) in font phvr8t!
Missing character: There is no 时 ("65F6) in font phvr8t!
Missing character: There is no 序 ("5E8F) in font phvr8t!
Missing character: There is no 逻 ("903B) in font phvr8t!
Missing character: There is no 辑 ("8F91) in font phvr8t!
Missing character: There is no （ ("FF08) in font phvr8t!
Missing character: There is no 如 ("5982) in font phvr8t!
Missing character: There is no ） ("FF09) in font phvr8t!
Missing character: There is no 均 ("5747) in font phvr8t!
Missing character: There is no 能 ("80FD) in font phvr8t!
Missing character: There is no 被 ("88AB) in font phvr8t!
Missing character: There is no 正 ("6B63) in font phvr8t!
Missing character: There is no 确 ("786E) in font phvr8t!
Missing character: There is no 解 ("89E3) in font phvr8t!
Missing character: There is no 析 ("6790) in font phvr8t!
Missing character: There is no 。 ("3002) in font phvr8t!
Missing character: There is no 用 ("7528) in font phvr8t!
Missing character: There is no 户 ("6237) in font phvr8t!
Missing character: There is no 自 ("81EA) in font phvr8t!
Missing character: There is no 定 ("5B9A) in font phvr8t!
Missing character: There is no 义 ("4E49) in font phvr8t!
Missing character: There is no 原 ("539F) in font phvr8t!
Missing character: There is no 语 ("8BED) in font phvr8t!
Missing character: There is no ， ("FF0C) in font phvr8t!
Missing character: There is no 例 ("4F8B) in font phvr8t!
Missing character: There is no 如 ("5982) in font phvr8t!
Missing character: There is no ， ("FF0C) in font phvr8t!
Missing character: There is no 会 ("4F1A) in font phvr8t!
Missing character: There is no 被 ("88AB) in font phvr8t!
Missing character: There is no 错 ("9519) in font phvr8t!
Missing character: There is no 误 ("8BEF) in font phvr8t!
Missing character: There is no 地 ("5730) in font phvr8t!
Missing character: There is no 识 ("8BC6) in font phvr8t!
Missing character: There is no 别 ("522B) in font phvr8t!
Missing character: There is no 为 ("4E3A) in font phvr8t!
Missing character: There is no 模 ("6A21) in font phvr8t!
Missing character: There is no 块 ("5757) in font phvr8t!
Missing character: There is no 实 ("5B9E) in font phvr8t!
Missing character: There is no 例 ("4F8B) in font phvr8t!
Missing character: There is no 化 ("5316) in font phvr8t!
Missing character: There is no ， ("FF0C) in font phvr8t!
Missing character: There is no 并 ("5E76) in font phvr8t!
Missing character: There is no 产 ("4EA7) in font phvr8t!
Missing character: There is no 生 ("751F) in font phvr8t!
Missing character: There is no 警 ("8B66) in font phvr8t!
Missing character: There is no 告 ("544A) in font phvr8t!
Missing character: There is no 。 ("3002) in font phvr8t!
Missing character: There is no 成 ("6210) in font phvr8t!
Missing character: There is no 功 ("529F) in font phvr8t!
Missing character: There is no 提 ("63D0) in font phvr8t!
Missing character: There is no 取 ("53D6) in font phvr8t!
Missing character: There is no 了 ("4E86) in font phvr8t!
Missing character: There is no 模 ("6A21) in font phvr8t!
Missing character: There is no 块 ("5757) in font phvr8t!
Missing character: There is no 名 ("540D) in font phvr8t!
Missing character: There is no 、 ("3001) in font phvr8t!
Missing character: There is no 端 ("7AEF) in font phvr8t!
Missing character: There is no 口 ("53E3) in font phvr8t!
Missing character: There is no 方 ("65B9) in font phvr8t!
Missing character: There is no 向 ("5411) in font phvr8t!
Missing character: There is no （ ("FF08) in font phvr8t!
Missing character: There is no 、 ("3001) in font phvr8t!
Missing character: There is no ） ("FF09) in font phvr8t!
Missing character: There is no 及 ("53CA) in font phvr8t!
Missing character: There is no 名 ("540D) in font phvr8t!
Missing character: There is no 称 ("79F0) in font phvr8t!
Missing character: There is no 。 ("3002) in font phvr8t!
Missing character: There is no 能 ("80FD) in font phvr8t!
Missing character: There is no 够 ("591F) in font phvr8t!
Missing character: There is no 解 ("89E3) in font phvr8t!
Missing character: There is no 析 ("6790) in font phvr8t!
Missing character: There is no 命 ("547D) in font phvr8t!
Missing character: There is no 名 ("540D) in font phvr8t!
Missing character: There is no 端 ("7AEF) in font phvr8t!
Missing character: There is no 口 ("53E3) in font phvr8t!
Missing character: There is no 连 ("8FDE) in font phvr8t!
Missing character: There is no 接 ("63A5) in font phvr8t!
Missing character: There is no 的 ("7684) in font phvr8t!
Missing character: There is no 层 ("5C42) in font phvr8t!
Missing character: There is no 次 ("6B21) in font phvr8t!
Missing character: There is no 化 ("5316) in font phvr8t!
Missing character: There is no 实 ("5B9E) in font phvr8t!
Missing character: There is no 例 ("4F8B) in font phvr8t!
Missing character: There is no 化 ("5316) in font phvr8t!
Missing character: There is no ， ("FF0C) in font phvr8t!
Missing character: There is no 并 ("5E76) in font phvr8t!
Missing character: There is no 获 ("83B7) in font phvr8t!
Missing character: There is no 取 ("53D6) in font phvr8t!
Missing character: There is no 模 ("6A21) in font phvr8t!
Missing character: There is no 块 ("5757) in font phvr8t!
Missing character: There is no 名 ("540D) in font phvr8t!
Missing character: There is no 、 ("3001) in font phvr8t!
Missing character: There is no 实 ("5B9E) in font phvr8t!
Missing character: There is no 例 ("4F8B) in font phvr8t!
Missing character: There is no 名 ("540D) in font phvr8t!
Missing character: There is no 称 ("79F0) in font phvr8t!
Missing character: There is no 和 ("548C) in font phvr8t!
Missing character: There is no 端 ("7AEF) in font phvr8t!
Missing character: There is no 口 ("53E3) in font phvr8t!
Missing character: There is no 映 ("6620) in font phvr8t!
Missing character: There is no 射 ("5C04) in font phvr8t!
Missing character: There is no 关 ("5173) in font phvr8t!
Missing character: There is no 系 ("7CFB) in font phvr8t!
Missing character: There is no 。 ("3002) in font phvr8t!
Missing character: There is no 能 ("80FD) in font phvr8t!
Missing character: There is no 够 ("591F) in font phvr8t!
Missing character: There is no 解 ("89E3) in font phvr8t!
Missing character: There is no 析 ("6790) in font phvr8t!
Missing character: There is no 门 ("95E8) in font phvr8t!
Missing character: There is no 级 ("7EA7) in font phvr8t!
Missing character: There is no 原 ("539F) in font phvr8t!
Missing character: There is no 语 ("8BED) in font phvr8t!
Missing character: There is no 实 ("5B9E) in font phvr8t!
Missing character: There is no 例 ("4F8B) in font phvr8t!
Missing character: There is no 化 ("5316) in font phvr8t!
Missing character: There is no ， ("FF0C) in font phvr8t!
Missing character: There is no 并 ("5E76) in font phvr8t!
Missing character: There is no 获 ("83B7) in font phvr8t!
Missing character: There is no 取 ("53D6) in font phvr8t!
Missing character: There is no 门 ("95E8) in font phvr8t!
Missing character: There is no 类 ("7C7B) in font phvr8t!
Missing character: There is no 型 ("578B) in font phvr8t!
Missing character: There is no 、 ("3001) in font phvr8t!
Missing character: There is no 实 ("5B9E) in font phvr8t!
Missing character: There is no 例 ("4F8B) in font phvr8t!
Missing character: There is no 名 ("540D) in font phvr8t!
Missing character: There is no 称 ("79F0) in font phvr8t!
Missing character: There is no 、 ("3001) in font phvr8t!
Missing character: There is no 输 ("8F93) in font phvr8t!
Missing character: There is no 出 ("51FA) in font phvr8t!
Missing character: There is no 端 ("7AEF) in font phvr8t!
Missing character: There is no 口 ("53E3) in font phvr8t!
Missing character: There is no 和 ("548C) in font phvr8t!
Missing character: There is no 输 ("8F93) in font phvr8t!
Missing character: There is no 入 ("5165) in font phvr8t!
Missing character: There is no 端 ("7AEF) in font phvr8t!
Missing character: There is no 口 ("53E3) in font phvr8t!
Missing character: There is no 。 ("3002) in font phvr8t!
Missing character: There is no 进 ("8FDB) in font phvr8t!
Missing character: There is no 一 ("4E00) in font phvr8t!
Missing character: There is no 步 ("6B65) in font phvr8t!
Missing character: There is no 完 ("5B8C) in font phvr8t!
Missing character: There is no 善 ("5584) in font phvr8t!
Missing character: There is no 了 ("4E86) in font phvr8t!
Missing character: There is no 对 ("5BF9) in font phvr8t!
Missing character: There is no （ ("FF08) in font phvr8t!
Missing character: There is no 如 ("5982) in font phvr8t!
Missing character: There is no ） ("FF09) in font phvr8t!
Missing character: There is no 端 ("7AEF) in font phvr8t!
Missing character: There is no 口 ("53E3) in font phvr8t!
Missing character: There is no 映 ("6620) in font phvr8t!
Missing character: There is no 射 ("5C04) in font phvr8t!
Missing character: There is no 关 ("5173) in font phvr8t!
Missing character: There is no 系 ("7CFB) in font phvr8t!
Missing character: There is no 的 ("7684) in font phvr8t!
Missing character: There is no 解 ("89E3) in font phvr8t!
Missing character: There is no 析 ("6790) in font phvr8t!
Missing character: There is no ， ("FF0C) in font phvr8t!
Missing character: There is no 但 ("4F46) in font phvr8t!
Missing character: There is no 其 ("5176) in font phvr8t!
Missing character: There is no 内 ("5185) in font phvr8t!
Missing character: There is no 部 ("90E8) in font phvr8t!
Missing character: There is no 尚 ("5C1A) in font phvr8t!
Missing character: There is no 未 ("672A) in font phvr8t!
Missing character: There is no 处 ("5904) in font phvr8t!
Missing character: There is no 理 ("7406) in font phvr8t!
Missing character: There is no 。 ("3002) in font phvr8t!
Missing character: There is no 尝 ("5C1D) in font phvr8t!
Missing character: There is no 试 ("8BD5) in font phvr8t!
Missing character: There is no 了 ("4E86) in font phvr8t!
Missing character: There is no 通 ("901A) in font phvr8t!
Missing character: There is no 过 ("8FC7) in font phvr8t!
Missing character: There is no 继 ("7EE7) in font phvr8t!
Missing character: There is no 承 ("627F) in font phvr8t!
Missing character: There is no 类 ("7C7B) in font phvr8t!
Missing character: There is no 创 ("521B) in font phvr8t!
Missing character: There is no 建 ("5EFA) in font phvr8t!
Missing character: There is no 自 ("81EA) in font phvr8t!
Missing character: There is no 定 ("5B9A) in font phvr8t!
Missing character: There is no 义 ("4E49) in font phvr8t!
Missing character: There is no 类 ("7C7B) in font phvr8t!
Missing character: There is no ， ("FF0C) in font phvr8t!
Missing character: There is no 实 ("5B9E) in font phvr8t!
Missing character: There is no 现 ("73B0) in font phvr8t!
Missing character: There is no 了 ("4E86) in font phvr8t!
Missing character: There is no 只 ("53EA) in font phvr8t!
Missing character: There is no 保 ("4FDD) in font phvr8t!
Missing character: There is no 留 ("7559) in font phvr8t!
Missing character: There is no 目 ("76EE) in font phvr8t!
Missing character: There is no 标 ("6807) in font phvr8t!
Missing character: There is no 模 ("6A21) in font phvr8t!
Missing character: There is no 块 ("5757) in font phvr8t!
Missing character: There is no 、 ("3001) in font phvr8t!
Missing character: There is no 删 ("5220) in font phvr8t!
Missing character: There is no 除 ("9664) in font phvr8t!
Missing character: There is no 其 ("5176) in font phvr8t!
Missing character: There is no 他 ("4ED6) in font phvr8t!
Missing character: There is no 模 ("6A21) in font phvr8t!
Missing character: There is no 块 ("5757) in font phvr8t!
Missing character: There is no ， ("FF0C) in font phvr8t!
Missing character: There is no 并 ("5E76) in font phvr8t!
Missing character: There is no 将 ("5C06) in font phvr8t!
Missing character: There is no 修 ("4FEE) in font phvr8t!
Missing character: There is no 改 ("6539) in font phvr8t!
Missing character: There is no 后 ("540E) in font phvr8t!
Missing character: There is no 的 ("7684) in font phvr8t!
Missing character: There is no 语 ("8BED) in font phvr8t!
Missing character: There is no 法 ("6CD5) in font phvr8t!
Missing character: There is no 树 ("6811) in font phvr8t!
Missing character: There is no 另 ("53E6) in font phvr8t!
Missing character: There is no 存 ("5B58) in font phvr8t!
Missing character: There is no 为 ("4E3A) in font phvr8t!
Missing character: There is no 新 ("65B0) in font phvr8t!
Missing character: There is no 文 ("6587) in font phvr8t!
Missing character: There is no 件 ("4EF6) in font phvr8t!
Missing character: There is no 。 ("3002) in font phvr8t!
Missing character: There is no 使 ("4F7F) in font phvr8t!
Missing character: There is no 用 ("7528) in font phvr8t!
Missing character: There is no 方 ("65B9) in font phvr8t!
Missing character: There is no 法 ("6CD5) in font phvr8t!
Missing character: There is no 可 ("53EF) in font phvr8t!
Missing character: There is no 以 ("4EE5) in font phvr8t!
Missing character: There is no 将 ("5C06) in font phvr8t!
Missing character: There is no 代 ("4EE3) in font phvr8t!
Missing character: There is no 码 ("7801) in font phvr8t!
Missing character: There is no 输 ("8F93) in font phvr8t!
Missing character: There is no 出 ("51FA) in font phvr8t!
Missing character: There is no 到 ("5230) in font phvr8t!
Missing character: There is no 文 ("6587) in font phvr8t!
Missing character: There is no 件 ("4EF6) in font phvr8t!
Missing character: There is no 。 ("3002) in font phvr8t!

Underfull \hbox (badness 10000) in paragraph at lines 227--228
[] \T1/pcr/m/n/10 slang[]::syntax[]::[]Syntax[]Rewriter  [] slang[]::syntax[]::
[]Syntax[]
 []

Missing character: There is no 创 ("521B) in font phvr8t!
Missing character: There is no 建 ("5EFA) in font phvr8t!
Missing character: There is no 了 ("4E86) in font phvr8t!
Missing character: There is no 类 ("7C7B) in font phvr8t!
Missing character: There is no ， ("FF0C) in font phvr8t!
Missing character: There is no 继 ("7EE7) in font phvr8t!
Missing character: There is no 承 ("627F) in font phvr8t!
Missing character: There is no 自 ("81EA) in font phvr8t!
Missing character: There is no 类 ("7C7B) in font phvr8t!
Missing character: There is no 。 ("3002) in font phvr8t!
Missing character: There is no 当 ("5F53) in font phvr8t!
Missing character: There is no 访 ("8BBF) in font phvr8t!
Missing character: There is no 问 ("95EE) in font phvr8t!
Missing character: There is no 到 ("5230) in font phvr8t!
Missing character: There is no 目 ("76EE) in font phvr8t!
Missing character: There is no 标 ("6807) in font phvr8t!
Missing character: There is no 模 ("6A21) in font phvr8t!
Missing character: There is no 块 ("5757) in font phvr8t!
Missing character: There is no 时 ("65F6) in font phvr8t!
Missing character: There is no ， ("FF0C) in font phvr8t!
Missing character: There is no 使 ("4F7F) in font phvr8t!
Missing character: There is no 用 ("7528) in font phvr8t!
Missing character: There is no 方 ("65B9) in font phvr8t!
Missing character: There is no 法 ("6CD5) in font phvr8t!
Missing character: There is no 也 ("4E5F) in font phvr8t!
Missing character: There is no 能 ("80FD) in font phvr8t!
Missing character: There is no 将 ("5C06) in font phvr8t!
Missing character: There is no 代 ("4EE3) in font phvr8t!
Missing character: There is no 码 ("7801) in font phvr8t!
Missing character: There is no 输 ("8F93) in font phvr8t!
Missing character: There is no 出 ("51FA) in font phvr8t!
Missing character: There is no 到 ("5230) in font phvr8t!
Missing character: There is no 文 ("6587) in font phvr8t!
Missing character: There is no 件 ("4EF6) in font phvr8t!
Missing character: There is no ， ("FF0C) in font phvr8t!
Missing character: There is no 但 ("4F46) in font phvr8t!
Missing character: There is no 发 ("53D1) in font phvr8t!
Missing character: There is no 现 ("73B0) in font phvr8t!
Missing character: There is no 输 ("8F93) in font phvr8t!
Missing character: There is no 出 ("51FA) in font phvr8t!
Missing character: There is no 结 ("7ED3) in font phvr8t!
Missing character: There is no 果 ("679C) in font phvr8t!
Missing character: There is no 中 ("4E2D) in font phvr8t!
Missing character: There is no 空 ("7A7A) in font phvr8t!
Missing character: There is no 行 ("884C) in font phvr8t!
Missing character: There is no 会 ("4F1A) in font phvr8t!
Missing character: There is no 被 ("88AB) in font phvr8t!
Missing character: There is no 删 ("5220) in font phvr8t!
Missing character: There is no 除 ("9664) in font phvr8t!
Missing character: There is no 。 ("3002) in font phvr8t!
Missing character: There is no 修 ("4FEE) in font phvr8t!
Missing character: There is no 改 ("6539) in font phvr8t!
Missing character: There is no 了 ("4E86) in font phvr8t!
Missing character: There is no 方 ("65B9) in font phvr8t!
Missing character: There is no 法 ("6CD5) in font phvr8t!
Missing character: There is no ， ("FF0C) in font phvr8t!
Missing character: There is no 该 ("8BE5) in font phvr8t!
Missing character: There is no 方 ("65B9) in font phvr8t!
Missing character: There is no 法 ("6CD5) in font phvr8t!
Missing character: There is no 可 ("53EF) in font phvr8t!
Missing character: There is no 以 ("4EE5) in font phvr8t!
Missing character: There is no 根 ("6839) in font phvr8t!
Missing character: There is no 据 ("636E) in font phvr8t!
Missing character: There is no 输 ("8F93) in font phvr8t!
Missing character: There is no 入 ("5165) in font phvr8t!
Missing character: There is no 的 ("7684) in font phvr8t!
Missing character: There is no 生 ("751F) in font phvr8t!
Missing character: There is no 成 ("6210) in font phvr8t!
Missing character: There is no 指 ("6307) in font phvr8t!
Missing character: There is no 定 ("5B9A) in font phvr8t!
Missing character: There is no 的 ("7684) in font phvr8t!
Missing character: There is no ， ("FF0C) in font phvr8t!
Missing character: There is no 并 ("5E76) in font phvr8t!
Missing character: There is no 在 ("5728) in font phvr8t!
Missing character: There is no 遇 ("9047) in font phvr8t!
Missing character: There is no 到 ("5230) in font phvr8t!
Missing character: There is no 未 ("672A) in font phvr8t!
Missing character: There is no 找 ("627E) in font phvr8t!
Missing character: There is no 到 ("5230) in font phvr8t!
Missing character: There is no 的 ("7684) in font phvr8t!
Missing character: There is no 单 ("5355) in font phvr8t!
Missing character: There is no 元 ("5143) in font phvr8t!
Missing character: There is no 时 ("65F6) in font phvr8t!
Missing character: There is no 提 ("63D0) in font phvr8t!
Missing character: There is no 示 ("793A) in font phvr8t!
Missing character: There is no 警 ("8B66) in font phvr8t!
Missing character: There is no 告 ("544A) in font phvr8t!
Missing character: There is no 信 ("4FE1) in font phvr8t!
Missing character: There is no 息 ("606F) in font phvr8t!
Missing character: There is no 。 ("3002) in font phvr8t!
Missing character: There is no 优 ("4F18) in font phvr8t!
Missing character: There is no 化 ("5316) in font phvr8t!
Missing character: There is no 了 ("4E86) in font phvr8t!
Missing character: There is no 时 ("65F6) in font phvr8t!
Missing character: There is no 钟 ("949F) in font phvr8t!
Missing character: There is no 引 ("5F15) in font phvr8t!
Missing character: There is no 脚 ("811A) in font phvr8t!
Missing character: There is no 的 ("7684) in font phvr8t!
Missing character: There is no 处 ("5904) in font phvr8t!
Missing character: There is no 理 ("7406) in font phvr8t!
Missing character: There is no 方 ("65B9) in font phvr8t!
Missing character: There is no 式 ("5F0F) in font phvr8t!
Missing character: There is no ， ("FF0C) in font phvr8t!
Missing character: There is no 现 ("73B0) in font phvr8t!
Missing character: There is no 在 ("5728) in font phvr8t!
Missing character: There is no 时 ("65F6) in font phvr8t!
Missing character: There is no 钟 ("949F) in font phvr8t!
Missing character: There is no 引 ("5F15) in font phvr8t!
Missing character: There is no 脚 ("811A) in font phvr8t!
Missing character: There is no 不 ("4E0D) in font phvr8t!
Missing character: There is no 再 ("518D) in font phvr8t!
Missing character: There is no 被 ("88AB) in font phvr8t!
Missing character: There is no 视 ("89C6) in font phvr8t!
Missing character: There is no 为 ("4E3A) in font phvr8t!
Missing character: There is no 的 ("7684) in font phvr8t!
Missing character: There is no 输 ("8F93) in font phvr8t!
Missing character: There is no 入 ("5165) in font phvr8t!
Missing character: There is no 引 ("5F15) in font phvr8t!
Missing character: There is no 脚 ("811A) in font phvr8t!
Missing character: There is no ， ("FF0C) in font phvr8t!
Missing character: There is no 而 ("800C) in font phvr8t!
Missing character: There is no 是 ("662F) in font phvr8t!
Missing character: There is no 仅 ("4EC5) in font phvr8t!
Missing character: There is no 记 ("8BB0) in font phvr8t!
Missing character: There is no 录 ("5F55) in font phvr8t!
Missing character: There is no 为 ("4E3A) in font phvr8t!
Missing character: There is no 时 ("65F6) in font phvr8t!
Missing character: There is no 序 ("5E8F) in font phvr8t!
Missing character: There is no 单 ("5355) in font phvr8t!
Missing character: There is no 元 ("5143) in font phvr8t!
Missing character: There is no ， ("FF0C) in font phvr8t!
Missing character: There is no 并 ("5E76) in font phvr8t!
Missing character: There is no 跳 ("8DF3) in font phvr8t!
Missing character: There is no 过 ("8FC7) in font phvr8t!
Missing character: There is no 存 ("5B58) in font phvr8t!
Missing character: There is no 入 ("5165) in font phvr8t!
Missing character: There is no 集 ("96C6) in font phvr8t!
Missing character: There is no 合 ("5408) in font phvr8t!
Missing character: There is no 的 ("7684) in font phvr8t!
Missing character: There is no 步 ("6B65) in font phvr8t!
Missing character: There is no 骤 ("9AA4) in font phvr8t!
Missing character: There is no 。 ("3002) in font phvr8t!
Missing character: There is no 引 ("5F15) in font phvr8t!
Missing character: There is no 入 ("5165) in font phvr8t!
Missing character: There is no 了 ("4E86) in font phvr8t!
Missing character: There is no 文 ("6587) in font phvr8t!
Missing character: There is no 档 ("6863) in font phvr8t!
Missing character: There is no 生 ("751F) in font phvr8t!
Missing character: There is no 成 ("6210) in font phvr8t!
Missing character: There is no 工 ("5DE5) in font phvr8t!
Missing character: There is no 具 ("5177) in font phvr8t!
Missing character: There is no ， ("FF0C) in font phvr8t!
Missing character: There is no 用 ("7528) in font phvr8t!
Missing character: There is no 于 ("4E8E) in font phvr8t!
Missing character: There is no 可 ("53EF) in font phvr8t!
Missing character: There is no 视 ("89C6) in font phvr8t!
Missing character: There is no 化 ("5316) in font phvr8t!
Missing character: There is no 分 ("5206) in font phvr8t!
Missing character: There is no 析 ("6790) in font phvr8t!
Missing character: There is no 项 ("9879) in font phvr8t!
Missing character: There is no 目 ("76EE) in font phvr8t!
Missing character: There is no ， ("FF0C) in font phvr8t!
Missing character: There is no 并 ("5E76) in font phvr8t!
Missing character: There is no 生 ("751F) in font phvr8t!
Missing character: There is no 成 ("6210) in font phvr8t!
Missing character: There is no 了 ("4E86) in font phvr8t!
Missing character: There is no 文 ("6587) in font phvr8t!
Missing character: There is no 档 ("6863) in font phvr8t!
Missing character: There is no 和 ("548C) in font phvr8t!
Missing character: There is no 参 ("53C2) in font phvr8t!
Missing character: There is no 考 ("8003) in font phvr8t!
Missing character: There is no 手 ("624B) in font phvr8t!
Missing character: There is no 册 ("518C) in font phvr8t!
Missing character: There is no 。 ("3002) in font phvr8t!
Missing character: There is no 尚 ("5C1A) in font phvr8t!
Missing character: There is no 未 ("672A) in font phvr8t!
Missing character: There is no 解 ("89E3) in font phvr8t!
Missing character: There is no 决 ("51B3) in font phvr8t!
Missing character: There is no 手 ("624B) in font phvr8t!
Missing character: There is no 册 ("518C) in font phvr8t!
Missing character: There is no 中 ("4E2D) in font phvr8t!
Missing character: There is no 文 ("6587) in font phvr8t!
Missing character: There is no 显 ("663E) in font phvr8t!
Missing character: There is no 示 ("793A) in font phvr8t!
Missing character: There is no 不 ("4E0D) in font phvr8t!
Missing character: There is no 正 ("6B63) in font phvr8t!
Missing character: There is no 确 ("786E) in font phvr8t!
Missing character: There is no 的 ("7684) in font phvr8t!
Missing character: There is no 问 ("95EE) in font phvr8t!
Missing character: There is no 题 ("9898) in font phvr8t!
Missing character: There is no ， ("FF0C) in font phvr8t!
Missing character: There is no 可 ("53EF) in font phvr8t!
Missing character: There is no 能 ("80FD) in font phvr8t!
Missing character: There is no 需 ("9700) in font phvr8t!
Missing character: There is no 要 ("8981) in font phvr8t!
Missing character: There is no 自 ("81EA) in font phvr8t!
Missing character: There is no 定 ("5B9A) in font phvr8t!
Missing character: There is no 义 ("4E49) in font phvr8t!
Missing character: There is no 头 ("5934) in font phvr8t!
Missing character: There is no 文 ("6587) in font phvr8t!
Missing character: There is no 件 ("4EF6) in font phvr8t!
Missing character: There is no 。 ("3002) in font phvr8t!
Missing character: There is no 重 ("91CD) in font phvb8t!
Missing character: There is no 大 ("5927) in font phvb8t!
Missing character: There is no 失 ("5931) in font phvb8t!
Missing character: There is no 误 ("8BEF) in font phvb8t!
Missing character: There is no ！ ("FF01) in font phvb8t!
Missing character: There is no 误 ("8BEF) in font phvr8t!
Missing character: There is no 操 ("64CD) in font phvr8t!
Missing character: There is no 作 ("4F5C) in font phvr8t!
Missing character: There is no 分 ("5206) in font phvr8t!
Missing character: There is no 支 ("652F) in font phvr8t!
Missing character: There is no ， ("FF0C) in font phvr8t!
Missing character: There is no 导 ("5BFC) in font phvr8t!
Missing character: There is no 致 ("81F4) in font phvr8t!
Missing character: There is no 部 ("90E8) in font phvr8t!
Missing character: There is no 分 ("5206) in font phvr8t!
Missing character: There is no 代 ("4EE3) in font phvr8t!
Missing character: There is no 码 ("7801) in font phvr8t!
Missing character: There is no 修 ("4FEE) in font phvr8t!
Missing character: There is no 改 ("6539) in font phvr8t!
Missing character: There is no 丢 ("4E22) in font phvr8t!
Missing character: There is no 失 ("5931) in font phvr8t!
Missing character: There is no 。 ("3002) in font phvr8t!
Missing character: There is no 务 ("52A1) in font phvr8t!
Missing character: There is no 必 ("5FC5) in font phvr8t!
Missing character: There is no 牢 ("7262) in font phvr8t!
Missing character: There is no 记 ("8BB0) in font phvr8t!
Missing character: There is no ： ("FF1A) in font phvr8t!
Missing character: There is no 及 ("53CA) in font phvr8t!
Missing character: There is no 时 ("65F6) in font phvr8t!
Missing character: There is no 提 ("63D0) in font phvr8t!
Missing character: There is no 交 ("4EA4) in font phvr8t!
Missing character: There is no 代 ("4EE3) in font phvr8t!
Missing character: There is no 码 ("7801) in font phvr8t!
Missing character: There is no ！ ("FF01) in font phvr8t!
Missing character: There is no 实 ("5B9E) in font phvr8t!
Missing character: There is no 现 ("73B0) in font phvr8t!
Missing character: There is no 了 ("4E86) in font phvr8t!
Missing character: There is no 方 ("65B9) in font phvr8t!
Missing character: There is no 法 ("6CD5) in font phvr8t!
Missing character: There is no 的 ("7684) in font phvr8t!
Missing character: There is no 核 ("6838) in font phvr8t!
Missing character: There is no 心 ("5FC3) in font phvr8t!
Missing character: There is no 流 ("6D41) in font phvr8t!
Missing character: There is no 程 ("7A0B) in font phvr8t!
Missing character: There is no ： ("FF1A) in font phvr8t!
Missing character: There is no 首 ("9996) in font phvr8t!
Missing character: There is no 先 ("5148) in font phvr8t!
Missing character: There is no 调 ("8C03) in font phvr8t!
Missing character: There is no 用 ("7528) in font phvr8t!
Missing character: There is no 生 ("751F) in font phvr8t!
Missing character: There is no 成 ("6210) in font phvr8t!
Missing character: There is no 超 ("8D85) in font phvr8t!
Missing character: There is no 级 ("7EA7) in font phvr8t!
Missing character: There is no 单 ("5355) in font phvr8t!
Missing character: There is no 元 ("5143) in font phvr8t!
Missing character: There is no 。 ("3002) in font phvr8t!
Missing character: There is no 读 ("8BFB) in font phvr8t!
Missing character: There is no 取 ("53D6) in font phvr8t!
Missing character: There is no 文 ("6587) in font phvr8t!
Missing character: There is no 件 ("4EF6) in font phvr8t!
Missing character: There is no ， ("FF0C) in font phvr8t!
Missing character: There is no 提 ("63D0) in font phvr8t!
Missing character: There is no 取 ("53D6) in font phvr8t!
Missing character: There is no 单 ("5355) in font phvr8t!
Missing character: There is no 元 ("5143) in font phvr8t!
Missing character: There is no 映 ("6620) in font phvr8t!
Missing character: There is no 射 ("5C04) in font phvr8t!
Missing character: There is no 关 ("5173) in font phvr8t!
Missing character: There is no 系 ("7CFB) in font phvr8t!
Missing character: There is no 到 ("5230) in font phvr8t!
Missing character: There is no 中 ("4E2D) in font phvr8t!
Missing character: There is no （ ("FF08) in font phvr8t!
Missing character: There is no 原 ("539F) in font phvr8t!
Missing character: There is no 始 ("59CB) in font phvr8t!
Missing character: There is no 单 ("5355) in font phvr8t!
Missing character: There is no 元 ("5143) in font phvr8t!
Missing character: There is no 名 ("540D) in font phvr8t!
Missing character: There is no 超 ("8D85) in font phvr8t!
Missing character: There is no 级 ("7EA7) in font phvr8t!
Missing character: There is no 单 ("5355) in font phvr8t!
Missing character: There is no 元 ("5143) in font phvr8t!
Missing character: There is no 名 ("540D) in font phvr8t!
Missing character: There is no 模 ("6A21) in font phvr8t!
Missing character: There is no 块 ("5757) in font phvr8t!
Missing character: There is no 名 ("540D) in font phvr8t!
Missing character: There is no ） ("FF09) in font phvr8t!
Missing character: There is no 。 ("3002) in font phvr8t!
Missing character: There is no 从 ("4ECE) in font phvr8t!
Missing character: There is no 中 ("4E2D) in font phvr8t!
Missing character: There is no 提 ("63D0) in font phvr8t!
Missing character: There is no 取 ("53D6) in font phvr8t!
Missing character: There is no 单 ("5355) in font phvr8t!
Missing character: There is no 元 ("5143) in font phvr8t!
Missing character: There is no 的 ("7684) in font phvr8t!
Missing character: There is no 输 ("8F93) in font phvr8t!
Missing character: There is no 入 ("5165) in font phvr8t!
Missing character: There is no 输 ("8F93) in font phvr8t!
Missing character: There is no 出 ("51FA) in font phvr8t!
Missing character: There is no 端 ("7AEF) in font phvr8t!
Missing character: There is no 口 ("53E3) in font phvr8t!
Missing character: There is no 信 ("4FE1) in font phvr8t!
Missing character: There is no 息 ("606F) in font phvr8t!
Missing character: There is no 。 ("3002) in font phvr8t!
Missing character: There is no 根 ("6839) in font phvr8t!
Missing character: There is no 据 ("636E) in font phvr8t!
Missing character: There is no 是 ("662F) in font phvr8t!
Missing character: There is no 否 ("5426) in font phvr8t!
Missing character: There is no 存 ("5B58) in font phvr8t!
Missing character: There is no 在 ("5728) in font phvr8t!
Missing character: There is no 时 ("65F6) in font phvr8t!
Missing character: There is no 钟 ("949F) in font phvr8t!
Missing character: There is no 引 ("5F15) in font phvr8t!
Missing character: There is no 脚 ("811A) in font phvr8t!
Missing character: There is no ， ("FF0C) in font phvr8t!
Missing character: There is no 确 ("786E) in font phvr8t!
Missing character: There is no 定 ("5B9A) in font phvr8t!
Missing character: There is no 模 ("6A21) in font phvr8t!
Missing character: There is no 块 ("5757) in font phvr8t!
Missing character: There is no 中 ("4E2D) in font phvr8t!
Missing character: There is no 的 ("7684) in font phvr8t!
Missing character: There is no 生 ("751F) in font phvr8t!
Missing character: There is no 成 ("6210) in font phvr8t!
Missing character: There is no 数 ("6570) in font phvr8t!
Missing character: There is no 量 ("91CF) in font phvr8t!
Missing character: There is no （ ("FF08) in font phvr8t!
Missing character: There is no 时 ("65F6) in font phvr8t!
Missing character: There is no 序 ("5E8F) in font phvr8t!
Missing character: There is no 逻 ("903B) in font phvr8t!
Missing character: There is no 辑 ("8F91) in font phvr8t!
Missing character: There is no 为 ("4E3A) in font phvr8t!
Missing character: There is no ， ("FF0C) in font phvr8t!
Missing character: There is no 组 ("7EC4) in font phvr8t!
Missing character: There is no 合 ("5408) in font phvr8t!
Missing character: There is no 逻 ("903B) in font phvr8t!
Missing character: There is no 辑 ("8F91) in font phvr8t!
Missing character: There is no 等 ("7B49) in font phvr8t!
Missing character: There is no 于 ("4E8E) in font phvr8t!
Missing character: There is no ） ("FF09) in font phvr8t!
Missing character: There is no 。 ("3002) in font phvr8t!
Missing character: There is no 通 ("901A) in font phvr8t!
Missing character: There is no 过 ("8FC7) in font phvr8t!
Missing character: There is no 字 ("5B57) in font phvr8t!
Missing character: There is no 符 ("7B26) in font phvr8t!
Missing character: There is no 串 ("4E32) in font phvr8t!
Missing character: There is no 操 ("64CD) in font phvr8t!
Missing character: There is no 作 ("4F5C) in font phvr8t!
Missing character: There is no 生 ("751F) in font phvr8t!
Missing character: There is no 成 ("6210) in font phvr8t!
Missing character: There is no 风 ("98CE) in font phvr8t!
Missing character: There is no 格 ("683C) in font phvr8t!
Missing character: There is no 的 ("7684) in font phvr8t!
Missing character: There is no 端 ("7AEF) in font phvr8t!
Missing character: There is no 口 ("53E3) in font phvr8t!
Missing character: There is no 列 ("5217) in font phvr8t!
Missing character: There is no 表 ("8868) in font phvr8t!
Missing character: There is no ， ("FF0C) in font phvr8t!
Missing character: There is no 并 ("5E76) in font phvr8t!
Missing character: There is no 与 ("4E0E) in font phvr8t!
Missing character: There is no 模 ("6A21) in font phvr8t!
Missing character: There is no 块 ("5757) in font phvr8t!
Missing character: There is no 名 ("540D) in font phvr8t!
Missing character: There is no 组 ("7EC4) in font phvr8t!
Missing character: There is no 合 ("5408) in font phvr8t!
Missing character: There is no 成 ("6210) in font phvr8t!
Missing character: There is no 完 ("5B8C) in font phvr8t!
Missing character: There is no 整 ("6574) in font phvr8t!
Missing character: There is no 的 ("7684) in font phvr8t!
Missing character: There is no 。 ("3002) in font phvr8t!
Missing character: There is no 使 ("4F7F) in font phvr8t!
Missing character: There is no 用 ("7528) in font phvr8t!
Missing character: There is no 从 ("4ECE) in font phvr8t!
Missing character: There is no 生 ("751F) in font phvr8t!
Missing character: There is no 成 ("6210) in font phvr8t!
Missing character: There is no 语 ("8BED) in font phvr8t!
Missing character: There is no 法 ("6CD5) in font phvr8t!
Missing character: There is no 树 ("6811) in font phvr8t!
Missing character: There is no 。 ("3002) in font phvr8t!
Missing character: There is no 将 ("5C06) in font phvr8t!
Missing character: There is no 语 ("8BED) in font phvr8t!
Missing character: There is no 法 ("6CD5) in font phvr8t!
Missing character: There is no 树 ("6811) in font phvr8t!
Missing character: There is no 传 ("4F20) in font phvr8t!
Missing character: There is no 递 ("9012) in font phvr8t!
Missing character: There is no 给 ("7ED9) in font phvr8t!
Missing character: There is no 类 ("7C7B) in font phvr8t!
Missing character: There is no ， ("FF0C) in font phvr8t!
Missing character: There is no 使 ("4F7F) in font phvr8t!
Missing character: There is no 用 ("7528) in font phvr8t!
Missing character: There is no 其 ("5176) in font phvr8t!
Missing character: There is no 方 ("65B9) in font phvr8t!
Missing character: There is no 法 ("6CD5) in font phvr8t!
Missing character: There is no 遍 ("904D) in font phvr8t!
Missing character: There is no 历 ("5386) in font phvr8t!
Missing character: There is no 模 ("6A21) in font phvr8t!
Missing character: There is no 块 ("5757) in font phvr8t!
Missing character: There is no 成 ("6210) in font phvr8t!
Missing character: There is no 员 ("5458) in font phvr8t!
Missing character: There is no ， ("FF0C) in font phvr8t!
Missing character: There is no 并 ("5E76) in font phvr8t!
Missing character: There is no 通 ("901A) in font phvr8t!
Missing character: There is no 过 ("8FC7) in font phvr8t!
Missing character: There is no 方 ("65B9) in font phvr8t!
Missing character: There is no 法 ("6CD5) in font phvr8t!
Missing character: There is no 进 ("8FDB) in font phvr8t!
Missing character: There is no 行 ("884C) in font phvr8t!
Missing character: There is no 处 ("5904) in font phvr8t!
Missing character: There is no 理 ("7406) in font phvr8t!
Missing character: There is no 。 ("3002) in font phvr8t!
Missing character: There is no 最 ("6700) in font phvr8t!
Missing character: There is no 后 ("540E) in font phvr8t!
Missing character: There is no ， ("FF0C) in font phvr8t!
Missing character: There is no 使 ("4F7F) in font phvr8t!
Missing character: There is no 用 ("7528) in font phvr8t!
Missing character: There is no 将 ("5C06) in font phvr8t!
Missing character: There is no 处 ("5904) in font phvr8t!
Missing character: There is no 理 ("7406) in font phvr8t!
Missing character: There is no 后 ("540E) in font phvr8t!
Missing character: There is no 的 ("7684) in font phvr8t!
Missing character: There is no 语 ("8BED) in font phvr8t!
Missing character: There is no 法 ("6CD5) in font phvr8t!
Missing character: There is no 树 ("6811) in font phvr8t!
Missing character: There is no 输 ("8F93) in font phvr8t!
Missing character: There is no 出 ("51FA) in font phvr8t!
Missing character: There is no 到 ("5230) in font phvr8t!
Missing character: There is no 文 ("6587) in font phvr8t!
Missing character: There is no 件 ("4EF6) in font phvr8t!
Missing character: There is no 。 ("3002) in font phvr8t!
Missing character: There is no 目 ("76EE) in font phvr8t!
Missing character: There is no 前 ("524D) in font phvr8t!
Missing character: There is no 能 ("80FD) in font phvr8t!
Missing character: There is no 够 ("591F) in font phvr8t!
Missing character: There is no 正 ("6B63) in font phvr8t!
Missing character: There is no 确 ("786E) in font phvr8t!
Missing character: There is no 输 ("8F93) in font phvr8t!
Missing character: There is no 出 ("51FA) in font phvr8t!
Missing character: There is no 模 ("6A21) in font phvr8t!
Missing character: There is no 块 ("5757) in font phvr8t!
Missing character: There is no 名 ("540D) in font phvr8t!
Missing character: There is no 和 ("548C) in font phvr8t!
Missing character: There is no 风 ("98CE) in font phvr8t!
Missing character: There is no 格 ("683C) in font phvr8t!
Missing character: There is no 的 ("7684) in font phvr8t!
Missing character: There is no 端 ("7AEF) in font phvr8t!
Missing character: There is no 口 ("53E3) in font phvr8t!
Missing character: There is no 声 ("58F0) in font phvr8t!
Missing character: There is no 明 ("660E) in font phvr8t!
Missing character: There is no 。 ("3002) in font phvr8t!
Missing character: There is no 成 ("6210) in font phvr8t!
Missing character: There is no 功 ("529F) in font phvr8t!
Missing character: There is no 实 ("5B9E) in font phvr8t!
Missing character: There is no 现 ("73B0) in font phvr8t!
Missing character: There is no 了 ("4E86) in font phvr8t!
Missing character: There is no 在 ("5728) in font phvr8t!
Missing character: There is no 模 ("6A21) in font phvr8t!
Missing character: There is no 块 ("5757) in font phvr8t!
Missing character: There is no 成 ("6210) in font phvr8t!
Missing character: There is no 员 ("5458) in font phvr8t!
Missing character: There is no 列 ("5217) in font phvr8t!
Missing character: There is no 表 ("8868) in font phvr8t!
Missing character: There is no 中 ("4E2D) in font phvr8t!
Missing character: There is no 插 ("63D2) in font phvr8t!
Missing character: There is no 入 ("5165) in font phvr8t!
Missing character: There is no 新 ("65B0) in font phvr8t!
Missing character: There is no 节 ("8282) in font phvr8t!
Missing character: There is no 点 ("70B9) in font phvr8t!
Missing character: There is no 的 ("7684) in font phvr8t!
Missing character: There is no 功 ("529F) in font phvr8t!
Missing character: There is no 能 ("80FD) in font phvr8t!
Missing character: There is no 。 ("3002) in font phvr8t!


[6]
Missing character: There is no 在 ("5728) in font phvr8t!
Missing character: There is no 方 ("65B9) in font phvr8t!
Missing character: There is no 法 ("6CD5) in font phvr8t!
Missing character: There is no 中 ("4E2D) in font phvr8t!
Missing character: There is no ， ("FF0C) in font phvr8t!
Missing character: There is no 使 ("4F7F) in font phvr8t!
Missing character: There is no 用 ("7528) in font phvr8t!
Missing character: There is no 函 ("51FD) in font phvr8t!
Missing character: There is no 数 ("6570) in font phvr8t!
Missing character: There is no ， ("FF0C) in font phvr8t!
Missing character: There is no 可 ("53EF) in font phvr8t!
Missing character: There is no 以 ("4EE5) in font phvr8t!
Missing character: There is no 在 ("5728) in font phvr8t!
Missing character: There is no 模 ("6A21) in font phvr8t!
Missing character: There is no 块 ("5757) in font phvr8t!
Missing character: There is no 成 ("6210) in font phvr8t!
Missing character: There is no 员 ("5458) in font phvr8t!
Missing character: There is no 的 ("7684) in font phvr8t!
Missing character: There is no 末 ("672B) in font phvr8t!
Missing character: There is no 尾 ("5C3E) in font phvr8t!
Missing character: There is no 插 ("63D2) in font phvr8t!
Missing character: There is no 入 ("5165) in font phvr8t!
Missing character: There is no 链 ("94FE) in font phvr8t!
Missing character: There is no 式 ("5F0F) in font phvr8t!
Missing character: There is no 单 ("5355) in font phvr8t!
Missing character: There is no 元 ("5143) in font phvr8t!
Missing character: There is no 所 ("6240) in font phvr8t!
Missing character: There is no 需 ("9700) in font phvr8t!
Missing character: There is no 的 ("7684) in font phvr8t!
Missing character: There is no 中 ("4E2D) in font phvr8t!
Missing character: There is no 间 ("95F4) in font phvr8t!
Missing character: There is no 变 ("53D8) in font phvr8t!
Missing character: There is no 量 ("91CF) in font phvr8t!
Missing character: There is no 声 ("58F0) in font phvr8t!
Missing character: There is no 明 ("660E) in font phvr8t!
Missing character: There is no ， ("FF0C) in font phvr8t!
Missing character: There is no 例 ("4F8B) in font phvr8t!
Missing character: There is no 如 ("5982) in font phvr8t!
Missing character: There is no 。 ("3002) in font phvr8t!

Underfull \hbox (badness 10000) in paragraph at lines 253--254
[] []\T1/pcr/m/n/10 (const slang[]::syntax[]::[]Module[]Declaration[]Syntax
 []

)

[7]

[8

]
Chapter 2.
(./hierarchy.tex)

[9]

[10

]
Chapter 3.
(./annotated.tex)

[11]

[12

]
Chapter 4.
(./files.tex)

[13]

[14

]
Chapter 5.
(./classAttributesIterator.tex) (./classCellExtractor.tex
LaTeX Font Info:    Font shape `T1/pcr/m/it' in size <8> not available
(Font)              Font shape `T1/pcr/m/sl' tried instead on input line 45.
LaTeX Font Info:    Font shape `T1/pcr/m/it' in size <7> not available
(Font)              Font shape `T1/pcr/m/sl' tried instead on input line 45.


[15]) (./classCellPrinter.tex

[16]

[17]) (./classGroupsIterator.tex

[18]

[19]) (./classLibAttribute.tex

[20]

[21]

[22]) (./structliberty__value__data.tex

[23]

[24]) (./classLibFile.tex
LaTeX Font Info:    Font shape `T1/phv/m/it' in size <9> not available
(Font)              Font shape `T1/phv/m/sl' tried instead on input line 11.
LaTeX Font Info:    Font shape `T1/phv/m/sl' will be
(Font)              scaled to size 8.09995pt on input line 11.
LaTeX Font Info:    Font shape `T1/phv/m/it' in size <7> not available
(Font)              Font shape `T1/phv/m/sl' tried instead on input line 11.
LaTeX Font Info:    Font shape `T1/phv/m/sl' will be
(Font)              scaled to size 6.29996pt on input line 11.


[25]

[26]
Underfull \hbox (badness 10000) detected at line 145
[][][]
 []



[27]

[28]
Underfull \hbox (badness 10000) detected at line 238
[][][]
 []


Underfull \hbox (badness 10000) detected at line 270
[][][]
 []



[29]
Underfull \hbox (badness 10000) detected at line 305
[][][]
 []


Overfull \hbox (3.9776pt too wide) in paragraph at lines 1--1
[]\T1/phv/m/sl/10 jsonname[] 
 []



[30]

[31]

[32]) (./classLibGroup.tex

[33]

[34]) (./classLibraryComparator.tex
Underfull \hbox (badness 1337) in paragraph at lines 28--29
[]\T1/phv/m/n/10 void [] (const std[]::string &cell[]_[]name, const std[]::stri
ng &pin[]_[]name, const std[]::string
 []



[35]
Overfull \vbox (1.51033pt too high) has occurred while \output is active []



[36]

[37]
Underfull \hbox (badness 10000) detected at line 145
[][][]
 []



[38]

[39]) (./classModuleRewriter.tex

[40]

[41]
LaTeX Font Info:    Font shape `T1/phv/b/n' will be
(Font)              scaled to size 7.19995pt on input line 70.


[42]) (./structsi2drExprT.tex

[43]

[44]) (./structsi2OID.tex

[45]) (./classValuesIterator.tex

[46]

[47]

[48]) (./classVerilogVisitor.tex

[49]

[50]

[51])

[52]
Chapter 6.
(./compare_8hpp.tex) (./compare_8hpp_source.tex

[53

]) (./iterators_8hpp.tex) (./iterators_8hpp_source.tex

[54]) (./json__utils_8hpp.tex

[55]
Underfull \hbox (badness 10000) detected at line 63
[][][]
 []



[56]
Underfull \hbox (badness 10000) detected at line 110
[][][]
 []



[57]
Underfull \hbox (badness 10000) detected at line 154
[][][]
 []


Underfull \hbox (badness 10000) detected at line 184
[][][]
 []

) (./json__utils_8hpp_source.tex

[58]) (./lib__attribute_8hpp.tex) (./lib__attribute_8hpp_source.tex)
(./lib__file_8hpp.tex

[59]) (./lib__file_8hpp_source.tex

[60]) (./lib__group_8hpp.tex) (./lib__group_8hpp_source.tex)
(./si2dr__liberty_8h.tex

[61]

[62]
Underfull \hbox (badness 1831) in paragraph at lines 160--171
[] \T1/phv/m/n/10 = SI2[]_[][]UNDEFINED[]_[][]VALUETYPE , [] = SI2[]_[][]LONG ,

 []


Underfull \hbox (badness 3919) in paragraph at lines 171--185
[] \T1/phv/m/n/10 = 4 , [] = 5 , [] = 6 ,
 []


Overfull \hbox (36.60904pt too wide) in paragraph at lines 185--205
[] \T1/phv/m/n/10 = 9 , [] = 2 , []
 []


Underfull \hbox (badness 4168) in paragraph at lines 225--227
[][] \T1/phv/m/n/10 si2dr[]Complex[]Attr[]Add[]Boolean[]Value [] (([] attr, [] 
boolval,
 []


Underfull \hbox (badness 7667) in paragraph at lines 227--229
[][] \T1/phv/m/n/10 si2dr[]Complex[]Attr[]Add[]Float64[]Value [] (([] attr, [] 
float64,
 []



[63]
Underfull \hbox (badness 3312) in paragraph at lines 273--275
[][] \T1/phv/m/n/10 si2dr[]Group[]Find[]Group[]By[]Name [] (([] group, [] name,

 []


Underfull \hbox (badness 1755) in paragraph at lines 291--293
[][] \T1/phv/m/n/10 si2dr[]Write[]Liberty[]File [] ((char $\OMS/cmsy/m/n/10 ^^C
$\T1/phv/m/n/10 filename, [] group, char $\OMS/cmsy/m/n/10 ^^C$\T1/phv/m/n/10 c
ellname,
 []



[64]

[65]

[66]

[67]

[68]
Overfull \hbox (24.20625pt too wide) in paragraph at lines 621--622
\T1/pcr/m/n/8 typedef []($\OMS/cmsy/m/n/8 ^^C$ \T1/pcr/m/n/8 si2dr[]Message[]Ha
ndlerT) ([] sev, [] err[]To[]Print, []
 []



[69]

[70]

[71]

[72]

[73]

[74]

[75]

[76]

[77]
Overfull \hbox (37.36179pt too wide) in paragraph at lines 1201--1202
|  \T1/pcr/m/n/8 ([] def, [] $\OMS/cmsy/m/n/8 ^^C$\T1/pcr/m/n/8 name, [] $\OMS/
cmsy/m/n/8 ^^C$\T1/pcr/m/n/8 allowed[]_[]group[]_[]name, []
 []



[78]

[79]
Overfull \hbox (33.66167pt too wide) in paragraph at lines 1279--1280
|  \T1/pcr/m/n/8 ([] group, [] name, [] allowed[]_[]group[]_[]name, []
 []


Underfull \hbox (badness 10000) in paragraph at lines 1285--1286
|  \T1/pcr/m/n/8 ([] group, [] name, [] group[]_[]type, []
 []



[80]

[81]
Underfull \hbox (badness 10000) in paragraph at lines 1369--1370
|  \T1/pcr/m/n/8 ([] iter, [] $\OMS/cmsy/m/n/8 ^^C$\T1/pcr/m/n/8 type, [] $\OMS
/cmsy/m/n/8 ^^C$\T1/pcr/m/n/8 intgr, []
 []

) (./si2dr__liberty_8h_source.tex

[82]

[83]

[84]

[85]

[86]

[87]

[88]

[89]) (./verilog__utils_8hpp.tex

[90]) (./verilog__utils_8hpp_source.tex

[91]) (./version_8h.tex

[92]) (./version_8h_source.tex

[93]) (./README_8md.tex) (./compare_8cpp.tex) (./compare_8cpp_source.tex

[94]

[95]

[96]

[97]

[98]) (./iterators_8cpp.tex) (./iterators_8cpp_source.tex)
(./json__utils_8cpp.tex

[99]
Underfull \hbox (badness 10000) detected at line 45
[][][]
 []



[100]
Underfull \hbox (badness 10000) detected at line 92
[][][]
 []



[101]
Underfull \hbox (badness 10000) detected at line 136
[][][]
 []



[102]
Underfull \hbox (badness 10000) detected at line 166
[][][]
 []


Underfull \hbox (badness 10000) detected at line 201
[][][]
 []



[103]
Underfull \hbox (badness 10000) detected at line 229
[][][]
 []

) (./json__utils_8cpp_source.tex
Missing character: There is no 类 ("7C7B) in font pcrr8t!
Missing character: There is no 型 ("578B) in font pcrr8t!
Missing character: There is no 的 ("7684) in font pcrr8t!
Missing character: There is no 值 ("503C) in font pcrr8t!
Missing character: There is no 可 ("53EF) in font pcrr8t!
Missing character: There is no 以 ("4EE5) in font pcrr8t!
Missing character: There is no 是 ("662F) in font pcrr8t!
Missing character: There is no 以 ("4EE5) in font pcrr8t!
Missing character: There is no 下 ("4E0B) in font pcrr8t!
Missing character: There is no 几 ("51E0) in font pcrr8t!
Missing character: There is no 种 ("79CD) in font pcrr8t!
Missing character: There is no 类 ("7C7B) in font pcrr8t!
Missing character: There is no 型 ("578B) in font pcrr8t!
Missing character: There is no 之 ("4E4B) in font pcrr8t!
Missing character: There is no 一 ("4E00) in font pcrr8t!
Missing character: There is no ： ("FF1A) in font pcrr8t!
Missing character: There is no 方 ("65B9) in font pcrr8t!
Missing character: There is no 括 ("62EC) in font pcrr8t!
Missing character: There is no 号 ("53F7) in font pcrr8t!
Missing character: There is no ： ("FF1A) in font pcrr8t!
Missing character: There is no 用 ("7528) in font pcrr8t!
Missing character: There is no 于 ("4E8E) in font pcrr8t!
Missing character: There is no 包 ("5305) in font pcrr8t!
Missing character: There is no 含 ("542B) in font pcrr8t!
Missing character: There is no 一 ("4E00) in font pcrr8t!
Missing character: There is no 组 ("7EC4) in font pcrr8t!
Missing character: There is no 有 ("6709) in font pcrr8t!
Missing character: There is no 序 ("5E8F) in font pcrr8t!
Missing character: There is no 的 ("7684) in font pcrr8t!
Missing character: There is no 值 ("503C) in font pcrr8t!
Missing character: There is no （ ("FF08) in font pcrr8t!
Missing character: There is no 数 ("6570) in font pcrr8t!
Missing character: There is no 组 ("7EC4) in font pcrr8t!
Missing character: There is no ） ("FF09) in font pcrr8t!
Missing character: There is no 。 ("3002) in font pcrr8t!
Missing character: There is no 数 ("6570) in font pcrr8t!
Missing character: There is no 组 ("7EC4) in font pcrr8t!
Missing character: There is no 中 ("4E2D) in font pcrr8t!
Missing character: There is no 的 ("7684) in font pcrr8t!
Missing character: There is no 每 ("6BCF) in font pcrr8t!
Missing character: There is no 个 ("4E2A) in font pcrr8t!
Missing character: There is no 值 ("503C) in font pcrr8t!
Missing character: There is no 可 ("53EF) in font pcrr8t!
Missing character: There is no 以 ("4EE5) in font pcrr8t!
Missing character: There is no 是 ("662F) in font pcrr8t!
Missing character: There is no 任 ("4EFB) in font pcrr8t!
Missing character: There is no 意 ("610F) in font pcrr8t!
Missing character: There is no 类 ("7C7B) in font pcrr8t!
Missing character: There is no 型 ("578B) in font pcrr8t!
Missing character: There is no 的 ("7684) in font pcrr8t!
Missing character: There is no 值 ("503C) in font pcrr8t!
Missing character: There is no ， ("FF0C) in font pcrr8t!
Missing character: There is no 包 ("5305) in font pcrr8t!
Missing character: There is no 括 ("62EC) in font pcrr8t!
Missing character: There is no 对 ("5BF9) in font pcrr8t!
Missing character: There is no 象 ("8C61) in font pcrr8t!
Missing character: There is no 、 ("3001) in font pcrr8t!
Missing character: There is no 数 ("6570) in font pcrr8t!
Missing character: There is no 组 ("7EC4) in font pcrr8t!
Missing character: There is no 、 ("3001) in font pcrr8t!
Missing character: There is no 字 ("5B57) in font pcrr8t!
Missing character: There is no 符 ("7B26) in font pcrr8t!
Missing character: There is no 串 ("4E32) in font pcrr8t!
Missing character: There is no 、 ("3001) in font pcrr8t!
Missing character: There is no 数 ("6570) in font pcrr8t!
Missing character: There is no 字 ("5B57) in font pcrr8t!
Missing character: There is no 、 ("3001) in font pcrr8t!
Missing character: There is no 布 ("5E03) in font pcrr8t!
Missing character: There is no 尔 ("5C14) in font pcrr8t!
Missing character: There is no 值 ("503C) in font pcrr8t!
Missing character: There is no 或 ("6216) in font pcrr8t!
Missing character: There is no 。 ("3002) in font pcrr8t!
Missing character: There is no 花 ("82B1) in font pcrr8t!
Missing character: There is no 括 ("62EC) in font pcrr8t!
Missing character: There is no 号 ("53F7) in font pcrr8t!
Missing character: There is no ： ("FF1A) in font pcrr8t!
Missing character: There is no 用 ("7528) in font pcrr8t!
Missing character: There is no 于 ("4E8E) in font pcrr8t!
Missing character: There is no 包 ("5305) in font pcrr8t!
Missing character: There is no 含 ("542B) in font pcrr8t!
Missing character: There is no 一 ("4E00) in font pcrr8t!
Missing character: There is no 组 ("7EC4) in font pcrr8t!
Missing character: There is no 键 ("952E) in font pcrr8t!
Missing character: There is no 值 ("503C) in font pcrr8t!
Missing character: There is no 对 ("5BF9) in font pcrr8t!
Missing character: There is no （ ("FF08) in font pcrr8t!
Missing character: There is no 对 ("5BF9) in font pcrr8t!
Missing character: There is no 象 ("8C61) in font pcrr8t!
Missing character: There is no ） ("FF09) in font pcrr8t!
Missing character: There is no 。 ("3002) in font pcrr8t!
Missing character: There is no 对 ("5BF9) in font pcrr8t!
Missing character: There is no 象 ("8C61) in font pcrr8t!
Missing character: There is no 中 ("4E2D) in font pcrr8t!
Missing character: There is no 的 ("7684) in font pcrr8t!
Missing character: There is no 每 ("6BCF) in font pcrr8t!
Missing character: There is no 个 ("4E2A) in font pcrr8t!
Missing character: There is no 键 ("952E) in font pcrr8t!
Missing character: There is no 都 ("90FD) in font pcrr8t!
Missing character: There is no 是 ("662F) in font pcrr8t!
Missing character: There is no 一 ("4E00) in font pcrr8t!
Missing character: There is no 个 ("4E2A) in font pcrr8t!
Missing character: There is no 字 ("5B57) in font pcrr8t!
Missing character: There is no 符 ("7B26) in font pcrr8t!
Missing character: There is no 串 ("4E32) in font pcrr8t!
Missing character: There is no ， ("FF0C) in font pcrr8t!
Missing character: There is no 值 ("503C) in font pcrr8t!
Missing character: There is no 可 ("53EF) in font pcrr8t!
Missing character: There is no 以 ("4EE5) in font pcrr8t!
Missing character: There is no 是 ("662F) in font pcrr8t!
Missing character: There is no 任 ("4EFB) in font pcrr8t!
Missing character: There is no 意 ("610F) in font pcrr8t!
Missing character: There is no 类 ("7C7B) in font pcrr8t!
Missing character: There is no 型 ("578B) in font pcrr8t!
Missing character: There is no 的 ("7684) in font pcrr8t!
Missing character: There is no 值 ("503C) in font pcrr8t!
Missing character: There is no ， ("FF0C) in font pcrr8t!
Missing character: There is no 包 ("5305) in font pcrr8t!
Missing character: There is no 括 ("62EC) in font pcrr8t!
Missing character: There is no 对 ("5BF9) in font pcrr8t!
Missing character: There is no 象 ("8C61) in font pcrr8t!
Missing character: There is no 、 ("3001) in font pcrr8t!
Missing character: There is no 数 ("6570) in font pcrr8t!
Missing character: There is no 组 ("7EC4) in font pcrr8t!
Missing character: There is no 、 ("3001) in font pcrr8t!
Missing character: There is no 字 ("5B57) in font pcrr8t!
Missing character: There is no 符 ("7B26) in font pcrr8t!
Missing character: There is no 串 ("4E32) in font pcrr8t!
Missing character: There is no 、 ("3001) in font pcrr8t!
Missing character: There is no 数 ("6570) in font pcrr8t!
Missing character: There is no 字 ("5B57) in font pcrr8t!
Missing character: There is no 、 ("3001) in font pcrr8t!
Missing character: There is no 布 ("5E03) in font pcrr8t!
Missing character: There is no 尔 ("5C14) in font pcrr8t!
Missing character: There is no 值 ("503C) in font pcrr8t!
Missing character: There is no 或 ("6216) in font pcrr8t!
Missing character: There is no 。 ("3002) in font pcrr8t!


[104]

[105]) (./lib__attribute_8cpp.tex) (./lib__attribute_8cpp_source.tex

[106]) (./lib__file_8cpp.tex) (./lib__file_8cpp_source.tex

[107]

[108]

[109]

[110]

[111]

[112]

[113]) (./lib__group_8cpp.tex) (./lib__group_8cpp_source.tex

[114]) (./main_8cpp.tex

[115]
Underfull \hbox (badness 10000) detected at line 66
[][][]
 []



[116]

[117]
Underfull \hbox (badness 10000) detected at line 196
[][][]
 []


Underfull \hbox (badness 1314) in paragraph at lines 199--200
[]\T1/phv/m/n/10 Depends on APP[]_[][]NAME, APP[]_[][]VERSION, BUILD[]_[][]TIME
STAMP, APP[]_[][]AUTHOR, and APP[]_[][]CONTACT
 []



[118]
Underfull \hbox (badness 10000) detected at line 235
[][][]
 []


Overfull \vbox (14.55905pt too high) has occurred while \output is active []



[119]) (./main_8cpp_source.tex

[120]

[121]

[122]

[123]

[124]) (./verilog__utils_8cpp.tex

[125]) (./verilog__utils_8cpp_source.tex

[126]

[127]

[128]

[129]

[130])

[131]

[132

] (./refman.ind



[133


]



[134]



[135]



[136]


Underfull \hbox (badness 10000) in paragraph at lines 567--568
[]| \T1/phv/m/n/10 SI2DR_TRACE_FILES_CANNOT_BE_OPENED,
 []



[137]



[138]



[139]) (./refman.aux)
 ***********
LaTeX2e <2024-11-01> patch level 2
L3 programming layer <2025-01-18>
 ***********
Package rerunfilecheck Info: File `refman.out' has not changed.
(rerunfilecheck)             Checksum: 0C6EA1BE330D6C0476D95AD418540920;79646.
 ) 
Here is how much of TeX's memory you used:
 18647 strings out of 473840
 315490 string characters out of 5731561
 928075 words of memory out of 5000000
 41255 multiletter control sequences out of 15000+600000
 607799 words of font info for 94 fonts, out of 8000000 for 9000
 1348 hyphenation exceptions out of 8191
 101i,16n,117p,1070b,690s stack positions out of 10000i,1000n,20000p,200000b,200000s

Output written on refman.pdf (151 pages).
