\BOOKMARK [0][-]{chapter.1}{\376\377\0001\000\040\000Z\000l\000i\000b\000V\000a\000l\000i\000d\000a\000t\000i\000o\000n}{}% 1
\BOOKMARK [1][-]{section.1.1}{\376\377\0001\000.\0001\000\040\000D\000e\000s\000c\000r\000i\000p\000t\000i\000o\000n}{chapter.1}% 2
\BOOKMARK [1][-]{section.1.2}{\376\377\0001\000.\0002\000\040\000U\000s\000a\000g\000e}{chapter.1}% 3
\BOOKMARK [1][-]{section.1.3}{\376\377\0001\000.\0003\000\040\000D\000e\000v\000e\000l\000o\000p\000m\000e\000n\000t\000\040\000D\000i\000a\000r\000y}{chapter.1}% 4
\BOOKMARK [2][-]{subsection.1.3.1}{\376\377\0001\000.\0003\000.\0001\000\040\0002\0000\0002\0005\000-\0000\0001\000-\0002\0007}{section.1.3}% 5
\BOOKMARK [2][-]{subsection.1.3.2}{\376\377\0001\000.\0003\000.\0002\000\040\0002\0000\0002\0005\000-\0000\0001\000-\0002\0008}{section.1.3}% 6
\BOOKMARK [2][-]{subsection.1.3.3}{\376\377\0001\000.\0003\000.\0003\000\040\0002\0000\0002\0005\000-\0000\0002\000-\0000\0001}{section.1.3}% 7
\BOOKMARK [2][-]{subsection.1.3.4}{\376\377\0001\000.\0003\000.\0004\000\040\0002\0000\0002\0005\000-\0000\0002\000-\0001\0000}{section.1.3}% 8
\BOOKMARK [2][-]{subsection.1.3.5}{\376\377\0001\000.\0003\000.\0005\000\040\0002\0000\0002\0005\000-\0000\0002\000-\0001\0001}{section.1.3}% 9
\BOOKMARK [2][-]{subsection.1.3.6}{\376\377\0001\000.\0003\000.\0006\000\040\0002\0000\0002\0005\000-\0000\0002\000-\0001\0004}{section.1.3}% 10
\BOOKMARK [2][-]{subsection.1.3.7}{\376\377\0001\000.\0003\000.\0007\000\040\0002\0000\0002\0005\000-\0000\0002\000-\0001\0005}{section.1.3}% 11
\BOOKMARK [2][-]{subsection.1.3.8}{\376\377\0001\000.\0003\000.\0008\000\040\0002\0000\0002\0005\000-\0000\0002\000-\0001\0007}{section.1.3}% 12
\BOOKMARK [2][-]{subsection.1.3.9}{\376\377\0001\000.\0003\000.\0009\000\040\0002\0000\0002\0005\000-\0000\0002\000-\0001\0008}{section.1.3}% 13
\BOOKMARK [2][-]{subsection.1.3.10}{\376\377\0001\000.\0003\000.\0001\0000\000\040\0002\0000\0002\0005\000-\0000\0002\000-\0001\0009}{section.1.3}% 14
\BOOKMARK [2][-]{subsection.1.3.11}{\376\377\0001\000.\0003\000.\0001\0001\000\040\0002\0000\0002\0005\000-\0000\0002\000-\0002\0000}{section.1.3}% 15
\BOOKMARK [2][-]{subsection.1.3.12}{\376\377\0001\000.\0003\000.\0001\0002\000\040\0002\0000\0002\0005\000-\0000\0002\000-\0002\0005}{section.1.3}% 16
\BOOKMARK [2][-]{subsection.1.3.13}{\376\377\0001\000.\0003\000.\0001\0003\000\040\0002\0000\0002\0005\000-\0000\0002\000-\0002\0006}{section.1.3}% 17
\BOOKMARK [2][-]{subsection.1.3.14}{\376\377\0001\000.\0003\000.\0001\0004\000\040\0002\0000\0002\0005\000-\0000\0002\000-\0002\0007}{section.1.3}% 18
\BOOKMARK [2][-]{subsection.1.3.15}{\376\377\0001\000.\0003\000.\0001\0005\000\040\0002\0000\0002\0005\000-\0000\0002\000-\0002\0008}{section.1.3}% 19
\BOOKMARK [2][-]{subsection.1.3.16}{\376\377\0001\000.\0003\000.\0001\0006\000\040\0002\0000\0002\0005\000-\0000\0003\000-\0000\0001}{section.1.3}% 20
\BOOKMARK [2][-]{subsection.1.3.17}{\376\377\0001\000.\0003\000.\0001\0007\000\040\0002\0000\0002\0005\000-\0000\0003\000-\0000\0007}{section.1.3}% 21
\BOOKMARK [2][-]{subsection.1.3.18}{\376\377\0001\000.\0003\000.\0001\0008\000\040\0002\0000\0002\0005\000-\0000\0003\000-\0001\0000}{section.1.3}% 22
\BOOKMARK [2][-]{subsection.1.3.19}{\376\377\0001\000.\0003\000.\0001\0009\000\040\0002\0000\0002\0005\000-\0000\0003\000-\0001\0004}{section.1.3}% 23
\BOOKMARK [2][-]{subsection.1.3.20}{\376\377\0001\000.\0003\000.\0002\0000\000\040\0002\0000\0002\0005\000-\0000\0003\000-\0001\0005}{section.1.3}% 24
\BOOKMARK [2][-]{subsection.1.3.21}{\376\377\0001\000.\0003\000.\0002\0001\000\040\0002\0000\0002\0005\000-\0000\0003\000-\0001\0006}{section.1.3}% 25
\BOOKMARK [2][-]{subsection.1.3.22}{\376\377\0001\000.\0003\000.\0002\0002\000\040\0002\0000\0002\0005\000-\0000\0003\000-\0001\0007}{section.1.3}% 26
\BOOKMARK [2][-]{subsection.1.3.23}{\376\377\0001\000.\0003\000.\0002\0003\000\040\0002\0000\0002\0005\000-\0000\0003\000-\0001\0008}{section.1.3}% 27
\BOOKMARK [2][-]{subsection.1.3.24}{\376\377\0001\000.\0003\000.\0002\0004\000\040\0002\0000\0002\0005\000-\0000\0003\000-\0001\0009}{section.1.3}% 28
\BOOKMARK [2][-]{subsection.1.3.25}{\376\377\0001\000.\0003\000.\0002\0005\000\040\0002\0000\0002\0005\000-\0000\0003\000-\0002\0001}{section.1.3}% 29
\BOOKMARK [2][-]{subsection.1.3.26}{\376\377\0001\000.\0003\000.\0002\0006\000\040\0002\0000\0002\0005\000-\0000\0003\000-\0002\0004}{section.1.3}% 30
\BOOKMARK [2][-]{subsection.1.3.27}{\376\377\0001\000.\0003\000.\0002\0007\000\040\0002\0000\0002\0005\000-\0000\0003\000-\0002\0005}{section.1.3}% 31
\BOOKMARK [2][-]{subsection.1.3.28}{\376\377\0001\000.\0003\000.\0002\0008\000\040\0002\0000\0002\0005\000-\0000\0003\000-\0002\0006}{section.1.3}% 32
\BOOKMARK [2][-]{subsection.1.3.29}{\376\377\0001\000.\0003\000.\0002\0009\000\040\0002\0000\0002\0005\000-\0000\0003\000-\0002\0007}{section.1.3}% 33
\BOOKMARK [2][-]{subsection.1.3.30}{\376\377\0001\000.\0003\000.\0003\0000\000\040\0002\0000\0002\0005\000-\0000\0003\000-\0002\0008}{section.1.3}% 34
\BOOKMARK [2][-]{subsection.1.3.31}{\376\377\0001\000.\0003\000.\0003\0001\000\040\0002\0000\0002\0005\000-\0000\0003\000-\0002\0009}{section.1.3}% 35
\BOOKMARK [0][-]{chapter.2}{\376\377\0002\000\040\000N\000a\000m\000e\000s\000p\000a\000c\000e\000\040\000I\000n\000d\000e\000x}{}% 36
\BOOKMARK [1][-]{section.2.1}{\376\377\0002\000.\0001\000\040\000N\000a\000m\000e\000s\000p\000a\000c\000e\000\040\000L\000i\000s\000t}{chapter.2}% 37
\BOOKMARK [0][-]{chapter.3}{\376\377\0003\000\040\000H\000i\000e\000r\000a\000r\000c\000h\000i\000c\000a\000l\000\040\000I\000n\000d\000e\000x}{}% 38
\BOOKMARK [1][-]{section.3.1}{\376\377\0003\000.\0001\000\040\000C\000l\000a\000s\000s\000\040\000H\000i\000e\000r\000a\000r\000c\000h\000y}{chapter.3}% 39
\BOOKMARK [0][-]{chapter.4}{\376\377\0004\000\040\000C\000l\000a\000s\000s\000\040\000I\000n\000d\000e\000x}{}% 40
\BOOKMARK [1][-]{section.4.1}{\376\377\0004\000.\0001\000\040\000C\000l\000a\000s\000s\000\040\000L\000i\000s\000t}{chapter.4}% 41
\BOOKMARK [0][-]{chapter.5}{\376\377\0005\000\040\000F\000i\000l\000e\000\040\000I\000n\000d\000e\000x}{}% 42
\BOOKMARK [1][-]{section.5.1}{\376\377\0005\000.\0001\000\040\000F\000i\000l\000e\000\040\000L\000i\000s\000t}{chapter.5}% 43
\BOOKMARK [0][-]{chapter.6}{\376\377\0006\000\040\000N\000a\000m\000e\000s\000p\000a\000c\000e\000\040\000D\000o\000c\000u\000m\000e\000n\000t\000a\000t\000i\000o\000n}{}% 44
\BOOKMARK [1][-]{section.6.1}{\376\377\0006\000.\0001\000\040\000s\000l\000a\000n\000g\000\040\000N\000a\000m\000e\000s\000p\000a\000c\000e\000\040\000R\000e\000f\000e\000r\000e\000n\000c\000e}{chapter.6}% 45
\BOOKMARK [1][-]{section.6.2}{\376\377\0006\000.\0002\000\040\000s\000l\000a\000n\000g\000:\000:\000s\000y\000n\000t\000a\000x\000\040\000N\000a\000m\000e\000s\000p\000a\000c\000e\000\040\000R\000e\000f\000e\000r\000e\000n\000c\000e}{chapter.6}% 46
\BOOKMARK [2][-]{subsection.6.2.1}{\376\377\0006\000.\0002\000.\0001\000\040\000F\000u\000n\000c\000t\000i\000o\000n\000\040\000D\000o\000c\000u\000m\000e\000n\000t\000a\000t\000i\000o\000n}{section.6.2}% 47
\BOOKMARK [3][-]{subsubsection.6.2.1.1}{\376\377\0006\000.\0002\000.\0001\000.\0001\000\040\000c\000l\000o\000n\000e\000\050\000\051\000\040\000[\0001\000/\0002\000]}{subsection.6.2.1}% 48
\BOOKMARK [3][-]{subsubsection.6.2.1.2}{\376\377\0006\000.\0002\000.\0001\000.\0002\000\040\000c\000l\000o\000n\000e\000\050\000\051\000\040\000[\0002\000/\0002\000]}{subsection.6.2.1}% 49
\BOOKMARK [3][-]{subsubsection.6.2.1.3}{\376\377\0006\000.\0002\000.\0001\000.\0003\000\040\000d\000e\000e\000p\000C\000l\000o\000n\000e\000\050\000\051\000\040\000[\0001\000/\0005\000]}{subsection.6.2.1}% 50
\BOOKMARK [3][-]{subsubsection.6.2.1.4}{\376\377\0006\000.\0002\000.\0001\000.\0004\000\040\000d\000e\000e\000p\000C\000l\000o\000n\000e\000\050\000\051\000\040\000[\0002\000/\0005\000]}{subsection.6.2.1}% 51
\BOOKMARK [3][-]{subsubsection.6.2.1.5}{\376\377\0006\000.\0002\000.\0001\000.\0005\000\040\000d\000e\000e\000p\000C\000l\000o\000n\000e\000\050\000\051\000\040\000[\0003\000/\0005\000]}{subsection.6.2.1}% 52
\BOOKMARK [3][-]{subsubsection.6.2.1.6}{\376\377\0006\000.\0002\000.\0001\000.\0006\000\040\000d\000e\000e\000p\000C\000l\000o\000n\000e\000\050\000\051\000\040\000[\0004\000/\0005\000]}{subsection.6.2.1}% 53
\BOOKMARK [3][-]{subsubsection.6.2.1.7}{\376\377\0006\000.\0002\000.\0001\000.\0007\000\040\000d\000e\000e\000p\000C\000l\000o\000n\000e\000\050\000\051\000\040\000[\0005\000/\0005\000]}{subsection.6.2.1}% 54
\BOOKMARK [1][-]{section.6.3}{\376\377\0006\000.\0003\000\040\000s\000l\000a\000n\000g\000:\000:\000s\000y\000n\000t\000a\000x\000:\000:\000d\000e\000t\000a\000i\000l\000\040\000N\000a\000m\000e\000s\000p\000a\000c\000e\000\040\000R\000e\000f\000e\000r\000e\000n\000c\000e}{chapter.6}% 55
\BOOKMARK [2][-]{subsection.6.3.1}{\376\377\0006\000.\0003\000.\0001\000\040\000T\000y\000p\000e\000d\000e\000f\000\040\000D\000o\000c\000u\000m\000e\000n\000t\000a\000t\000i\000o\000n}{section.6.3}% 56
\BOOKMARK [3][-]{subsubsection.6.3.1.1}{\376\377\0006\000.\0003\000.\0001\000.\0001\000\040\000I\000n\000s\000e\000r\000t\000C\000h\000a\000n\000g\000e\000M\000a\000p}{subsection.6.3.1}% 57
\BOOKMARK [3][-]{subsubsection.6.3.1.2}{\376\377\0006\000.\0003\000.\0001\000.\0002\000\040\000L\000i\000s\000t\000C\000h\000a\000n\000g\000e\000M\000a\000p}{subsection.6.3.1}% 58
\BOOKMARK [3][-]{subsubsection.6.3.1.3}{\376\377\0006\000.\0003\000.\0001\000.\0003\000\040\000M\000o\000d\000i\000f\000y\000C\000h\000a\000n\000g\000e\000M\000a\000p}{subsection.6.3.1}% 59
\BOOKMARK [2][-]{subsection.6.3.2}{\376\377\0006\000.\0003\000.\0002\000\040\000F\000u\000n\000c\000t\000i\000o\000n\000\040\000D\000o\000c\000u\000m\000e\000n\000t\000a\000t\000i\000o\000n}{section.6.3}% 60
\BOOKMARK [3][-]{subsubsection.6.3.2.1}{\376\377\0006\000.\0003\000.\0002\000.\0001\000\040\000t\000r\000a\000n\000s\000f\000o\000r\000m\000T\000r\000e\000e\000\050\000\051}{subsection.6.3.2}% 61
\BOOKMARK [0][-]{chapter.7}{\376\377\0007\000\040\000C\000l\000a\000s\000s\000\040\000D\000o\000c\000u\000m\000e\000n\000t\000a\000t\000i\000o\000n}{}% 62
\BOOKMARK [1][-]{section.7.1}{\376\377\0007\000.\0001\000\040\000A\000t\000t\000r\000i\000b\000u\000t\000e\000s\000I\000t\000e\000r\000a\000t\000o\000r\000\040\000C\000l\000a\000s\000s\000\040\000R\000e\000f\000e\000r\000e\000n\000c\000e}{chapter.7}% 63
\BOOKMARK [2][-]{subsection.7.1.1}{\376\377\0007\000.\0001\000.\0001\000\040\000D\000e\000t\000a\000i\000l\000e\000d\000\040\000D\000e\000s\000c\000r\000i\000p\000t\000i\000o\000n}{section.7.1}% 64
\BOOKMARK [2][-]{subsection.7.1.2}{\376\377\0007\000.\0001\000.\0002\000\040\000C\000o\000n\000s\000t\000r\000u\000c\000t\000o\000r\000\040\000\046\000\040\000D\000e\000s\000t\000r\000u\000c\000t\000o\000r\000\040\000D\000o\000c\000u\000m\000e\000n\000t\000a\000t\000i\000o\000n}{section.7.1}% 65
\BOOKMARK [3][-]{subsubsection.7.1.2.1}{\376\377\0007\000.\0001\000.\0002\000.\0001\000\040\000A\000t\000t\000r\000i\000b\000u\000t\000e\000s\000I\000t\000e\000r\000a\000t\000o\000r\000\050\000\051}{subsection.7.1.2}% 66
\BOOKMARK [3][-]{subsubsection.7.1.2.2}{\376\377\0007\000.\0001\000.\0002\000.\0002\000\040\000\040\000A\000t\000t\000r\000i\000b\000u\000t\000e\000s\000I\000t\000e\000r\000a\000t\000o\000r\000\050\000\051}{subsection.7.1.2}% 67
\BOOKMARK [2][-]{subsection.7.1.3}{\376\377\0007\000.\0001\000.\0003\000\040\000M\000e\000m\000b\000e\000r\000\040\000F\000u\000n\000c\000t\000i\000o\000n\000\040\000D\000o\000c\000u\000m\000e\000n\000t\000a\000t\000i\000o\000n}{section.7.1}% 68
\BOOKMARK [3][-]{subsubsection.7.1.3.1}{\376\377\0007\000.\0001\000.\0003\000.\0001\000\040\000e\000n\000d\000\050\000\051}{subsection.7.1.3}% 69
\BOOKMARK [3][-]{subsubsection.7.1.3.2}{\376\377\0007\000.\0001\000.\0003\000.\0002\000\040\000g\000e\000t\000\050\000\051}{subsection.7.1.3}% 70
\BOOKMARK [3][-]{subsubsection.7.1.3.3}{\376\377\0007\000.\0001\000.\0003\000.\0003\000\040\000n\000e\000x\000t\000\050\000\051}{subsection.7.1.3}% 71
\BOOKMARK [2][-]{subsection.7.1.4}{\376\377\0007\000.\0001\000.\0004\000\040\000M\000e\000m\000b\000e\000r\000\040\000D\000a\000t\000a\000\040\000D\000o\000c\000u\000m\000e\000n\000t\000a\000t\000i\000o\000n}{section.7.1}% 72
\BOOKMARK [3][-]{subsubsection.7.1.4.1}{\376\377\0007\000.\0001\000.\0004\000.\0001\000\040\000a\000t\000t\000r\000\137}{subsection.7.1.4}% 73
\BOOKMARK [3][-]{subsubsection.7.1.4.2}{\376\377\0007\000.\0001\000.\0004\000.\0002\000\040\000a\000t\000t\000r\000s\000\137}{subsection.7.1.4}% 74
\BOOKMARK [3][-]{subsubsection.7.1.4.3}{\376\377\0007\000.\0001\000.\0004\000.\0003\000\040\000e\000r\000r\000\137}{subsection.7.1.4}% 75
\BOOKMARK [1][-]{section.7.2}{\376\377\0007\000.\0002\000\040\000C\000e\000l\000l\000E\000x\000t\000r\000a\000c\000t\000o\000r\000\040\000C\000l\000a\000s\000s\000\040\000R\000e\000f\000e\000r\000e\000n\000c\000e}{chapter.7}% 76
\BOOKMARK [2][-]{subsection.7.2.1}{\376\377\0007\000.\0002\000.\0001\000\040\000D\000e\000t\000a\000i\000l\000e\000d\000\040\000D\000e\000s\000c\000r\000i\000p\000t\000i\000o\000n}{section.7.2}% 77
\BOOKMARK [2][-]{subsection.7.2.2}{\376\377\0007\000.\0002\000.\0002\000\040\000C\000o\000n\000s\000t\000r\000u\000c\000t\000o\000r\000\040\000\046\000\040\000D\000e\000s\000t\000r\000u\000c\000t\000o\000r\000\040\000D\000o\000c\000u\000m\000e\000n\000t\000a\000t\000i\000o\000n}{section.7.2}% 78
\BOOKMARK [3][-]{subsubsection.7.2.2.1}{\376\377\0007\000.\0002\000.\0002\000.\0001\000\040\000C\000e\000l\000l\000E\000x\000t\000r\000a\000c\000t\000o\000r\000\050\000\051}{subsection.7.2.2}% 79
\BOOKMARK [2][-]{subsection.7.2.3}{\376\377\0007\000.\0002\000.\0003\000\040\000M\000e\000m\000b\000e\000r\000\040\000F\000u\000n\000c\000t\000i\000o\000n\000\040\000D\000o\000c\000u\000m\000e\000n\000t\000a\000t\000i\000o\000n}{section.7.2}% 80
\BOOKMARK [3][-]{subsubsection.7.2.3.1}{\376\377\0007\000.\0002\000.\0003\000.\0001\000\040\000f\000o\000u\000n\000d\000T\000a\000r\000g\000e\000t\000C\000e\000l\000l\000\050\000\051}{subsection.7.2.3}% 81
\BOOKMARK [3][-]{subsubsection.7.2.3.2}{\376\377\0007\000.\0002\000.\0003\000.\0002\000\040\000h\000a\000n\000d\000l\000e\000\050\000\051}{subsection.7.2.3}% 82
\BOOKMARK [2][-]{subsection.7.2.4}{\376\377\0007\000.\0002\000.\0004\000\040\000M\000e\000m\000b\000e\000r\000\040\000D\000a\000t\000a\000\040\000D\000o\000c\000u\000m\000e\000n\000t\000a\000t\000i\000o\000n}{section.7.2}% 83
\BOOKMARK [3][-]{subsubsection.7.2.4.1}{\376\377\0007\000.\0002\000.\0004\000.\0001\000\040\000f\000o\000u\000n\000d\000T\000a\000r\000g\000e\000t\000\137}{subsection.7.2.4}% 84
\BOOKMARK [3][-]{subsubsection.7.2.4.2}{\376\377\0007\000.\0002\000.\0004\000.\0002\000\040\000t\000a\000r\000g\000e\000t\000C\000e\000l\000l\000\137}{subsection.7.2.4}% 85
\BOOKMARK [1][-]{section.7.3}{\376\377\0007\000.\0003\000\040\000C\000e\000l\000l\000P\000r\000i\000n\000t\000e\000r\000\040\000C\000l\000a\000s\000s\000\040\000R\000e\000f\000e\000r\000e\000n\000c\000e}{chapter.7}% 86
\BOOKMARK [2][-]{subsection.7.3.1}{\376\377\0007\000.\0003\000.\0001\000\040\000D\000e\000t\000a\000i\000l\000e\000d\000\040\000D\000e\000s\000c\000r\000i\000p\000t\000i\000o\000n}{section.7.3}% 87
\BOOKMARK [2][-]{subsection.7.3.2}{\376\377\0007\000.\0003\000.\0002\000\040\000C\000o\000n\000s\000t\000r\000u\000c\000t\000o\000r\000\040\000\046\000\040\000D\000e\000s\000t\000r\000u\000c\000t\000o\000r\000\040\000D\000o\000c\000u\000m\000e\000n\000t\000a\000t\000i\000o\000n}{section.7.3}% 88
\BOOKMARK [3][-]{subsubsection.7.3.2.1}{\376\377\0007\000.\0003\000.\0002\000.\0001\000\040\000C\000e\000l\000l\000P\000r\000i\000n\000t\000e\000r\000\050\000\051}{subsection.7.3.2}% 89
\BOOKMARK [2][-]{subsection.7.3.3}{\376\377\0007\000.\0003\000.\0003\000\040\000M\000e\000m\000b\000e\000r\000\040\000F\000u\000n\000c\000t\000i\000o\000n\000\040\000D\000o\000c\000u\000m\000e\000n\000t\000a\000t\000i\000o\000n}{section.7.3}% 90
\BOOKMARK [3][-]{subsubsection.7.3.3.1}{\376\377\0007\000.\0003\000.\0003\000.\0001\000\040\000h\000a\000n\000d\000l\000e\000\050\000\051}{subsection.7.3.3}% 91
\BOOKMARK [2][-]{subsection.7.3.4}{\376\377\0007\000.\0003\000.\0004\000\040\000M\000e\000m\000b\000e\000r\000\040\000D\000a\000t\000a\000\040\000D\000o\000c\000u\000m\000e\000n\000t\000a\000t\000i\000o\000n}{section.7.3}% 92
\BOOKMARK [3][-]{subsubsection.7.3.4.1}{\376\377\0007\000.\0003\000.\0004\000.\0001\000\040\000f\000o\000u\000n\000d\000T\000a\000r\000g\000e\000t\000\137}{subsection.7.3.4}% 93
\BOOKMARK [3][-]{subsubsection.7.3.4.2}{\376\377\0007\000.\0003\000.\0004\000.\0002\000\040\000o\000u\000t\000\137}{subsection.7.3.4}% 94
\BOOKMARK [3][-]{subsubsection.7.3.4.3}{\376\377\0007\000.\0003\000.\0004\000.\0003\000\040\000t\000a\000r\000g\000e\000t\000C\000e\000l\000l\000\137}{subsection.7.3.4}% 95
\BOOKMARK [1][-]{section.7.4}{\376\377\0007\000.\0004\000\040\000s\000l\000a\000n\000g\000:\000:\000s\000y\000n\000t\000a\000x\000:\000:\000d\000e\000t\000a\000i\000l\000:\000:\000C\000h\000a\000n\000g\000e\000C\000o\000l\000l\000e\000c\000t\000i\000o\000n\000\040\000S\000t\000r\000u\000c\000t\000\040\000R\000e\000f\000e\000r\000e\000n\000c\000e}{chapter.7}% 96
\BOOKMARK [2][-]{subsection.7.4.1}{\376\377\0007\000.\0004\000.\0001\000\040\000D\000e\000t\000a\000i\000l\000e\000d\000\040\000D\000e\000s\000c\000r\000i\000p\000t\000i\000o\000n}{section.7.4}% 97
\BOOKMARK [2][-]{subsection.7.4.2}{\376\377\0007\000.\0004\000.\0002\000\040\000M\000e\000m\000b\000e\000r\000\040\000F\000u\000n\000c\000t\000i\000o\000n\000\040\000D\000o\000c\000u\000m\000e\000n\000t\000a\000t\000i\000o\000n}{section.7.4}% 98
\BOOKMARK [3][-]{subsubsection.7.4.2.1}{\376\377\0007\000.\0004\000.\0002\000.\0001\000\040\000c\000l\000e\000a\000r\000\050\000\051}{subsection.7.4.2}% 99
\BOOKMARK [3][-]{subsubsection.7.4.2.2}{\376\377\0007\000.\0004\000.\0002\000.\0002\000\040\000e\000m\000p\000t\000y\000\050\000\051}{subsection.7.4.2}% 100
\BOOKMARK [2][-]{subsection.7.4.3}{\376\377\0007\000.\0004\000.\0003\000\040\000M\000e\000m\000b\000e\000r\000\040\000D\000a\000t\000a\000\040\000D\000o\000c\000u\000m\000e\000n\000t\000a\000t\000i\000o\000n}{section.7.4}% 101
\BOOKMARK [3][-]{subsubsection.7.4.3.1}{\376\377\0007\000.\0004\000.\0003\000.\0001\000\040\000i\000n\000s\000e\000r\000t\000A\000f\000t\000e\000r}{subsection.7.4.3}% 102
\BOOKMARK [3][-]{subsubsection.7.4.3.2}{\376\377\0007\000.\0004\000.\0003\000.\0002\000\040\000i\000n\000s\000e\000r\000t\000B\000e\000f\000o\000r\000e}{subsection.7.4.3}% 103
\BOOKMARK [3][-]{subsubsection.7.4.3.3}{\376\377\0007\000.\0004\000.\0003\000.\0003\000\040\000l\000i\000s\000t\000I\000n\000s\000e\000r\000t\000A\000t\000B\000a\000c\000k}{subsection.7.4.3}% 104
\BOOKMARK [3][-]{subsubsection.7.4.3.4}{\376\377\0007\000.\0004\000.\0003\000.\0004\000\040\000l\000i\000s\000t\000I\000n\000s\000e\000r\000t\000A\000t\000F\000r\000o\000n\000t}{subsection.7.4.3}% 105
\BOOKMARK [3][-]{subsubsection.7.4.3.5}{\376\377\0007\000.\0004\000.\0003\000.\0005\000\040\000r\000e\000m\000o\000v\000e\000O\000r\000R\000e\000p\000l\000a\000c\000e}{subsection.7.4.3}% 106
\BOOKMARK [1][-]{section.7.5}{\376\377\0007\000.\0005\000\040\000s\000l\000a\000n\000g\000:\000:\000s\000y\000n\000t\000a\000x\000:\000:\000C\000o\000n\000s\000t\000T\000o\000k\000e\000n\000O\000r\000S\000y\000n\000t\000a\000x\000\040\000S\000t\000r\000u\000c\000t\000\040\000R\000e\000f\000e\000r\000e\000n\000c\000e}{chapter.7}% 107
\BOOKMARK [2][-]{subsection.7.5.1}{\376\377\0007\000.\0005\000.\0001\000\040\000D\000e\000t\000a\000i\000l\000e\000d\000\040\000D\000e\000s\000c\000r\000i\000p\000t\000i\000o\000n}{section.7.5}% 108
\BOOKMARK [2][-]{subsection.7.5.2}{\376\377\0007\000.\0005\000.\0002\000\040\000M\000e\000m\000b\000e\000r\000\040\000T\000y\000p\000e\000d\000e\000f\000\040\000D\000o\000c\000u\000m\000e\000n\000t\000a\000t\000i\000o\000n}{section.7.5}% 109
\BOOKMARK [3][-]{subsubsection.7.5.2.1}{\376\377\0007\000.\0005\000.\0002\000.\0001\000\040\000B\000a\000s\000e}{subsection.7.5.2}% 110
\BOOKMARK [2][-]{subsection.7.5.3}{\376\377\0007\000.\0005\000.\0003\000\040\000C\000o\000n\000s\000t\000r\000u\000c\000t\000o\000r\000\040\000\046\000\040\000D\000e\000s\000t\000r\000u\000c\000t\000o\000r\000\040\000D\000o\000c\000u\000m\000e\000n\000t\000a\000t\000i\000o\000n}{section.7.5}% 111
\BOOKMARK [3][-]{subsubsection.7.5.3.1}{\376\377\0007\000.\0005\000.\0003\000.\0001\000\040\000C\000o\000n\000s\000t\000T\000o\000k\000e\000n\000O\000r\000S\000y\000n\000t\000a\000x\000\050\000\051\000\040\000[\0001\000/\0003\000]}{subsection.7.5.3}% 112
\BOOKMARK [3][-]{subsubsection.7.5.3.2}{\376\377\0007\000.\0005\000.\0003\000.\0002\000\040\000C\000o\000n\000s\000t\000T\000o\000k\000e\000n\000O\000r\000S\000y\000n\000t\000a\000x\000\050\000\051\000\040\000[\0002\000/\0003\000]}{subsection.7.5.3}% 113
\BOOKMARK [3][-]{subsubsection.7.5.3.3}{\376\377\0007\000.\0005\000.\0003\000.\0003\000\040\000C\000o\000n\000s\000t\000T\000o\000k\000e\000n\000O\000r\000S\000y\000n\000t\000a\000x\000\050\000\051\000\040\000[\0003\000/\0003\000]}{subsection.7.5.3}% 114
\BOOKMARK [2][-]{subsection.7.5.4}{\376\377\0007\000.\0005\000.\0004\000\040\000M\000e\000m\000b\000e\000r\000\040\000F\000u\000n\000c\000t\000i\000o\000n\000\040\000D\000o\000c\000u\000m\000e\000n\000t\000a\000t\000i\000o\000n}{section.7.5}% 115
\BOOKMARK [3][-]{subsubsection.7.5.4.1}{\376\377\0007\000.\0005\000.\0004\000.\0001\000\040\000i\000s\000N\000o\000d\000e\000\050\000\051}{subsection.7.5.4}% 116
\BOOKMARK [3][-]{subsubsection.7.5.4.2}{\376\377\0007\000.\0005\000.\0004\000.\0002\000\040\000i\000s\000T\000o\000k\000e\000n\000\050\000\051}{subsection.7.5.4}% 117
\BOOKMARK [3][-]{subsubsection.7.5.4.3}{\376\377\0007\000.\0005\000.\0004\000.\0003\000\040\000n\000o\000d\000e\000\050\000\051}{subsection.7.5.4}% 118
\BOOKMARK [3][-]{subsubsection.7.5.4.4}{\376\377\0007\000.\0005\000.\0004\000.\0004\000\040\000r\000a\000n\000g\000e\000\050\000\051}{subsection.7.5.4}% 119
\BOOKMARK [3][-]{subsubsection.7.5.4.5}{\376\377\0007\000.\0005\000.\0004\000.\0005\000\040\000t\000o\000k\000e\000n\000\050\000\051}{subsection.7.5.4}% 120
\BOOKMARK [1][-]{section.7.6}{\376\377\0007\000.\0006\000\040\000s\000l\000a\000n\000g\000:\000:\000s\000y\000n\000t\000a\000x\000:\000:\000D\000e\000f\000e\000r\000r\000e\000d\000S\000o\000u\000r\000c\000e\000R\000a\000n\000g\000e\000\040\000C\000l\000a\000s\000s\000\040\000R\000e\000f\000e\000r\000e\000n\000c\000e}{chapter.7}% 121
\BOOKMARK [2][-]{subsection.7.6.1}{\376\377\0007\000.\0006\000.\0001\000\040\000D\000e\000t\000a\000i\000l\000e\000d\000\040\000D\000e\000s\000c\000r\000i\000p\000t\000i\000o\000n}{section.7.6}% 122
\BOOKMARK [2][-]{subsection.7.6.2}{\376\377\0007\000.\0006\000.\0002\000\040\000C\000o\000n\000s\000t\000r\000u\000c\000t\000o\000r\000\040\000\046\000\040\000D\000e\000s\000t\000r\000u\000c\000t\000o\000r\000\040\000D\000o\000c\000u\000m\000e\000n\000t\000a\000t\000i\000o\000n}{section.7.6}% 123
\BOOKMARK [3][-]{subsubsection.7.6.2.1}{\376\377\0007\000.\0006\000.\0002\000.\0001\000\040\000D\000e\000f\000e\000r\000r\000e\000d\000S\000o\000u\000r\000c\000e\000R\000a\000n\000g\000e\000\050\000\051\000\040\000[\0001\000/\0004\000]}{subsection.7.6.2}% 124
\BOOKMARK [3][-]{subsubsection.7.6.2.2}{\376\377\0007\000.\0006\000.\0002\000.\0002\000\040\000D\000e\000f\000e\000r\000r\000e\000d\000S\000o\000u\000r\000c\000e\000R\000a\000n\000g\000e\000\050\000\051\000\040\000[\0002\000/\0004\000]}{subsection.7.6.2}% 125
\BOOKMARK [3][-]{subsubsection.7.6.2.3}{\376\377\0007\000.\0006\000.\0002\000.\0003\000\040\000D\000e\000f\000e\000r\000r\000e\000d\000S\000o\000u\000r\000c\000e\000R\000a\000n\000g\000e\000\050\000\051\000\040\000[\0003\000/\0004\000]}{subsection.7.6.2}% 126
\BOOKMARK [3][-]{subsubsection.7.6.2.4}{\376\377\0007\000.\0006\000.\0002\000.\0004\000\040\000D\000e\000f\000e\000r\000r\000e\000d\000S\000o\000u\000r\000c\000e\000R\000a\000n\000g\000e\000\050\000\051\000\040\000[\0004\000/\0004\000]}{subsection.7.6.2}% 127
\BOOKMARK [2][-]{subsection.7.6.3}{\376\377\0007\000.\0006\000.\0003\000\040\000M\000e\000m\000b\000e\000r\000\040\000F\000u\000n\000c\000t\000i\000o\000n\000\040\000D\000o\000c\000u\000m\000e\000n\000t\000a\000t\000i\000o\000n}{section.7.6}% 128
\BOOKMARK [3][-]{subsubsection.7.6.3.1}{\376\377\0007\000.\0006\000.\0003\000.\0001\000\040\000g\000e\000t\000\050\000\051}{subsection.7.6.3}% 129
\BOOKMARK [3][-]{subsubsection.7.6.3.2}{\376\377\0007\000.\0006\000.\0003\000.\0002\000\040\000o\000p\000e\000r\000a\000t\000o\000r\000*\000\050\000\051}{subsection.7.6.3}% 130
\BOOKMARK [3][-]{subsubsection.7.6.3.3}{\376\377\0007\000.\0006\000.\0003\000.\0003\000\040\000s\000y\000n\000t\000a\000x\000\050\000\051}{subsection.7.6.3}% 131
\BOOKMARK [2][-]{subsection.7.6.4}{\376\377\0007\000.\0006\000.\0004\000\040\000M\000e\000m\000b\000e\000r\000\040\000D\000a\000t\000a\000\040\000D\000o\000c\000u\000m\000e\000n\000t\000a\000t\000i\000o\000n}{section.7.6}% 132
\BOOKMARK [3][-]{subsubsection.7.6.4.1}{\376\377\0007\000.\0006\000.\0004\000.\0001\000\040\000n\000o\000d\000e}{subsection.7.6.4}% 133
\BOOKMARK [3][-]{subsubsection.7.6.4.2}{\376\377\0007\000.\0006\000.\0004\000.\0002\000\040\000r\000a\000n\000g\000e}{subsection.7.6.4}% 134
\BOOKMARK [1][-]{section.7.7}{\376\377\0007\000.\0007\000\040\000G\000r\000o\000u\000p\000s\000I\000t\000e\000r\000a\000t\000o\000r\000\040\000C\000l\000a\000s\000s\000\040\000R\000e\000f\000e\000r\000e\000n\000c\000e}{chapter.7}% 135
\BOOKMARK [2][-]{subsection.7.7.1}{\376\377\0007\000.\0007\000.\0001\000\040\000D\000e\000t\000a\000i\000l\000e\000d\000\040\000D\000e\000s\000c\000r\000i\000p\000t\000i\000o\000n}{section.7.7}% 136
\BOOKMARK [2][-]{subsection.7.7.2}{\376\377\0007\000.\0007\000.\0002\000\040\000C\000o\000n\000s\000t\000r\000u\000c\000t\000o\000r\000\040\000\046\000\040\000D\000e\000s\000t\000r\000u\000c\000t\000o\000r\000\040\000D\000o\000c\000u\000m\000e\000n\000t\000a\000t\000i\000o\000n}{section.7.7}% 137
\BOOKMARK [3][-]{subsubsection.7.7.2.1}{\376\377\0007\000.\0007\000.\0002\000.\0001\000\040\000G\000r\000o\000u\000p\000s\000I\000t\000e\000r\000a\000t\000o\000r\000\050\000\051}{subsection.7.7.2}% 138
\BOOKMARK [3][-]{subsubsection.7.7.2.2}{\376\377\0007\000.\0007\000.\0002\000.\0002\000\040\000\040\000G\000r\000o\000u\000p\000s\000I\000t\000e\000r\000a\000t\000o\000r\000\050\000\051}{subsection.7.7.2}% 139
\BOOKMARK [2][-]{subsection.7.7.3}{\376\377\0007\000.\0007\000.\0003\000\040\000M\000e\000m\000b\000e\000r\000\040\000F\000u\000n\000c\000t\000i\000o\000n\000\040\000D\000o\000c\000u\000m\000e\000n\000t\000a\000t\000i\000o\000n}{section.7.7}% 140
\BOOKMARK [3][-]{subsubsection.7.7.3.1}{\376\377\0007\000.\0007\000.\0003\000.\0001\000\040\000e\000n\000d\000\050\000\051}{subsection.7.7.3}% 141
\BOOKMARK [3][-]{subsubsection.7.7.3.2}{\376\377\0007\000.\0007\000.\0003\000.\0002\000\040\000g\000e\000t\000\050\000\051}{subsection.7.7.3}% 142
\BOOKMARK [3][-]{subsubsection.7.7.3.3}{\376\377\0007\000.\0007\000.\0003\000.\0003\000\040\000n\000e\000x\000t\000\050\000\051}{subsection.7.7.3}% 143
\BOOKMARK [2][-]{subsection.7.7.4}{\376\377\0007\000.\0007\000.\0004\000\040\000M\000e\000m\000b\000e\000r\000\040\000D\000a\000t\000a\000\040\000D\000o\000c\000u\000m\000e\000n\000t\000a\000t\000i\000o\000n}{section.7.7}% 144
\BOOKMARK [3][-]{subsubsection.7.7.4.1}{\376\377\0007\000.\0007\000.\0004\000.\0001\000\040\000e\000r\000r\000\137}{subsection.7.7.4}% 145
\BOOKMARK [3][-]{subsubsection.7.7.4.2}{\376\377\0007\000.\0007\000.\0004\000.\0002\000\040\000g\000r\000o\000u\000p\000\137}{subsection.7.7.4}% 146
\BOOKMARK [3][-]{subsubsection.7.7.4.3}{\376\377\0007\000.\0007\000.\0004\000.\0003\000\040\000g\000r\000o\000u\000p\000s\000\137}{subsection.7.7.4}% 147
\BOOKMARK [1][-]{section.7.8}{\376\377\0007\000.\0008\000\040\000s\000l\000a\000n\000g\000:\000:\000s\000y\000n\000t\000a\000x\000:\000:\000S\000e\000p\000a\000r\000a\000t\000e\000d\000S\000y\000n\000t\000a\000x\000L\000i\000s\000t\000<\000\040\000T\000\040\000>\000:\000:\000i\000t\000e\000r\000a\000t\000o\000r\000\137\000b\000a\000s\000e\000<\000\040\000U\000\040\000>\000\040\000C\000l\000a\000s\000s\000\040\000T\000e\000m\000p\000l\000a\000t\000e\000\040\000R\000e\000f\000e\000r\000e\000n\000c\000e}{chapter.7}% 148
\BOOKMARK [2][-]{subsection.7.8.1}{\376\377\0007\000.\0008\000.\0001\000\040\000D\000e\000t\000a\000i\000l\000e\000d\000\040\000D\000e\000s\000c\000r\000i\000p\000t\000i\000o\000n}{section.7.8}% 149
\BOOKMARK [2][-]{subsection.7.8.2}{\376\377\0007\000.\0008\000.\0002\000\040\000M\000e\000m\000b\000e\000r\000\040\000T\000y\000p\000e\000d\000e\000f\000\040\000D\000o\000c\000u\000m\000e\000n\000t\000a\000t\000i\000o\000n}{section.7.8}% 150
\BOOKMARK [3][-]{subsubsection.7.8.2.1}{\376\377\0007\000.\0008\000.\0002\000.\0001\000\040\000P\000a\000r\000e\000n\000t\000L\000i\000s\000t}{subsection.7.8.2}% 151
\BOOKMARK [2][-]{subsection.7.8.3}{\376\377\0007\000.\0008\000.\0003\000\040\000C\000o\000n\000s\000t\000r\000u\000c\000t\000o\000r\000\040\000\046\000\040\000D\000e\000s\000t\000r\000u\000c\000t\000o\000r\000\040\000D\000o\000c\000u\000m\000e\000n\000t\000a\000t\000i\000o\000n}{section.7.8}% 152
\BOOKMARK [3][-]{subsubsection.7.8.3.1}{\376\377\0007\000.\0008\000.\0003\000.\0001\000\040\000i\000t\000e\000r\000a\000t\000o\000r\000\137\000b\000a\000s\000e\000\050\000\051\000\040\000[\0001\000/\0002\000]}{subsection.7.8.3}% 153
\BOOKMARK [3][-]{subsubsection.7.8.3.2}{\376\377\0007\000.\0008\000.\0003\000.\0002\000\040\000i\000t\000e\000r\000a\000t\000o\000r\000\137\000b\000a\000s\000e\000\050\000\051\000\040\000[\0002\000/\0002\000]}{subsection.7.8.3}% 154
\BOOKMARK [2][-]{subsection.7.8.4}{\376\377\0007\000.\0008\000.\0004\000\040\000M\000e\000m\000b\000e\000r\000\040\000F\000u\000n\000c\000t\000i\000o\000n\000\040\000D\000o\000c\000u\000m\000e\000n\000t\000a\000t\000i\000o\000n}{section.7.8}% 155
\BOOKMARK [3][-]{subsubsection.7.8.4.1}{\376\377\0007\000.\0008\000.\0004\000.\0001\000\040\000a\000d\000v\000a\000n\000c\000e\000\050\000\051}{subsection.7.8.4}% 156
\BOOKMARK [3][-]{subsubsection.7.8.4.2}{\376\377\0007\000.\0008\000.\0004\000.\0002\000\040\000d\000e\000r\000e\000f\000e\000r\000e\000n\000c\000e\000\050\000\051}{subsection.7.8.4}% 157
\BOOKMARK [3][-]{subsubsection.7.8.4.3}{\376\377\0007\000.\0008\000.\0004\000.\0003\000\040\000d\000i\000s\000t\000a\000n\000c\000e\000\137\000t\000o\000\050\000\051}{subsection.7.8.4}% 158
\BOOKMARK [3][-]{subsubsection.7.8.4.4}{\376\377\0007\000.\0008\000.\0004\000.\0004\000\040\000e\000q\000u\000a\000l\000s\000\050\000\051}{subsection.7.8.4}% 159
\BOOKMARK [2][-]{subsection.7.8.5}{\376\377\0007\000.\0008\000.\0005\000\040\000M\000e\000m\000b\000e\000r\000\040\000D\000a\000t\000a\000\040\000D\000o\000c\000u\000m\000e\000n\000t\000a\000t\000i\000o\000n}{section.7.8}% 160
\BOOKMARK [3][-]{subsubsection.7.8.5.1}{\376\377\0007\000.\0008\000.\0005\000.\0001\000\040\000i\000n\000d\000e\000x}{subsection.7.8.5}% 161
\BOOKMARK [3][-]{subsubsection.7.8.5.2}{\376\377\0007\000.\0008\000.\0005\000.\0002\000\040\000l\000i\000s\000t}{subsection.7.8.5}% 162
\BOOKMARK [1][-]{section.7.9}{\376\377\0007\000.\0009\000\040\000L\000i\000b\000A\000t\000t\000r\000i\000b\000u\000t\000e\000\040\000C\000l\000a\000s\000s\000\040\000R\000e\000f\000e\000r\000e\000n\000c\000e}{chapter.7}% 163
\BOOKMARK [2][-]{subsection.7.9.1}{\376\377\0007\000.\0009\000.\0001\000\040\000D\000e\000t\000a\000i\000l\000e\000d\000\040\000D\000e\000s\000c\000r\000i\000p\000t\000i\000o\000n}{section.7.9}% 164
\BOOKMARK [2][-]{subsection.7.9.2}{\376\377\0007\000.\0009\000.\0002\000\040\000C\000o\000n\000s\000t\000r\000u\000c\000t\000o\000r\000\040\000\046\000\040\000D\000e\000s\000t\000r\000u\000c\000t\000o\000r\000\040\000D\000o\000c\000u\000m\000e\000n\000t\000a\000t\000i\000o\000n}{section.7.9}% 165
\BOOKMARK [3][-]{subsubsection.7.9.2.1}{\376\377\0007\000.\0009\000.\0002\000.\0001\000\040\000L\000i\000b\000A\000t\000t\000r\000i\000b\000u\000t\000e\000\050\000\051}{subsection.7.9.2}% 166
\BOOKMARK [3][-]{subsubsection.7.9.2.2}{\376\377\0007\000.\0009\000.\0002\000.\0002\000\040\000\040\000L\000i\000b\000A\000t\000t\000r\000i\000b\000u\000t\000e\000\050\000\051}{subsection.7.9.2}% 167
\BOOKMARK [2][-]{subsection.7.9.3}{\376\377\0007\000.\0009\000.\0003\000\040\000M\000e\000m\000b\000e\000r\000\040\000F\000u\000n\000c\000t\000i\000o\000n\000\040\000D\000o\000c\000u\000m\000e\000n\000t\000a\000t\000i\000o\000n}{section.7.9}% 168
\BOOKMARK [3][-]{subsubsection.7.9.3.1}{\376\377\0007\000.\0009\000.\0003\000.\0001\000\040\000g\000e\000t\000B\000o\000o\000l\000e\000a\000n\000\050\000\051}{subsection.7.9.3}% 169
\BOOKMARK [3][-]{subsubsection.7.9.3.2}{\376\377\0007\000.\0009\000.\0003\000.\0002\000\040\000g\000e\000t\000F\000l\000o\000a\000t\000\050\000\051}{subsection.7.9.3}% 170
\BOOKMARK [3][-]{subsubsection.7.9.3.3}{\376\377\0007\000.\0009\000.\0003\000.\0003\000\040\000g\000e\000t\000I\000n\000t\000\050\000\051}{subsection.7.9.3}% 171
\BOOKMARK [3][-]{subsubsection.7.9.3.4}{\376\377\0007\000.\0009\000.\0003\000.\0004\000\040\000g\000e\000t\000N\000a\000m\000e\000\050\000\051}{subsection.7.9.3}% 172
\BOOKMARK [3][-]{subsubsection.7.9.3.5}{\376\377\0007\000.\0009\000.\0003\000.\0005\000\040\000g\000e\000t\000S\000t\000r\000i\000n\000g\000\050\000\051}{subsection.7.9.3}% 173
\BOOKMARK [3][-]{subsubsection.7.9.3.6}{\376\377\0007\000.\0009\000.\0003\000.\0006\000\040\000g\000e\000t\000V\000a\000l\000u\000e\000s\000\050\000\051}{subsection.7.9.3}% 174
\BOOKMARK [3][-]{subsubsection.7.9.3.7}{\376\377\0007\000.\0009\000.\0003\000.\0007\000\040\000i\000s\000C\000o\000m\000p\000l\000e\000x\000\050\000\051}{subsection.7.9.3}% 175
\BOOKMARK [2][-]{subsection.7.9.4}{\376\377\0007\000.\0009\000.\0004\000\040\000M\000e\000m\000b\000e\000r\000\040\000D\000a\000t\000a\000\040\000D\000o\000c\000u\000m\000e\000n\000t\000a\000t\000i\000o\000n}{section.7.9}% 176
\BOOKMARK [3][-]{subsubsection.7.9.4.1}{\376\377\0007\000.\0009\000.\0004\000.\0001\000\040\000a\000t\000t\000r\000\137}{subsection.7.9.4}% 177
\BOOKMARK [3][-]{subsubsection.7.9.4.2}{\376\377\0007\000.\0009\000.\0004\000.\0002\000\040\000e\000r\000r\000\137}{subsection.7.9.4}% 178
\BOOKMARK [1][-]{section.7.10}{\376\377\0007\000.\0001\0000\000\040\000l\000i\000b\000e\000r\000t\000y\000\137\000v\000a\000l\000u\000e\000\137\000d\000a\000t\000a\000\040\000S\000t\000r\000u\000c\000t\000\040\000R\000e\000f\000e\000r\000e\000n\000c\000e}{chapter.7}% 179
\BOOKMARK [2][-]{subsection.7.10.1}{\376\377\0007\000.\0001\0000\000.\0001\000\040\000D\000e\000t\000a\000i\000l\000e\000d\000\040\000D\000e\000s\000c\000r\000i\000p\000t\000i\000o\000n}{section.7.10}% 180
\BOOKMARK [2][-]{subsection.7.10.2}{\376\377\0007\000.\0001\0000\000.\0002\000\040\000M\000e\000m\000b\000e\000r\000\040\000D\000a\000t\000a\000\040\000D\000o\000c\000u\000m\000e\000n\000t\000a\000t\000i\000o\000n}{section.7.10}% 181
\BOOKMARK [3][-]{subsubsection.7.10.2.1}{\376\377\0007\000.\0001\0000\000.\0002\000.\0001\000\040\000d\000i\000m\000\137\000s\000i\000z\000e\000s}{subsection.7.10.2}% 182
\BOOKMARK [3][-]{subsubsection.7.10.2.2}{\376\377\0007\000.\0001\0000\000.\0002\000.\0002\000\040\000d\000i\000m\000e\000n\000s\000i\000o\000n\000s}{subsection.7.10.2}% 183
\BOOKMARK [3][-]{subsubsection.7.10.2.3}{\376\377\0007\000.\0001\0000\000.\0002\000.\0003\000\040\000i\000n\000d\000e\000x\000\137\000i\000n\000f\000o}{subsection.7.10.2}% 184
\BOOKMARK [3][-]{subsubsection.7.10.2.4}{\376\377\0007\000.\0001\0000\000.\0002\000.\0004\000\040\000v\000a\000l\000u\000e\000s}{subsection.7.10.2}% 185
\BOOKMARK [1][-]{section.7.11}{\376\377\0007\000.\0001\0001\000\040\000L\000i\000b\000F\000i\000l\000e\000\040\000C\000l\000a\000s\000s\000\040\000R\000e\000f\000e\000r\000e\000n\000c\000e}{chapter.7}% 186
\BOOKMARK [2][-]{subsection.7.11.1}{\376\377\0007\000.\0001\0001\000.\0001\000\040\000D\000e\000t\000a\000i\000l\000e\000d\000\040\000D\000e\000s\000c\000r\000i\000p\000t\000i\000o\000n}{section.7.11}% 187
\BOOKMARK [2][-]{subsection.7.11.2}{\376\377\0007\000.\0001\0001\000.\0002\000\040\000C\000o\000n\000s\000t\000r\000u\000c\000t\000o\000r\000\040\000\046\000\040\000D\000e\000s\000t\000r\000u\000c\000t\000o\000r\000\040\000D\000o\000c\000u\000m\000e\000n\000t\000a\000t\000i\000o\000n}{section.7.11}% 188
\BOOKMARK [3][-]{subsubsection.7.11.2.1}{\376\377\0007\000.\0001\0001\000.\0002\000.\0001\000\040\000L\000i\000b\000F\000i\000l\000e\000\050\000\051}{subsection.7.11.2}% 189
\BOOKMARK [3][-]{subsubsection.7.11.2.2}{\376\377\0007\000.\0001\0001\000.\0002\000.\0002\000\040\000\040\000L\000i\000b\000F\000i\000l\000e\000\050\000\051}{subsection.7.11.2}% 190
\BOOKMARK [2][-]{subsection.7.11.3}{\376\377\0007\000.\0001\0001\000.\0003\000\040\000M\000e\000m\000b\000e\000r\000\040\000F\000u\000n\000c\000t\000i\000o\000n\000\040\000D\000o\000c\000u\000m\000e\000n\000t\000a\000t\000i\000o\000n}{section.7.11}% 191
\BOOKMARK [3][-]{subsubsection.7.11.3.1}{\376\377\0007\000.\0001\0001\000.\0003\000.\0001\000\040\000c\000h\000e\000c\000k\000T\000i\000m\000i\000n\000g\000A\000r\000c\000M\000o\000n\000o\000t\000o\000n\000i\000c\000i\000t\000y\000\050\000\051}{subsection.7.11.3}% 192
\BOOKMARK [3][-]{subsubsection.7.11.3.2}{\376\377\0007\000.\0001\0001\000.\0003\000.\0002\000\040\000m\000o\000d\000i\000f\000y\000\050\000\051}{subsection.7.11.3}% 193
\BOOKMARK [3][-]{subsubsection.7.11.3.3}{\376\377\0007\000.\0001\0001\000.\0003\000.\0003\000\040\000m\000o\000n\000o\000\050\000\051}{subsection.7.11.3}% 194
\BOOKMARK [3][-]{subsubsection.7.11.3.4}{\376\377\0007\000.\0001\0001\000.\0003\000.\0004\000\040\000p\000a\000r\000s\000e\000\050\000\051}{subsection.7.11.3}% 195
\BOOKMARK [3][-]{subsubsection.7.11.3.5}{\376\377\0007\000.\0001\0001\000.\0003\000.\0005\000\040\000r\000e\000a\000d\000\050\000\051}{subsection.7.11.3}% 196
\BOOKMARK [3][-]{subsubsection.7.11.3.6}{\376\377\0007\000.\0001\0001\000.\0003\000.\0006\000\040\000s\000u\000p\000e\000r\000c\000e\000l\000l\000\050\000\051}{subsection.7.11.3}% 197
\BOOKMARK [3][-]{subsubsection.7.11.3.7}{\376\377\0007\000.\0001\0001\000.\0003\000.\0007\000\040\000v\000e\000r\000i\000l\000o\000g\000\050\000\051}{subsection.7.11.3}% 198
\BOOKMARK [3][-]{subsubsection.7.11.3.8}{\376\377\0007\000.\0001\0001\000.\0003\000.\0008\000\040\000w\000r\000i\000t\000e\000J\000s\000o\000n\000T\000o\000F\000i\000l\000e\000\050\000\051}{subsection.7.11.3}% 199
\BOOKMARK [2][-]{subsection.7.11.4}{\376\377\0007\000.\0001\0001\000.\0004\000\040\000M\000e\000m\000b\000e\000r\000\040\000D\000a\000t\000a\000\040\000D\000o\000c\000u\000m\000e\000n\000t\000a\000t\000i\000o\000n}{section.7.11}% 200
\BOOKMARK [3][-]{subsubsection.7.11.4.1}{\376\377\0007\000.\0001\0001\000.\0004\000.\0001\000\040\000b\000a\000s\000e\000n\000a\000m\000e\000\137}{subsection.7.11.4}% 201
\BOOKMARK [3][-]{subsubsection.7.11.4.2}{\376\377\0007\000.\0001\0001\000.\0004\000.\0002\000\040\000e\000r\000r\000\137}{subsection.7.11.4}% 202
\BOOKMARK [3][-]{subsubsection.7.11.4.3}{\376\377\0007\000.\0001\0001\000.\0004\000.\0003\000\040\000f\000i\000l\000e\000n\000a\000m\000e\000\137}{subsection.7.11.4}% 203
\BOOKMARK [3][-]{subsubsection.7.11.4.4}{\376\377\0007\000.\0001\0001\000.\0004\000.\0004\000\040\000f\000i\000l\000e\000p\000a\000t\000h\000\137}{subsection.7.11.4}% 204
\BOOKMARK [3][-]{subsubsection.7.11.4.5}{\376\377\0007\000.\0001\0001\000.\0004\000.\0005\000\040\000j\000s\000o\000n\000n\000a\000m\000e\000\137}{subsection.7.11.4}% 205
\BOOKMARK [3][-]{subsubsection.7.11.4.6}{\376\377\0007\000.\0001\0001\000.\0004\000.\0006\000\040\000l\000i\000b\000\137\000j\000s\000o\000n\000\137}{subsection.7.11.4}% 206
\BOOKMARK [3][-]{subsubsection.7.11.4.7}{\376\377\0007\000.\0001\0001\000.\0004\000.\0007\000\040\000l\000i\000b\000n\000a\000m\000e\000\137}{subsection.7.11.4}% 207
\BOOKMARK [3][-]{subsubsection.7.11.4.8}{\376\377\0007\000.\0001\0001\000.\0004\000.\0008\000\040\000l\000o\000g\000g\000e\000r\000\137}{subsection.7.11.4}% 208
\BOOKMARK [3][-]{subsubsection.7.11.4.9}{\376\377\0007\000.\0001\0001\000.\0004\000.\0009\000\040\000l\000o\000g\000g\000e\000r\000n\000a\000m\000e\000\137}{subsection.7.11.4}% 209
\BOOKMARK [3][-]{subsubsection.7.11.4.10}{\376\377\0007\000.\0001\0001\000.\0004\000.\0001\0000\000\040\000p\000r\000o\000c\000e\000s\000s\000\137}{subsection.7.11.4}% 210
\BOOKMARK [3][-]{subsubsection.7.11.4.11}{\376\377\0007\000.\0001\0001\000.\0004\000.\0001\0001\000\040\000t\000e\000m\000p\000e\000r\000a\000t\000u\000r\000e\000\137}{subsection.7.11.4}% 211
\BOOKMARK [3][-]{subsubsection.7.11.4.12}{\376\377\0007\000.\0001\0001\000.\0004\000.\0001\0002\000\040\000v\000o\000l\000t\000a\000g\000e\000\137}{subsection.7.11.4}% 212
\BOOKMARK [1][-]{section.7.12}{\376\377\0007\000.\0001\0002\000\040\000L\000i\000b\000G\000r\000o\000u\000p\000\040\000C\000l\000a\000s\000s\000\040\000R\000e\000f\000e\000r\000e\000n\000c\000e}{chapter.7}% 213
\BOOKMARK [2][-]{subsection.7.12.1}{\376\377\0007\000.\0001\0002\000.\0001\000\040\000D\000e\000t\000a\000i\000l\000e\000d\000\040\000D\000e\000s\000c\000r\000i\000p\000t\000i\000o\000n}{section.7.12}% 214
\BOOKMARK [2][-]{subsection.7.12.2}{\376\377\0007\000.\0001\0002\000.\0002\000\040\000C\000o\000n\000s\000t\000r\000u\000c\000t\000o\000r\000\040\000\046\000\040\000D\000e\000s\000t\000r\000u\000c\000t\000o\000r\000\040\000D\000o\000c\000u\000m\000e\000n\000t\000a\000t\000i\000o\000n}{section.7.12}% 215
\BOOKMARK [3][-]{subsubsection.7.12.2.1}{\376\377\0007\000.\0001\0002\000.\0002\000.\0001\000\040\000L\000i\000b\000G\000r\000o\000u\000p\000\050\000\051}{subsection.7.12.2}% 216
\BOOKMARK [3][-]{subsubsection.7.12.2.2}{\376\377\0007\000.\0001\0002\000.\0002\000.\0002\000\040\000\040\000L\000i\000b\000G\000r\000o\000u\000p\000\050\000\051}{subsection.7.12.2}% 217
\BOOKMARK [2][-]{subsection.7.12.3}{\376\377\0007\000.\0001\0002\000.\0003\000\040\000M\000e\000m\000b\000e\000r\000\040\000F\000u\000n\000c\000t\000i\000o\000n\000\040\000D\000o\000c\000u\000m\000e\000n\000t\000a\000t\000i\000o\000n}{section.7.12}% 218
\BOOKMARK [3][-]{subsubsection.7.12.3.1}{\376\377\0007\000.\0001\0002\000.\0003\000.\0001\000\040\000g\000e\000t\000A\000t\000t\000r\000s\000\050\000\051}{subsection.7.12.3}% 219
\BOOKMARK [3][-]{subsubsection.7.12.3.2}{\376\377\0007\000.\0001\0002\000.\0003\000.\0002\000\040\000g\000e\000t\000G\000r\000o\000u\000p\000s\000\050\000\051}{subsection.7.12.3}% 220
\BOOKMARK [3][-]{subsubsection.7.12.3.3}{\376\377\0007\000.\0001\0002\000.\0003\000.\0003\000\040\000g\000e\000t\000N\000a\000m\000e\000\050\000\051}{subsection.7.12.3}% 221
\BOOKMARK [3][-]{subsubsection.7.12.3.4}{\376\377\0007\000.\0001\0002\000.\0003\000.\0004\000\040\000g\000e\000t\000T\000y\000p\000e\000\050\000\051}{subsection.7.12.3}% 222
\BOOKMARK [2][-]{subsection.7.12.4}{\376\377\0007\000.\0001\0002\000.\0004\000\040\000M\000e\000m\000b\000e\000r\000\040\000D\000a\000t\000a\000\040\000D\000o\000c\000u\000m\000e\000n\000t\000a\000t\000i\000o\000n}{section.7.12}% 223
\BOOKMARK [3][-]{subsubsection.7.12.4.1}{\376\377\0007\000.\0001\0002\000.\0004\000.\0001\000\040\000e\000r\000r\000\137}{subsection.7.12.4}% 224
\BOOKMARK [3][-]{subsubsection.7.12.4.2}{\376\377\0007\000.\0001\0002\000.\0004\000.\0002\000\040\000g\000r\000o\000u\000p\000\137}{subsection.7.12.4}% 225
\BOOKMARK [1][-]{section.7.13}{\376\377\0007\000.\0001\0003\000\040\000L\000i\000b\000r\000a\000r\000y\000C\000o\000m\000p\000a\000r\000a\000t\000o\000r\000\040\000C\000l\000a\000s\000s\000\040\000R\000e\000f\000e\000r\000e\000n\000c\000e}{chapter.7}% 226
\BOOKMARK [2][-]{subsection.7.13.1}{\376\377\0007\000.\0001\0003\000.\0001\000\040\000D\000e\000t\000a\000i\000l\000e\000d\000\040\000D\000e\000s\000c\000r\000i\000p\000t\000i\000o\000n}{section.7.13}% 227
\BOOKMARK [2][-]{subsection.7.13.2}{\376\377\0007\000.\0001\0003\000.\0002\000\040\000C\000o\000n\000s\000t\000r\000u\000c\000t\000o\000r\000\040\000\046\000\040\000D\000e\000s\000t\000r\000u\000c\000t\000o\000r\000\040\000D\000o\000c\000u\000m\000e\000n\000t\000a\000t\000i\000o\000n}{section.7.13}% 228
\BOOKMARK [3][-]{subsubsection.7.13.2.1}{\376\377\0007\000.\0001\0003\000.\0002\000.\0001\000\040\000L\000i\000b\000r\000a\000r\000y\000C\000o\000m\000p\000a\000r\000a\000t\000o\000r\000\050\000\051}{subsection.7.13.2}% 229
\BOOKMARK [2][-]{subsection.7.13.3}{\376\377\0007\000.\0001\0003\000.\0003\000\040\000M\000e\000m\000b\000e\000r\000\040\000F\000u\000n\000c\000t\000i\000o\000n\000\040\000D\000o\000c\000u\000m\000e\000n\000t\000a\000t\000i\000o\000n}{section.7.13}% 230
\BOOKMARK [3][-]{subsubsection.7.13.3.1}{\376\377\0007\000.\0001\0003\000.\0003\000.\0001\000\040\000c\000o\000m\000p\000a\000r\000e\000C\000e\000l\000l\000\050\000\051}{subsection.7.13.3}% 231
\BOOKMARK [3][-]{subsubsection.7.13.3.2}{\376\377\0007\000.\0001\0003\000.\0003\000.\0002\000\040\000c\000o\000m\000p\000a\000r\000e\000L\000u\000t\000\050\000\051}{subsection.7.13.3}% 232
\BOOKMARK [3][-]{subsubsection.7.13.3.3}{\376\377\0007\000.\0001\0003\000.\0003\000.\0003\000\040\000c\000o\000m\000p\000a\000r\000e\000P\000i\000n\000\050\000\051}{subsection.7.13.3}% 233
\BOOKMARK [3][-]{subsubsection.7.13.3.4}{\376\377\0007\000.\0001\0003\000.\0003\000.\0004\000\040\000c\000o\000m\000p\000a\000r\000e\000T\000i\000m\000i\000n\000g\000A\000r\000c\000\050\000\051}{subsection.7.13.3}% 234
\BOOKMARK [3][-]{subsubsection.7.13.3.5}{\376\377\0007\000.\0001\0003\000.\0003\000.\0005\000\040\000g\000e\000n\000e\000r\000a\000t\000e\000R\000e\000p\000o\000r\000t\000\050\000\051}{subsection.7.13.3}% 235
\BOOKMARK [2][-]{subsection.7.13.4}{\376\377\0007\000.\0001\0003\000.\0004\000\040\000M\000e\000m\000b\000e\000r\000\040\000D\000a\000t\000a\000\040\000D\000o\000c\000u\000m\000e\000n\000t\000a\000t\000i\000o\000n}{section.7.13}% 236
\BOOKMARK [3][-]{subsubsection.7.13.4.1}{\376\377\0007\000.\0001\0003\000.\0004\000.\0001\000\040\000a\000b\000s\000t\000o\000l\000\137}{subsection.7.13.4}% 237
\BOOKMARK [3][-]{subsubsection.7.13.4.2}{\376\377\0007\000.\0001\0003\000.\0004\000.\0002\000\040\000c\000o\000m\000p\000\137\000j\000s\000o\000n\000\137}{subsection.7.13.4}% 238
\BOOKMARK [3][-]{subsubsection.7.13.4.3}{\376\377\0007\000.\0001\0003\000.\0004\000.\0003\000\040\000c\000o\000m\000p\000\137\000l\000i\000b\000\137\000p\000a\000t\000h\000\137}{subsection.7.13.4}% 239
\BOOKMARK [3][-]{subsubsection.7.13.4.4}{\376\377\0007\000.\0001\0003\000.\0004\000.\0004\000\040\000r\000e\000f\000\137\000j\000s\000o\000n\000\137}{subsection.7.13.4}% 240
\BOOKMARK [3][-]{subsubsection.7.13.4.5}{\376\377\0007\000.\0001\0003\000.\0004\000.\0005\000\040\000r\000e\000f\000\137\000l\000i\000b\000\137\000p\000a\000t\000h\000\137}{subsection.7.13.4}% 241
\BOOKMARK [3][-]{subsubsection.7.13.4.6}{\376\377\0007\000.\0001\0003\000.\0004\000.\0006\000\040\000r\000e\000l\000t\000o\000l\000\137}{subsection.7.13.4}% 242
\BOOKMARK [1][-]{section.7.14}{\376\377\0007\000.\0001\0004\000\040\000M\000o\000d\000u\000l\000e\000R\000e\000w\000r\000i\000t\000e\000r\000\040\000C\000l\000a\000s\000s\000\040\000R\000e\000f\000e\000r\000e\000n\000c\000e}{chapter.7}% 243
\BOOKMARK [2][-]{subsection.7.14.1}{\376\377\0007\000.\0001\0004\000.\0001\000\040\000D\000e\000t\000a\000i\000l\000e\000d\000\040\000D\000e\000s\000c\000r\000i\000p\000t\000i\000o\000n}{section.7.14}% 244
\BOOKMARK [2][-]{subsection.7.14.2}{\376\377\0007\000.\0001\0004\000.\0002\000\040\000C\000o\000n\000s\000t\000r\000u\000c\000t\000o\000r\000\040\000\046\000\040\000D\000e\000s\000t\000r\000u\000c\000t\000o\000r\000\040\000D\000o\000c\000u\000m\000e\000n\000t\000a\000t\000i\000o\000n}{section.7.14}% 245
\BOOKMARK [3][-]{subsubsection.7.14.2.1}{\376\377\0007\000.\0001\0004\000.\0002\000.\0001\000\040\000M\000o\000d\000u\000l\000e\000R\000e\000w\000r\000i\000t\000e\000r\000\050\000\051}{subsection.7.14.2}% 246
\BOOKMARK [2][-]{subsection.7.14.3}{\376\377\0007\000.\0001\0004\000.\0003\000\040\000M\000e\000m\000b\000e\000r\000\040\000F\000u\000n\000c\000t\000i\000o\000n\000\040\000D\000o\000c\000u\000m\000e\000n\000t\000a\000t\000i\000o\000n}{section.7.14}% 247
\BOOKMARK [3][-]{subsubsection.7.14.3.1}{\376\377\0007\000.\0001\0004\000.\0003\000.\0001\000\040\000h\000a\000n\000d\000l\000e\000\050\000\051\000\040\000[\0001\000/\0002\000]}{subsection.7.14.3}% 248
\BOOKMARK [3][-]{subsubsection.7.14.3.2}{\376\377\0007\000.\0001\0004\000.\0003\000.\0002\000\040\000h\000a\000n\000d\000l\000e\000\050\000\051\000\040\000[\0002\000/\0002\000]}{subsection.7.14.3}% 249
\BOOKMARK [2][-]{subsection.7.14.4}{\376\377\0007\000.\0001\0004\000.\0004\000\040\000M\000e\000m\000b\000e\000r\000\040\000D\000a\000t\000a\000\040\000D\000o\000c\000u\000m\000e\000n\000t\000a\000t\000i\000o\000n}{section.7.14}% 250
\BOOKMARK [3][-]{subsubsection.7.14.4.1}{\376\377\0007\000.\0001\0004\000.\0004\000.\0001\000\040\000c\000e\000l\000l\000N\000a\000m\000e\000\137}{subsection.7.14.4}% 251
\BOOKMARK [3][-]{subsubsection.7.14.4.2}{\376\377\0007\000.\0001\0004\000.\0004\000.\0002\000\040\000d\000e\000p\000t\000h\000\137}{subsection.7.14.4}% 252
\BOOKMARK [3][-]{subsubsection.7.14.4.3}{\376\377\0007\000.\0001\0004\000.\0004\000.\0003\000\040\000i\000n\000p\000u\000t\000P\000i\000n\000s\000\137}{subsection.7.14.4}% 253
\BOOKMARK [3][-]{subsubsection.7.14.4.4}{\376\377\0007\000.\0001\0004\000.\0004\000.\0004\000\040\000i\000n\000s\000t\000a\000n\000c\000e\000\137\000c\000o\000u\000n\000t\000\137}{subsection.7.14.4}% 254
\BOOKMARK [3][-]{subsubsection.7.14.4.5}{\376\377\0007\000.\0001\0004\000.\0004\000.\0005\000\040\000l\000o\000g\000g\000e\000r\000\137}{subsection.7.14.4}% 255
\BOOKMARK [3][-]{subsubsection.7.14.4.6}{\376\377\0007\000.\0001\0004\000.\0004\000.\0006\000\040\000m\000o\000d\000u\000l\000e\000N\000a\000m\000e\000\137}{subsection.7.14.4}% 256
\BOOKMARK [3][-]{subsubsection.7.14.4.7}{\376\377\0007\000.\0001\0004\000.\0004\000.\0007\000\040\000o\000u\000t\000p\000u\000t\000P\000i\000n\000s\000\137}{subsection.7.14.4}% 257
\BOOKMARK [3][-]{subsubsection.7.14.4.8}{\376\377\0007\000.\0001\0004\000.\0004\000.\0008\000\040\000p\000o\000r\000t\000I\000n\000f\000o\000M\000a\000p\000\137}{subsection.7.14.4}% 258
\BOOKMARK [1][-]{section.7.15}{\376\377\0007\000.\0001\0005\000\040\000s\000l\000a\000n\000g\000:\000:\000s\000y\000n\000t\000a\000x\000:\000:\000P\000t\000r\000T\000o\000k\000e\000n\000O\000r\000S\000y\000n\000t\000a\000x\000\040\000S\000t\000r\000u\000c\000t\000\040\000R\000e\000f\000e\000r\000e\000n\000c\000e}{chapter.7}% 259
\BOOKMARK [2][-]{subsection.7.15.1}{\376\377\0007\000.\0001\0005\000.\0001\000\040\000D\000e\000t\000a\000i\000l\000e\000d\000\040\000D\000e\000s\000c\000r\000i\000p\000t\000i\000o\000n}{section.7.15}% 260
\BOOKMARK [2][-]{subsection.7.15.2}{\376\377\0007\000.\0001\0005\000.\0002\000\040\000M\000e\000m\000b\000e\000r\000\040\000T\000y\000p\000e\000d\000e\000f\000\040\000D\000o\000c\000u\000m\000e\000n\000t\000a\000t\000i\000o\000n}{section.7.15}% 261
\BOOKMARK [3][-]{subsubsection.7.15.2.1}{\376\377\0007\000.\0001\0005\000.\0002\000.\0001\000\040\000B\000a\000s\000e}{subsection.7.15.2}% 262
\BOOKMARK [2][-]{subsection.7.15.3}{\376\377\0007\000.\0001\0005\000.\0003\000\040\000C\000o\000n\000s\000t\000r\000u\000c\000t\000o\000r\000\040\000\046\000\040\000D\000e\000s\000t\000r\000u\000c\000t\000o\000r\000\040\000D\000o\000c\000u\000m\000e\000n\000t\000a\000t\000i\000o\000n}{section.7.15}% 263
\BOOKMARK [3][-]{subsubsection.7.15.3.1}{\376\377\0007\000.\0001\0005\000.\0003\000.\0001\000\040\000P\000t\000r\000T\000o\000k\000e\000n\000O\000r\000S\000y\000n\000t\000a\000x\000\050\000\051\000\040\000[\0001\000/\0003\000]}{subsection.7.15.3}% 264
\BOOKMARK [3][-]{subsubsection.7.15.3.2}{\376\377\0007\000.\0001\0005\000.\0003\000.\0002\000\040\000P\000t\000r\000T\000o\000k\000e\000n\000O\000r\000S\000y\000n\000t\000a\000x\000\050\000\051\000\040\000[\0002\000/\0003\000]}{subsection.7.15.3}% 265
\BOOKMARK [3][-]{subsubsection.7.15.3.3}{\376\377\0007\000.\0001\0005\000.\0003\000.\0003\000\040\000P\000t\000r\000T\000o\000k\000e\000n\000O\000r\000S\000y\000n\000t\000a\000x\000\050\000\051\000\040\000[\0003\000/\0003\000]}{subsection.7.15.3}% 266
\BOOKMARK [2][-]{subsection.7.15.4}{\376\377\0007\000.\0001\0005\000.\0004\000\040\000M\000e\000m\000b\000e\000r\000\040\000F\000u\000n\000c\000t\000i\000o\000n\000\040\000D\000o\000c\000u\000m\000e\000n\000t\000a\000t\000i\000o\000n}{section.7.15}% 267
\BOOKMARK [3][-]{subsubsection.7.15.4.1}{\376\377\0007\000.\0001\0005\000.\0004\000.\0001\000\040\000i\000s\000N\000o\000d\000e\000\050\000\051}{subsection.7.15.4}% 268
\BOOKMARK [3][-]{subsubsection.7.15.4.2}{\376\377\0007\000.\0001\0005\000.\0004\000.\0002\000\040\000i\000s\000T\000o\000k\000e\000n\000\050\000\051}{subsection.7.15.4}% 269
\BOOKMARK [3][-]{subsubsection.7.15.4.3}{\376\377\0007\000.\0001\0005\000.\0004\000.\0003\000\040\000n\000o\000d\000e\000\050\000\051}{subsection.7.15.4}% 270
\BOOKMARK [3][-]{subsubsection.7.15.4.4}{\376\377\0007\000.\0001\0005\000.\0004\000.\0004\000\040\000r\000a\000n\000g\000e\000\050\000\051}{subsection.7.15.4}% 271
\BOOKMARK [3][-]{subsubsection.7.15.4.5}{\376\377\0007\000.\0001\0005\000.\0004\000.\0005\000\040\000t\000o\000k\000e\000n\000\050\000\051}{subsection.7.15.4}% 272
\BOOKMARK [1][-]{section.7.16}{\376\377\0007\000.\0001\0006\000\040\000s\000l\000a\000n\000g\000:\000:\000s\000y\000n\000t\000a\000x\000:\000:\000d\000e\000t\000a\000i\000l\000:\000:\000R\000e\000m\000o\000v\000e\000C\000h\000a\000n\000g\000e\000\040\000S\000t\000r\000u\000c\000t\000\040\000R\000e\000f\000e\000r\000e\000n\000c\000e}{chapter.7}% 273
\BOOKMARK [2][-]{subsection.7.16.1}{\376\377\0007\000.\0001\0006\000.\0001\000\040\000D\000e\000t\000a\000i\000l\000e\000d\000\040\000D\000e\000s\000c\000r\000i\000p\000t\000i\000o\000n}{section.7.16}% 274
\BOOKMARK [1][-]{section.7.17}{\376\377\0007\000.\0001\0007\000\040\000s\000l\000a\000n\000g\000:\000:\000s\000y\000n\000t\000a\000x\000:\000:\000d\000e\000t\000a\000i\000l\000:\000:\000R\000e\000p\000l\000a\000c\000e\000C\000h\000a\000n\000g\000e\000\040\000S\000t\000r\000u\000c\000t\000\040\000R\000e\000f\000e\000r\000e\000n\000c\000e}{chapter.7}% 275
\BOOKMARK [2][-]{subsection.7.17.1}{\376\377\0007\000.\0001\0007\000.\0001\000\040\000D\000e\000t\000a\000i\000l\000e\000d\000\040\000D\000e\000s\000c\000r\000i\000p\000t\000i\000o\000n}{section.7.17}% 276
\BOOKMARK [1][-]{section.7.18}{\376\377\0007\000.\0001\0008\000\040\000s\000l\000a\000n\000g\000:\000:\000s\000y\000n\000t\000a\000x\000:\000:\000S\000e\000p\000a\000r\000a\000t\000e\000d\000S\000y\000n\000t\000a\000x\000L\000i\000s\000t\000<\000\040\000T\000\040\000>\000\040\000C\000l\000a\000s\000s\000\040\000T\000e\000m\000p\000l\000a\000t\000e\000\040\000R\000e\000f\000e\000r\000e\000n\000c\000e}{chapter.7}% 277
\BOOKMARK [2][-]{subsection.7.18.1}{\376\377\0007\000.\0001\0008\000.\0001\000\040\000D\000e\000t\000a\000i\000l\000e\000d\000\040\000D\000e\000s\000c\000r\000i\000p\000t\000i\000o\000n}{section.7.18}% 278
\BOOKMARK [2][-]{subsection.7.18.2}{\376\377\0007\000.\0001\0008\000.\0002\000\040\000M\000e\000m\000b\000e\000r\000\040\000T\000y\000p\000e\000d\000e\000f\000\040\000D\000o\000c\000u\000m\000e\000n\000t\000a\000t\000i\000o\000n}{section.7.18}% 279
\BOOKMARK [3][-]{subsubsection.7.18.2.1}{\376\377\0007\000.\0001\0008\000.\0002\000.\0001\000\040\000c\000o\000n\000s\000t\000\137\000i\000t\000e\000r\000a\000t\000o\000r}{subsection.7.18.2}% 280
\BOOKMARK [3][-]{subsubsection.7.18.2.2}{\376\377\0007\000.\0001\0008\000.\0002\000.\0002\000\040\000i\000t\000e\000r\000a\000t\000o\000r}{subsection.7.18.2}% 281
\BOOKMARK [2][-]{subsection.7.18.3}{\376\377\0007\000.\0001\0008\000.\0003\000\040\000C\000o\000n\000s\000t\000r\000u\000c\000t\000o\000r\000\040\000\046\000\040\000D\000e\000s\000t\000r\000u\000c\000t\000o\000r\000\040\000D\000o\000c\000u\000m\000e\000n\000t\000a\000t\000i\000o\000n}{section.7.18}% 282
\BOOKMARK [3][-]{subsubsection.7.18.3.1}{\376\377\0007\000.\0001\0008\000.\0003\000.\0001\000\040\000S\000e\000p\000a\000r\000a\000t\000e\000d\000S\000y\000n\000t\000a\000x\000L\000i\000s\000t\000\050\000\051\000\040\000[\0001\000/\0002\000]}{subsection.7.18.3}% 283
\BOOKMARK [3][-]{subsubsection.7.18.3.2}{\376\377\0007\000.\0001\0008\000.\0003\000.\0002\000\040\000S\000e\000p\000a\000r\000a\000t\000e\000d\000S\000y\000n\000t\000a\000x\000L\000i\000s\000t\000\050\000\051\000\040\000[\0002\000/\0002\000]}{subsection.7.18.3}% 284
\BOOKMARK [2][-]{subsection.7.18.4}{\376\377\0007\000.\0001\0008\000.\0004\000\040\000M\000e\000m\000b\000e\000r\000\040\000F\000u\000n\000c\000t\000i\000o\000n\000\040\000D\000o\000c\000u\000m\000e\000n\000t\000a\000t\000i\000o\000n}{section.7.18}% 285
\BOOKMARK [3][-]{subsubsection.7.18.4.1}{\376\377\0007\000.\0001\0008\000.\0004\000.\0001\000\040\000b\000e\000g\000i\000n\000\050\000\051\000\040\000[\0001\000/\0002\000]}{subsection.7.18.4}% 286
\BOOKMARK [3][-]{subsubsection.7.18.4.2}{\376\377\0007\000.\0001\0008\000.\0004\000.\0002\000\040\000b\000e\000g\000i\000n\000\050\000\051\000\040\000[\0002\000/\0002\000]}{subsection.7.18.4}% 287
\BOOKMARK [3][-]{subsubsection.7.18.4.3}{\376\377\0007\000.\0001\0008\000.\0004\000.\0003\000\040\000c\000b\000e\000g\000i\000n\000\050\000\051}{subsection.7.18.4}% 288
\BOOKMARK [3][-]{subsubsection.7.18.4.4}{\376\377\0007\000.\0001\0008\000.\0004\000.\0004\000\040\000c\000e\000n\000d\000\050\000\051}{subsection.7.18.4}% 289
\BOOKMARK [3][-]{subsubsection.7.18.4.5}{\376\377\0007\000.\0001\0008\000.\0004\000.\0005\000\040\000c\000l\000o\000n\000e\000\050\000\051}{subsection.7.18.4}% 290
\BOOKMARK [3][-]{subsubsection.7.18.4.6}{\376\377\0007\000.\0001\0008\000.\0004\000.\0006\000\040\000e\000l\000e\000m\000s\000\050\000\051\000\040\000[\0001\000/\0002\000]}{subsection.7.18.4}% 291
\BOOKMARK [3][-]{subsubsection.7.18.4.7}{\376\377\0007\000.\0001\0008\000.\0004\000.\0007\000\040\000e\000l\000e\000m\000s\000\050\000\051\000\040\000[\0002\000/\0002\000]}{subsection.7.18.4}% 292
\BOOKMARK [3][-]{subsubsection.7.18.4.8}{\376\377\0007\000.\0001\0008\000.\0004\000.\0008\000\040\000e\000m\000p\000t\000y\000\050\000\051}{subsection.7.18.4}% 293
\BOOKMARK [3][-]{subsubsection.7.18.4.9}{\376\377\0007\000.\0001\0008\000.\0004\000.\0009\000\040\000e\000n\000d\000\050\000\051\000\040\000[\0001\000/\0002\000]}{subsection.7.18.4}% 294
\BOOKMARK [3][-]{subsubsection.7.18.4.10}{\376\377\0007\000.\0001\0008\000.\0004\000.\0001\0000\000\040\000e\000n\000d\000\050\000\051\000\040\000[\0002\000/\0002\000]}{subsection.7.18.4}% 295
\BOOKMARK [3][-]{subsubsection.7.18.4.11}{\376\377\0007\000.\0001\0008\000.\0004\000.\0001\0001\000\040\000g\000e\000t\000C\000h\000i\000l\000d\000\050\000\051\000\040\000[\0001\000/\0002\000]}{subsection.7.18.4}% 296
\BOOKMARK [3][-]{subsubsection.7.18.4.12}{\376\377\0007\000.\0001\0008\000.\0004\000.\0001\0002\000\040\000g\000e\000t\000C\000h\000i\000l\000d\000\050\000\051\000\040\000[\0002\000/\0002\000]}{subsection.7.18.4}% 297
\BOOKMARK [3][-]{subsubsection.7.18.4.13}{\376\377\0007\000.\0001\0008\000.\0004\000.\0001\0003\000\040\000g\000e\000t\000C\000h\000i\000l\000d\000P\000t\000r\000\050\000\051}{subsection.7.18.4}% 298
\BOOKMARK [3][-]{subsubsection.7.18.4.14}{\376\377\0007\000.\0001\0008\000.\0004\000.\0001\0004\000\040\000o\000p\000e\000r\000a\000t\000o\000r\000[\000]\000\050\000\051\000\040\000[\0001\000/\0002\000]}{subsection.7.18.4}% 299
\BOOKMARK [3][-]{subsubsection.7.18.4.15}{\376\377\0007\000.\0001\0008\000.\0004\000.\0001\0005\000\040\000o\000p\000e\000r\000a\000t\000o\000r\000[\000]\000\050\000\051\000\040\000[\0002\000/\0002\000]}{subsection.7.18.4}% 300
\BOOKMARK [3][-]{subsubsection.7.18.4.16}{\376\377\0007\000.\0001\0008\000.\0004\000.\0001\0006\000\040\000r\000e\000s\000e\000t\000A\000l\000l\000\050\000\051}{subsection.7.18.4}% 301
\BOOKMARK [3][-]{subsubsection.7.18.4.17}{\376\377\0007\000.\0001\0008\000.\0004\000.\0001\0007\000\040\000s\000e\000t\000C\000h\000i\000l\000d\000\050\000\051}{subsection.7.18.4}% 302
\BOOKMARK [3][-]{subsubsection.7.18.4.18}{\376\377\0007\000.\0001\0008\000.\0004\000.\0001\0008\000\040\000s\000i\000z\000e\000\050\000\051}{subsection.7.18.4}% 303
\BOOKMARK [2][-]{subsection.7.18.5}{\376\377\0007\000.\0001\0008\000.\0005\000\040\000M\000e\000m\000b\000e\000r\000\040\000D\000a\000t\000a\000\040\000D\000o\000c\000u\000m\000e\000n\000t\000a\000t\000i\000o\000n}{section.7.18}% 304
\BOOKMARK [3][-]{subsubsection.7.18.5.1}{\376\377\0007\000.\0001\0008\000.\0005\000.\0001\000\040\000e\000l\000e\000m\000e\000n\000t\000s}{subsection.7.18.5}% 305
\BOOKMARK [1][-]{section.7.19}{\376\377\0007\000.\0001\0009\000\040\000s\000i\0002\000d\000r\000E\000x\000p\000r\000T\000\040\000S\000t\000r\000u\000c\000t\000\040\000R\000e\000f\000e\000r\000e\000n\000c\000e}{chapter.7}% 306
\BOOKMARK [2][-]{subsection.7.19.1}{\376\377\0007\000.\0001\0009\000.\0001\000\040\000D\000e\000t\000a\000i\000l\000e\000d\000\040\000D\000e\000s\000c\000r\000i\000p\000t\000i\000o\000n}{section.7.19}% 307
\BOOKMARK [2][-]{subsection.7.19.2}{\376\377\0007\000.\0001\0009\000.\0002\000\040\000M\000e\000m\000b\000e\000r\000\040\000D\000a\000t\000a\000\040\000D\000o\000c\000u\000m\000e\000n\000t\000a\000t\000i\000o\000n}{section.7.19}% 308
\BOOKMARK [3][-]{subsubsection.7.19.2.1}{\376\377\0007\000.\0001\0009\000.\0002\000.\0001\000\040\000b}{subsection.7.19.2}% 309
\BOOKMARK [3][-]{subsubsection.7.19.2.2}{\376\377\0007\000.\0001\0009\000.\0002\000.\0002\000\040\000d}{subsection.7.19.2}% 310
\BOOKMARK [3][-]{subsubsection.7.19.2.3}{\376\377\0007\000.\0001\0009\000.\0002\000.\0003\000\040\000i}{subsection.7.19.2}% 311
\BOOKMARK [3][-]{subsubsection.7.19.2.4}{\376\377\0007\000.\0001\0009\000.\0002\000.\0004\000\040\000l\000e\000f\000t}{subsection.7.19.2}% 312
\BOOKMARK [3][-]{subsubsection.7.19.2.5}{\376\377\0007\000.\0001\0009\000.\0002\000.\0005\000\040\000r\000i\000g\000h\000t}{subsection.7.19.2}% 313
\BOOKMARK [3][-]{subsubsection.7.19.2.6}{\376\377\0007\000.\0001\0009\000.\0002\000.\0006\000\040\000s}{subsection.7.19.2}% 314
\BOOKMARK [3][-]{subsubsection.7.19.2.7}{\376\377\0007\000.\0001\0009\000.\0002\000.\0007\000\040\000t\000y\000p\000e}{subsection.7.19.2}% 315
\BOOKMARK [3][-]{subsubsection.7.19.2.8}{\376\377\0007\000.\0001\0009\000.\0002\000.\0008\000\040}{subsection.7.19.2}% 316
\BOOKMARK [3][-]{subsubsection.7.19.2.9}{\376\377\0007\000.\0001\0009\000.\0002\000.\0009\000\040\000v\000a\000l\000u\000e\000t\000y\000p\000e}{subsection.7.19.2}% 317
\BOOKMARK [1][-]{section.7.20}{\376\377\0007\000.\0002\0000\000\040\000s\000i\0002\000O\000I\000D\000\040\000S\000t\000r\000u\000c\000t\000\040\000R\000e\000f\000e\000r\000e\000n\000c\000e}{chapter.7}% 318
\BOOKMARK [2][-]{subsection.7.20.1}{\376\377\0007\000.\0002\0000\000.\0001\000\040\000D\000e\000t\000a\000i\000l\000e\000d\000\040\000D\000e\000s\000c\000r\000i\000p\000t\000i\000o\000n}{section.7.20}% 319
\BOOKMARK [2][-]{subsection.7.20.2}{\376\377\0007\000.\0002\0000\000.\0002\000\040\000M\000e\000m\000b\000e\000r\000\040\000D\000a\000t\000a\000\040\000D\000o\000c\000u\000m\000e\000n\000t\000a\000t\000i\000o\000n}{section.7.20}% 320
\BOOKMARK [3][-]{subsubsection.7.20.2.1}{\376\377\0007\000.\0002\0000\000.\0002\000.\0001\000\040\000v\0001}{subsection.7.20.2}% 321
\BOOKMARK [3][-]{subsubsection.7.20.2.2}{\376\377\0007\000.\0002\0000\000.\0002\000.\0002\000\040\000v\0002}{subsection.7.20.2}% 322
\BOOKMARK [1][-]{section.7.21}{\376\377\0007\000.\0002\0001\000\040\000s\000l\000a\000n\000g\000:\000:\000s\000y\000n\000t\000a\000x\000:\000:\000d\000e\000t\000a\000i\000l\000:\000:\000S\000y\000n\000t\000a\000x\000C\000h\000a\000n\000g\000e\000\040\000S\000t\000r\000u\000c\000t\000\040\000R\000e\000f\000e\000r\000e\000n\000c\000e}{chapter.7}% 323
\BOOKMARK [2][-]{subsection.7.21.1}{\376\377\0007\000.\0002\0001\000.\0001\000\040\000D\000e\000t\000a\000i\000l\000e\000d\000\040\000D\000e\000s\000c\000r\000i\000p\000t\000i\000o\000n}{section.7.21}% 324
\BOOKMARK [2][-]{subsection.7.21.2}{\376\377\0007\000.\0002\0001\000.\0002\000\040\000M\000e\000m\000b\000e\000r\000\040\000D\000a\000t\000a\000\040\000D\000o\000c\000u\000m\000e\000n\000t\000a\000t\000i\000o\000n}{section.7.21}% 325
\BOOKMARK [3][-]{subsubsection.7.21.2.1}{\376\377\0007\000.\0002\0001\000.\0002\000.\0001\000\040\000f\000i\000r\000s\000t}{subsection.7.21.2}% 326
\BOOKMARK [3][-]{subsubsection.7.21.2.2}{\376\377\0007\000.\0002\0001\000.\0002\000.\0002\000\040\000s\000e\000c\000o\000n\000d}{subsection.7.21.2}% 327
\BOOKMARK [3][-]{subsubsection.7.21.2.3}{\376\377\0007\000.\0002\0001\000.\0002\000.\0003\000\040\000s\000e\000p\000a\000r\000a\000t\000o\000r}{subsection.7.21.2}% 328
\BOOKMARK [1][-]{section.7.22}{\376\377\0007\000.\0002\0002\000\040\000s\000l\000a\000n\000g\000:\000:\000s\000y\000n\000t\000a\000x\000:\000:\000S\000y\000n\000t\000a\000x\000L\000i\000s\000t\000<\000\040\000T\000\040\000>\000\040\000C\000l\000a\000s\000s\000\040\000T\000e\000m\000p\000l\000a\000t\000e\000\040\000R\000e\000f\000e\000r\000e\000n\000c\000e}{chapter.7}% 329
\BOOKMARK [2][-]{subsection.7.22.1}{\376\377\0007\000.\0002\0002\000.\0001\000\040\000D\000e\000t\000a\000i\000l\000e\000d\000\040\000D\000e\000s\000c\000r\000i\000p\000t\000i\000o\000n}{section.7.22}% 330
\BOOKMARK [2][-]{subsection.7.22.2}{\376\377\0007\000.\0002\0002\000.\0002\000\040\000C\000o\000n\000s\000t\000r\000u\000c\000t\000o\000r\000\040\000\046\000\040\000D\000e\000s\000t\000r\000u\000c\000t\000o\000r\000\040\000D\000o\000c\000u\000m\000e\000n\000t\000a\000t\000i\000o\000n}{section.7.22}% 331
\BOOKMARK [3][-]{subsubsection.7.22.2.1}{\376\377\0007\000.\0002\0002\000.\0002\000.\0001\000\040\000S\000y\000n\000t\000a\000x\000L\000i\000s\000t\000\050\000\051\000\040\000[\0001\000/\0002\000]}{subsection.7.22.2}% 332
\BOOKMARK [3][-]{subsubsection.7.22.2.2}{\376\377\0007\000.\0002\0002\000.\0002\000.\0002\000\040\000S\000y\000n\000t\000a\000x\000L\000i\000s\000t\000\050\000\051\000\040\000[\0002\000/\0002\000]}{subsection.7.22.2}% 333
\BOOKMARK [2][-]{subsection.7.22.3}{\376\377\0007\000.\0002\0002\000.\0003\000\040\000M\000e\000m\000b\000e\000r\000\040\000F\000u\000n\000c\000t\000i\000o\000n\000\040\000D\000o\000c\000u\000m\000e\000n\000t\000a\000t\000i\000o\000n}{section.7.22}% 334
\BOOKMARK [3][-]{subsubsection.7.22.3.1}{\376\377\0007\000.\0002\0002\000.\0003\000.\0001\000\040\000c\000l\000o\000n\000e\000\050\000\051}{subsection.7.22.3}% 335
\BOOKMARK [3][-]{subsubsection.7.22.3.2}{\376\377\0007\000.\0002\0002\000.\0003\000.\0002\000\040\000g\000e\000t\000C\000h\000i\000l\000d\000\050\000\051\000\040\000[\0001\000/\0002\000]}{subsection.7.22.3}% 336
\BOOKMARK [3][-]{subsubsection.7.22.3.3}{\376\377\0007\000.\0002\0002\000.\0003\000.\0003\000\040\000g\000e\000t\000C\000h\000i\000l\000d\000\050\000\051\000\040\000[\0002\000/\0002\000]}{subsection.7.22.3}% 337
\BOOKMARK [3][-]{subsubsection.7.22.3.4}{\376\377\0007\000.\0002\0002\000.\0003\000.\0004\000\040\000g\000e\000t\000C\000h\000i\000l\000d\000P\000t\000r\000\050\000\051}{subsection.7.22.3}% 338
\BOOKMARK [3][-]{subsubsection.7.22.3.5}{\376\377\0007\000.\0002\0002\000.\0003\000.\0005\000\040\000r\000e\000s\000e\000t\000A\000l\000l\000\050\000\051}{subsection.7.22.3}% 339
\BOOKMARK [3][-]{subsubsection.7.22.3.6}{\376\377\0007\000.\0002\0002\000.\0003\000.\0006\000\040\000s\000e\000t\000C\000h\000i\000l\000d\000\050\000\051}{subsection.7.22.3}% 340
\BOOKMARK [1][-]{section.7.23}{\376\377\0007\000.\0002\0003\000\040\000s\000l\000a\000n\000g\000:\000:\000s\000y\000n\000t\000a\000x\000:\000:\000S\000y\000n\000t\000a\000x\000L\000i\000s\000t\000B\000a\000s\000e\000\040\000C\000l\000a\000s\000s\000\040\000R\000e\000f\000e\000r\000e\000n\000c\000e}{chapter.7}% 341
\BOOKMARK [2][-]{subsection.7.23.1}{\376\377\0007\000.\0002\0003\000.\0001\000\040\000D\000e\000t\000a\000i\000l\000e\000d\000\040\000D\000e\000s\000c\000r\000i\000p\000t\000i\000o\000n}{section.7.23}% 342
\BOOKMARK [2][-]{subsection.7.23.2}{\376\377\0007\000.\0002\0003\000.\0002\000\040\000C\000o\000n\000s\000t\000r\000u\000c\000t\000o\000r\000\040\000\046\000\040\000D\000e\000s\000t\000r\000u\000c\000t\000o\000r\000\040\000D\000o\000c\000u\000m\000e\000n\000t\000a\000t\000i\000o\000n}{section.7.23}% 343
\BOOKMARK [3][-]{subsubsection.7.23.2.1}{\376\377\0007\000.\0002\0003\000.\0002\000.\0001\000\040\000S\000y\000n\000t\000a\000x\000L\000i\000s\000t\000B\000a\000s\000e\000\050\000\051}{subsection.7.23.2}% 344
\BOOKMARK [2][-]{subsection.7.23.3}{\376\377\0007\000.\0002\0003\000.\0003\000\040\000M\000e\000m\000b\000e\000r\000\040\000F\000u\000n\000c\000t\000i\000o\000n\000\040\000D\000o\000c\000u\000m\000e\000n\000t\000a\000t\000i\000o\000n}{section.7.23}% 345
\BOOKMARK [3][-]{subsubsection.7.23.3.1}{\376\377\0007\000.\0002\0003\000.\0003\000.\0001\000\040\000c\000l\000o\000n\000e\000\050\000\051}{subsection.7.23.3}% 346
\BOOKMARK [3][-]{subsubsection.7.23.3.2}{\376\377\0007\000.\0002\0003\000.\0003\000.\0002\000\040\000g\000e\000t\000C\000h\000i\000l\000d\000\050\000\051\000\040\000[\0001\000/\0002\000]}{subsection.7.23.3}% 347
\BOOKMARK [3][-]{subsubsection.7.23.3.3}{\376\377\0007\000.\0002\0003\000.\0003\000.\0003\000\040\000g\000e\000t\000C\000h\000i\000l\000d\000\050\000\051\000\040\000[\0002\000/\0002\000]}{subsection.7.23.3}% 348
\BOOKMARK [3][-]{subsubsection.7.23.3.4}{\376\377\0007\000.\0002\0003\000.\0003\000.\0004\000\040\000g\000e\000t\000C\000h\000i\000l\000d\000C\000o\000u\000n\000t\000\050\000\051}{subsection.7.23.3}% 349
\BOOKMARK [3][-]{subsubsection.7.23.3.5}{\376\377\0007\000.\0002\0003\000.\0003\000.\0005\000\040\000g\000e\000t\000C\000h\000i\000l\000d\000P\000t\000r\000\050\000\051}{subsection.7.23.3}% 350
\BOOKMARK [3][-]{subsubsection.7.23.3.6}{\376\377\0007\000.\0002\0003\000.\0003\000.\0006\000\040\000i\000s\000C\000h\000i\000l\000d\000O\000p\000t\000i\000o\000n\000a\000l\000\050\000\051}{subsection.7.23.3}% 351
\BOOKMARK [3][-]{subsubsection.7.23.3.7}{\376\377\0007\000.\0002\0003\000.\0003\000.\0007\000\040\000i\000s\000K\000i\000n\000d\000\050\000\051}{subsection.7.23.3}% 352
\BOOKMARK [3][-]{subsubsection.7.23.3.8}{\376\377\0007\000.\0002\0003\000.\0003\000.\0008\000\040\000r\000e\000s\000e\000t\000A\000l\000l\000\050\000\051}{subsection.7.23.3}% 353
\BOOKMARK [3][-]{subsubsection.7.23.3.9}{\376\377\0007\000.\0002\0003\000.\0003\000.\0009\000\040\000s\000e\000t\000C\000h\000i\000l\000d\000\050\000\051}{subsection.7.23.3}% 354
\BOOKMARK [2][-]{subsection.7.23.4}{\376\377\0007\000.\0002\0003\000.\0004\000\040\000M\000e\000m\000b\000e\000r\000\040\000D\000a\000t\000a\000\040\000D\000o\000c\000u\000m\000e\000n\000t\000a\000t\000i\000o\000n}{section.7.23}% 355
\BOOKMARK [3][-]{subsubsection.7.23.4.1}{\376\377\0007\000.\0002\0003\000.\0004\000.\0001\000\040\000c\000h\000i\000l\000d\000C\000o\000u\000n\000t}{subsection.7.23.4}% 356
\BOOKMARK [1][-]{section.7.24}{\376\377\0007\000.\0002\0004\000\040\000s\000l\000a\000n\000g\000:\000:\000s\000y\000n\000t\000a\000x\000:\000:\000S\000y\000n\000t\000a\000x\000N\000o\000d\000e\000\040\000C\000l\000a\000s\000s\000\040\000R\000e\000f\000e\000r\000e\000n\000c\000e}{chapter.7}% 357
\BOOKMARK [2][-]{subsection.7.24.1}{\376\377\0007\000.\0002\0004\000.\0001\000\040\000D\000e\000t\000a\000i\000l\000e\000d\000\040\000D\000e\000s\000c\000r\000i\000p\000t\000i\000o\000n}{section.7.24}% 358
\BOOKMARK [2][-]{subsection.7.24.2}{\376\377\0007\000.\0002\0004\000.\0002\000\040\000M\000e\000m\000b\000e\000r\000\040\000T\000y\000p\000e\000d\000e\000f\000\040\000D\000o\000c\000u\000m\000e\000n\000t\000a\000t\000i\000o\000n}{section.7.24}% 359
\BOOKMARK [3][-]{subsubsection.7.24.2.1}{\376\377\0007\000.\0002\0004\000.\0002\000.\0001\000\040\000T\000o\000k\000e\000n}{subsection.7.24.2}% 360
\BOOKMARK [2][-]{subsection.7.24.3}{\376\377\0007\000.\0002\0004\000.\0003\000\040\000C\000o\000n\000s\000t\000r\000u\000c\000t\000o\000r\000\040\000\046\000\040\000D\000e\000s\000t\000r\000u\000c\000t\000o\000r\000\040\000D\000o\000c\000u\000m\000e\000n\000t\000a\000t\000i\000o\000n}{section.7.24}% 361
\BOOKMARK [3][-]{subsubsection.7.24.3.1}{\376\377\0007\000.\0002\0004\000.\0003\000.\0001\000\040\000S\000y\000n\000t\000a\000x\000N\000o\000d\000e\000\050\000\051}{subsection.7.24.3}% 362
\BOOKMARK [2][-]{subsection.7.24.4}{\376\377\0007\000.\0002\0004\000.\0004\000\040\000M\000e\000m\000b\000e\000r\000\040\000F\000u\000n\000c\000t\000i\000o\000n\000\040\000D\000o\000c\000u\000m\000e\000n\000t\000a\000t\000i\000o\000n}{section.7.24}% 363
\BOOKMARK [3][-]{subsubsection.7.24.4.1}{\376\377\0007\000.\0002\0004\000.\0004\000.\0001\000\040\000a\000s\000\050\000\051\000\040\000[\0001\000/\0002\000]}{subsection.7.24.4}% 364
\BOOKMARK [3][-]{subsubsection.7.24.4.2}{\376\377\0007\000.\0002\0004\000.\0004\000.\0002\000\040\000a\000s\000\050\000\051\000\040\000[\0002\000/\0002\000]}{subsection.7.24.4}% 365
\BOOKMARK [3][-]{subsubsection.7.24.4.3}{\376\377\0007\000.\0002\0004\000.\0004\000.\0003\000\040\000a\000s\000\137\000i\000f\000\050\000\051\000\040\000[\0001\000/\0002\000]}{subsection.7.24.4}% 366
\BOOKMARK [3][-]{subsubsection.7.24.4.4}{\376\377\0007\000.\0002\0004\000.\0004\000.\0004\000\040\000a\000s\000\137\000i\000f\000\050\000\051\000\040\000[\0002\000/\0002\000]}{subsection.7.24.4}% 367
\BOOKMARK [3][-]{subsubsection.7.24.4.5}{\376\377\0007\000.\0002\0004\000.\0004\000.\0005\000\040\000c\000h\000i\000l\000d\000N\000o\000d\000e\000\050\000\051\000\040\000[\0001\000/\0002\000]}{subsection.7.24.4}% 368
\BOOKMARK [3][-]{subsubsection.7.24.4.6}{\376\377\0007\000.\0002\0004\000.\0004\000.\0006\000\040\000c\000h\000i\000l\000d\000N\000o\000d\000e\000\050\000\051\000\040\000[\0002\000/\0002\000]}{subsection.7.24.4}% 369
\BOOKMARK [3][-]{subsubsection.7.24.4.7}{\376\377\0007\000.\0002\0004\000.\0004\000.\0007\000\040\000c\000h\000i\000l\000d\000T\000o\000k\000e\000n\000\050\000\051}{subsection.7.24.4}% 370
\BOOKMARK [3][-]{subsubsection.7.24.4.8}{\376\377\0007\000.\0002\0004\000.\0004\000.\0008\000\040\000c\000h\000i\000l\000d\000T\000o\000k\000e\000n\000P\000t\000r\000\050\000\051}{subsection.7.24.4}% 371
\BOOKMARK [3][-]{subsubsection.7.24.4.9}{\376\377\0007\000.\0002\0004\000.\0004\000.\0009\000\040\000g\000e\000t\000C\000h\000i\000l\000d\000\050\000\051\000\040\000[\0001\000/\0002\000]}{subsection.7.24.4}% 372
\BOOKMARK [3][-]{subsubsection.7.24.4.10}{\376\377\0007\000.\0002\0004\000.\0004\000.\0001\0000\000\040\000g\000e\000t\000C\000h\000i\000l\000d\000\050\000\051\000\040\000[\0002\000/\0002\000]}{subsection.7.24.4}% 373
\BOOKMARK [3][-]{subsubsection.7.24.4.11}{\376\377\0007\000.\0002\0004\000.\0004\000.\0001\0001\000\040\000g\000e\000t\000C\000h\000i\000l\000d\000C\000o\000u\000n\000t\000\050\000\051}{subsection.7.24.4}% 374
\BOOKMARK [3][-]{subsubsection.7.24.4.12}{\376\377\0007\000.\0002\0004\000.\0004\000.\0001\0002\000\040\000g\000e\000t\000C\000h\000i\000l\000d\000P\000t\000r\000\050\000\051}{subsection.7.24.4}% 375
\BOOKMARK [3][-]{subsubsection.7.24.4.13}{\376\377\0007\000.\0002\0004\000.\0004\000.\0001\0003\000\040\000g\000e\000t\000F\000i\000r\000s\000t\000T\000o\000k\000e\000n\000\050\000\051}{subsection.7.24.4}% 376
\BOOKMARK [3][-]{subsubsection.7.24.4.14}{\376\377\0007\000.\0002\0004\000.\0004\000.\0001\0004\000\040\000g\000e\000t\000F\000i\000r\000s\000t\000T\000o\000k\000e\000n\000P\000t\000r\000\050\000\051}{subsection.7.24.4}% 377
\BOOKMARK [3][-]{subsubsection.7.24.4.15}{\376\377\0007\000.\0002\0004\000.\0004\000.\0001\0005\000\040\000g\000e\000t\000L\000a\000s\000t\000T\000o\000k\000e\000n\000\050\000\051}{subsection.7.24.4}% 378
\BOOKMARK [3][-]{subsubsection.7.24.4.16}{\376\377\0007\000.\0002\0004\000.\0004\000.\0001\0006\000\040\000g\000e\000t\000L\000a\000s\000t\000T\000o\000k\000e\000n\000P\000t\000r\000\050\000\051}{subsection.7.24.4}% 379
\BOOKMARK [3][-]{subsubsection.7.24.4.17}{\376\377\0007\000.\0002\0004\000.\0004\000.\0001\0007\000\040\000i\000s\000C\000h\000i\000l\000d\000O\000p\000t\000i\000o\000n\000a\000l\000\050\000\051}{subsection.7.24.4}% 380
\BOOKMARK [3][-]{subsubsection.7.24.4.18}{\376\377\0007\000.\0002\0004\000.\0004\000.\0001\0008\000\040\000i\000s\000E\000q\000u\000i\000v\000a\000l\000e\000n\000t\000T\000o\000\050\000\051}{subsection.7.24.4}% 381
\BOOKMARK [3][-]{subsubsection.7.24.4.19}{\376\377\0007\000.\0002\0004\000.\0004\000.\0001\0009\000\040\000i\000s\000K\000i\000n\000d\000\050\000\051}{subsection.7.24.4}% 382
\BOOKMARK [3][-]{subsubsection.7.24.4.20}{\376\377\0007\000.\0002\0004\000.\0004\000.\0002\0000\000\040\000s\000o\000u\000r\000c\000e\000R\000a\000n\000g\000e\000\050\000\051}{subsection.7.24.4}% 383
\BOOKMARK [3][-]{subsubsection.7.24.4.21}{\376\377\0007\000.\0002\0004\000.\0004\000.\0002\0001\000\040\000t\000o\000S\000t\000r\000i\000n\000g\000\050\000\051}{subsection.7.24.4}% 384
\BOOKMARK [3][-]{subsubsection.7.24.4.22}{\376\377\0007\000.\0002\0004\000.\0004\000.\0002\0002\000\040\000v\000i\000s\000i\000t\000\050\000\051\000\040\000[\0001\000/\0002\000]}{subsection.7.24.4}% 385
\BOOKMARK [3][-]{subsubsection.7.24.4.23}{\376\377\0007\000.\0002\0004\000.\0004\000.\0002\0003\000\040\000v\000i\000s\000i\000t\000\050\000\051\000\040\000[\0002\000/\0002\000]}{subsection.7.24.4}% 386
\BOOKMARK [2][-]{subsection.7.24.5}{\376\377\0007\000.\0002\0004\000.\0005\000\040\000M\000e\000m\000b\000e\000r\000\040\000D\000a\000t\000a\000\040\000D\000o\000c\000u\000m\000e\000n\000t\000a\000t\000i\000o\000n}{section.7.24}% 387
\BOOKMARK [3][-]{subsubsection.7.24.5.1}{\376\377\0007\000.\0002\0004\000.\0005\000.\0001\000\040\000k\000i\000n\000d}{subsection.7.24.5}% 388
\BOOKMARK [3][-]{subsubsection.7.24.5.2}{\376\377\0007\000.\0002\0004\000.\0005\000.\0002\000\040\000p\000a\000r\000e\000n\000t}{subsection.7.24.5}% 389
\BOOKMARK [3][-]{subsubsection.7.24.5.3}{\376\377\0007\000.\0002\0004\000.\0005\000.\0003\000\040\000p\000r\000e\000v\000i\000e\000w\000N\000o\000d\000e}{subsection.7.24.5}% 390
\BOOKMARK [1][-]{section.7.25}{\376\377\0007\000.\0002\0005\000\040\000s\000l\000a\000n\000g\000:\000:\000s\000y\000n\000t\000a\000x\000:\000:\000S\000y\000n\000t\000a\000x\000R\000e\000w\000r\000i\000t\000e\000r\000<\000\040\000T\000D\000e\000r\000i\000v\000e\000d\000\040\000>\000\040\000C\000l\000a\000s\000s\000\040\000T\000e\000m\000p\000l\000a\000t\000e\000\040\000R\000e\000f\000e\000r\000e\000n\000c\000e}{chapter.7}% 391
\BOOKMARK [2][-]{subsection.7.25.1}{\376\377\0007\000.\0002\0005\000.\0001\000\040\000D\000e\000t\000a\000i\000l\000e\000d\000\040\000D\000e\000s\000c\000r\000i\000p\000t\000i\000o\000n}{section.7.25}% 392
\BOOKMARK [2][-]{subsection.7.25.2}{\376\377\0007\000.\0002\0005\000.\0002\000\040\000M\000e\000m\000b\000e\000r\000\040\000T\000y\000p\000e\000d\000e\000f\000\040\000D\000o\000c\000u\000m\000e\000n\000t\000a\000t\000i\000o\000n}{section.7.25}% 393
\BOOKMARK [3][-]{subsubsection.7.25.2.1}{\376\377\0007\000.\0002\0005\000.\0002\000.\0001\000\040\000T\000o\000k\000e\000n}{subsection.7.25.2}% 394
\BOOKMARK [2][-]{subsection.7.25.3}{\376\377\0007\000.\0002\0005\000.\0003\000\040\000C\000o\000n\000s\000t\000r\000u\000c\000t\000o\000r\000\040\000\046\000\040\000D\000e\000s\000t\000r\000u\000c\000t\000o\000r\000\040\000D\000o\000c\000u\000m\000e\000n\000t\000a\000t\000i\000o\000n}{section.7.25}% 395
\BOOKMARK [3][-]{subsubsection.7.25.3.1}{\376\377\0007\000.\0002\0005\000.\0003\000.\0001\000\040\000S\000y\000n\000t\000a\000x\000R\000e\000w\000r\000i\000t\000e\000r\000\050\000\051}{subsection.7.25.3}% 396
\BOOKMARK [2][-]{subsection.7.25.4}{\376\377\0007\000.\0002\0005\000.\0004\000\040\000M\000e\000m\000b\000e\000r\000\040\000F\000u\000n\000c\000t\000i\000o\000n\000\040\000D\000o\000c\000u\000m\000e\000n\000t\000a\000t\000i\000o\000n}{section.7.25}% 397
\BOOKMARK [3][-]{subsubsection.7.25.4.1}{\376\377\0007\000.\0002\0005\000.\0004\000.\0001\000\040\000i\000n\000s\000e\000r\000t\000A\000f\000t\000e\000r\000\050\000\051}{subsection.7.25.4}% 398
\BOOKMARK [3][-]{subsubsection.7.25.4.2}{\376\377\0007\000.\0002\0005\000.\0004\000.\0002\000\040\000i\000n\000s\000e\000r\000t\000A\000t\000B\000a\000c\000k\000\050\000\051}{subsection.7.25.4}% 399
\BOOKMARK [3][-]{subsubsection.7.25.4.3}{\376\377\0007\000.\0002\0005\000.\0004\000.\0003\000\040\000i\000n\000s\000e\000r\000t\000A\000t\000F\000r\000o\000n\000t\000\050\000\051}{subsection.7.25.4}% 400
\BOOKMARK [3][-]{subsubsection.7.25.4.4}{\376\377\0007\000.\0002\0005\000.\0004\000.\0004\000\040\000i\000n\000s\000e\000r\000t\000B\000e\000f\000o\000r\000e\000\050\000\051}{subsection.7.25.4}% 401
\BOOKMARK [3][-]{subsubsection.7.25.4.5}{\376\377\0007\000.\0002\0005\000.\0004\000.\0005\000\040\000m\000a\000k\000e\000C\000o\000m\000m\000a\000\050\000\051}{subsection.7.25.4}% 402
\BOOKMARK [3][-]{subsubsection.7.25.4.6}{\376\377\0007\000.\0002\0005\000.\0004\000.\0006\000\040\000m\000a\000k\000e\000I\000d\000\050\000\051\000\040\000[\0001\000/\0002\000]}{subsection.7.25.4}% 403
\BOOKMARK [3][-]{subsubsection.7.25.4.7}{\376\377\0007\000.\0002\0005\000.\0004\000.\0007\000\040\000m\000a\000k\000e\000I\000d\000\050\000\051\000\040\000[\0002\000/\0002\000]}{subsection.7.25.4}% 404
\BOOKMARK [3][-]{subsubsection.7.25.4.8}{\376\377\0007\000.\0002\0005\000.\0004\000.\0008\000\040\000m\000a\000k\000e\000T\000o\000k\000e\000n\000\050\000\051}{subsection.7.25.4}% 405
\BOOKMARK [3][-]{subsubsection.7.25.4.9}{\376\377\0007\000.\0002\0005\000.\0004\000.\0009\000\040\000p\000a\000r\000s\000e\000\050\000\051}{subsection.7.25.4}% 406
\BOOKMARK [3][-]{subsubsection.7.25.4.10}{\376\377\0007\000.\0002\0005\000.\0004\000.\0001\0000\000\040\000r\000e\000m\000o\000v\000e\000\050\000\051}{subsection.7.25.4}% 407
\BOOKMARK [3][-]{subsubsection.7.25.4.11}{\376\377\0007\000.\0002\0005\000.\0004\000.\0001\0001\000\040\000r\000e\000p\000l\000a\000c\000e\000\050\000\051}{subsection.7.25.4}% 408
\BOOKMARK [3][-]{subsubsection.7.25.4.12}{\376\377\0007\000.\0002\0005\000.\0004\000.\0001\0002\000\040\000t\000r\000a\000n\000s\000f\000o\000r\000m\000\050\000\051}{subsection.7.25.4}% 409
\BOOKMARK [2][-]{subsection.7.25.5}{\376\377\0007\000.\0002\0005\000.\0005\000\040\000M\000e\000m\000b\000e\000r\000\040\000D\000a\000t\000a\000\040\000D\000o\000c\000u\000m\000e\000n\000t\000a\000t\000i\000o\000n}{section.7.25}% 410
\BOOKMARK [3][-]{subsubsection.7.25.5.1}{\376\377\0007\000.\0002\0005\000.\0005\000.\0001\000\040\000a\000l\000l\000o\000c}{subsection.7.25.5}% 411
\BOOKMARK [3][-]{subsubsection.7.25.5.2}{\376\377\0007\000.\0002\0005\000.\0005\000.\0002\000\040\000c\000o\000m\000m\000i\000t\000s}{subsection.7.25.5}% 412
\BOOKMARK [3][-]{subsubsection.7.25.5.3}{\376\377\0007\000.\0002\0005\000.\0005\000.\0003\000\040\000f\000a\000c\000t\000o\000r\000y}{subsection.7.25.5}% 413
\BOOKMARK [3][-]{subsubsection.7.25.5.4}{\376\377\0007\000.\0002\0005\000.\0005\000.\0004\000\040\000S\000i\000n\000g\000l\000e\000S\000p\000a\000c\000e}{subsection.7.25.5}% 414
\BOOKMARK [3][-]{subsubsection.7.25.5.5}{\376\377\0007\000.\0002\0005\000.\0005\000.\0005\000\040\000s\000o\000u\000r\000c\000e\000M\000a\000n\000a\000g\000e\000r}{subsection.7.25.5}% 415
\BOOKMARK [3][-]{subsubsection.7.25.5.6}{\376\377\0007\000.\0002\0005\000.\0005\000.\0006\000\040\000t\000e\000m\000p\000T\000r\000e\000e\000s}{subsection.7.25.5}% 416
\BOOKMARK [1][-]{section.7.26}{\376\377\0007\000.\0002\0006\000\040\000s\000l\000a\000n\000g\000:\000:\000s\000y\000n\000t\000a\000x\000:\000:\000S\000y\000n\000t\000a\000x\000V\000i\000s\000i\000t\000o\000r\000<\000\040\000T\000D\000e\000r\000i\000v\000e\000d\000\040\000>\000\040\000C\000l\000a\000s\000s\000\040\000T\000e\000m\000p\000l\000a\000t\000e\000\040\000R\000e\000f\000e\000r\000e\000n\000c\000e}{chapter.7}% 417
\BOOKMARK [2][-]{subsection.7.26.1}{\376\377\0007\000.\0002\0006\000.\0001\000\040\000D\000e\000t\000a\000i\000l\000e\000d\000\040\000D\000e\000s\000c\000r\000i\000p\000t\000i\000o\000n}{section.7.26}% 418
\BOOKMARK [2][-]{subsection.7.26.2}{\376\377\0007\000.\0002\0006\000.\0002\000\040\000M\000e\000m\000b\000e\000r\000\040\000F\000u\000n\000c\000t\000i\000o\000n\000\040\000D\000o\000c\000u\000m\000e\000n\000t\000a\000t\000i\000o\000n}{section.7.26}% 419
\BOOKMARK [3][-]{subsubsection.7.26.2.1}{\376\377\0007\000.\0002\0006\000.\0002\000.\0001\000\040\000v\000i\000s\000i\000t\000\050\000\051}{subsection.7.26.2}% 420
\BOOKMARK [3][-]{subsubsection.7.26.2.2}{\376\377\0007\000.\0002\0006\000.\0002\000.\0002\000\040\000v\000i\000s\000i\000t\000D\000e\000f\000a\000u\000l\000t\000\050\000\051}{subsection.7.26.2}% 421
\BOOKMARK [3][-]{subsubsection.7.26.2.3}{\376\377\0007\000.\0002\0006\000.\0002\000.\0003\000\040\000v\000i\000s\000i\000t\000T\000o\000k\000e\000n\000\050\000\051}{subsection.7.26.2}% 422
\BOOKMARK [1][-]{section.7.27}{\376\377\0007\000.\0002\0007\000\040\000s\000l\000a\000n\000g\000:\000:\000s\000y\000n\000t\000a\000x\000:\000:\000T\000o\000k\000e\000n\000L\000i\000s\000t\000\040\000C\000l\000a\000s\000s\000\040\000R\000e\000f\000e\000r\000e\000n\000c\000e}{chapter.7}% 423
\BOOKMARK [2][-]{subsection.7.27.1}{\376\377\0007\000.\0002\0007\000.\0001\000\040\000D\000e\000t\000a\000i\000l\000e\000d\000\040\000D\000e\000s\000c\000r\000i\000p\000t\000i\000o\000n}{section.7.27}% 424
\BOOKMARK [2][-]{subsection.7.27.2}{\376\377\0007\000.\0002\0007\000.\0002\000\040\000C\000o\000n\000s\000t\000r\000u\000c\000t\000o\000r\000\040\000\046\000\040\000D\000e\000s\000t\000r\000u\000c\000t\000o\000r\000\040\000D\000o\000c\000u\000m\000e\000n\000t\000a\000t\000i\000o\000n}{section.7.27}% 425
\BOOKMARK [3][-]{subsubsection.7.27.2.1}{\376\377\0007\000.\0002\0007\000.\0002\000.\0001\000\040\000T\000o\000k\000e\000n\000L\000i\000s\000t\000\050\000\051\000\040\000[\0001\000/\0002\000]}{subsection.7.27.2}% 426
\BOOKMARK [3][-]{subsubsection.7.27.2.2}{\376\377\0007\000.\0002\0007\000.\0002\000.\0002\000\040\000T\000o\000k\000e\000n\000L\000i\000s\000t\000\050\000\051\000\040\000[\0002\000/\0002\000]}{subsection.7.27.2}% 427
\BOOKMARK [2][-]{subsection.7.27.3}{\376\377\0007\000.\0002\0007\000.\0003\000\040\000M\000e\000m\000b\000e\000r\000\040\000F\000u\000n\000c\000t\000i\000o\000n\000\040\000D\000o\000c\000u\000m\000e\000n\000t\000a\000t\000i\000o\000n}{section.7.27}% 428
\BOOKMARK [3][-]{subsubsection.7.27.3.1}{\376\377\0007\000.\0002\0007\000.\0003\000.\0001\000\040\000c\000l\000o\000n\000e\000\050\000\051}{subsection.7.27.3}% 429
\BOOKMARK [3][-]{subsubsection.7.27.3.2}{\376\377\0007\000.\0002\0007\000.\0003\000.\0002\000\040\000g\000e\000t\000C\000h\000i\000l\000d\000\050\000\051\000\040\000[\0001\000/\0002\000]}{subsection.7.27.3}% 430
\BOOKMARK [3][-]{subsubsection.7.27.3.3}{\376\377\0007\000.\0002\0007\000.\0003\000.\0003\000\040\000g\000e\000t\000C\000h\000i\000l\000d\000\050\000\051\000\040\000[\0002\000/\0002\000]}{subsection.7.27.3}% 431
\BOOKMARK [3][-]{subsubsection.7.27.3.4}{\376\377\0007\000.\0002\0007\000.\0003\000.\0004\000\040\000g\000e\000t\000C\000h\000i\000l\000d\000P\000t\000r\000\050\000\051}{subsection.7.27.3}% 432
\BOOKMARK [3][-]{subsubsection.7.27.3.5}{\376\377\0007\000.\0002\0007\000.\0003\000.\0005\000\040\000r\000e\000s\000e\000t\000A\000l\000l\000\050\000\051}{subsection.7.27.3}% 433
\BOOKMARK [3][-]{subsubsection.7.27.3.6}{\376\377\0007\000.\0002\0007\000.\0003\000.\0006\000\040\000s\000e\000t\000C\000h\000i\000l\000d\000\050\000\051}{subsection.7.27.3}% 434
\BOOKMARK [1][-]{section.7.28}{\376\377\0007\000.\0002\0008\000\040\000s\000l\000a\000n\000g\000:\000:\000s\000y\000n\000t\000a\000x\000:\000:\000T\000o\000k\000e\000n\000O\000r\000S\000y\000n\000t\000a\000x\000\040\000S\000t\000r\000u\000c\000t\000\040\000R\000e\000f\000e\000r\000e\000n\000c\000e}{chapter.7}% 435
\BOOKMARK [2][-]{subsection.7.28.1}{\376\377\0007\000.\0002\0008\000.\0001\000\040\000D\000e\000t\000a\000i\000l\000e\000d\000\040\000D\000e\000s\000c\000r\000i\000p\000t\000i\000o\000n}{section.7.28}% 436
\BOOKMARK [2][-]{subsection.7.28.2}{\376\377\0007\000.\0002\0008\000.\0002\000\040\000C\000o\000n\000s\000t\000r\000u\000c\000t\000o\000r\000\040\000\046\000\040\000D\000e\000s\000t\000r\000u\000c\000t\000o\000r\000\040\000D\000o\000c\000u\000m\000e\000n\000t\000a\000t\000i\000o\000n}{section.7.28}% 437
\BOOKMARK [3][-]{subsubsection.7.28.2.1}{\376\377\0007\000.\0002\0008\000.\0002\000.\0001\000\040\000T\000o\000k\000e\000n\000O\000r\000S\000y\000n\000t\000a\000x\000\050\000\051\000\040\000[\0001\000/\0003\000]}{subsection.7.28.2}% 438
\BOOKMARK [3][-]{subsubsection.7.28.2.2}{\376\377\0007\000.\0002\0008\000.\0002\000.\0002\000\040\000T\000o\000k\000e\000n\000O\000r\000S\000y\000n\000t\000a\000x\000\050\000\051\000\040\000[\0002\000/\0003\000]}{subsection.7.28.2}% 439
\BOOKMARK [3][-]{subsubsection.7.28.2.3}{\376\377\0007\000.\0002\0008\000.\0002\000.\0003\000\040\000T\000o\000k\000e\000n\000O\000r\000S\000y\000n\000t\000a\000x\000\050\000\051\000\040\000[\0003\000/\0003\000]}{subsection.7.28.2}% 440
\BOOKMARK [2][-]{subsection.7.28.3}{\376\377\0007\000.\0002\0008\000.\0003\000\040\000M\000e\000m\000b\000e\000r\000\040\000F\000u\000n\000c\000t\000i\000o\000n\000\040\000D\000o\000c\000u\000m\000e\000n\000t\000a\000t\000i\000o\000n}{section.7.28}% 441
\BOOKMARK [3][-]{subsubsection.7.28.3.1}{\376\377\0007\000.\0002\0008\000.\0003\000.\0001\000\040\000n\000o\000d\000e\000\050\000\051}{subsection.7.28.3}% 442
\BOOKMARK [1][-]{section.7.29}{\376\377\0007\000.\0002\0009\000\040\000V\000a\000l\000u\000e\000s\000I\000t\000e\000r\000a\000t\000o\000r\000\040\000C\000l\000a\000s\000s\000\040\000R\000e\000f\000e\000r\000e\000n\000c\000e}{chapter.7}% 443
\BOOKMARK [2][-]{subsection.7.29.1}{\376\377\0007\000.\0002\0009\000.\0001\000\040\000D\000e\000t\000a\000i\000l\000e\000d\000\040\000D\000e\000s\000c\000r\000i\000p\000t\000i\000o\000n}{section.7.29}% 444
\BOOKMARK [2][-]{subsection.7.29.2}{\376\377\0007\000.\0002\0009\000.\0002\000\040\000C\000o\000n\000s\000t\000r\000u\000c\000t\000o\000r\000\040\000\046\000\040\000D\000e\000s\000t\000r\000u\000c\000t\000o\000r\000\040\000D\000o\000c\000u\000m\000e\000n\000t\000a\000t\000i\000o\000n}{section.7.29}% 445
\BOOKMARK [3][-]{subsubsection.7.29.2.1}{\376\377\0007\000.\0002\0009\000.\0002\000.\0001\000\040\000V\000a\000l\000u\000e\000s\000I\000t\000e\000r\000a\000t\000o\000r\000\050\000\051}{subsection.7.29.2}% 446
\BOOKMARK [3][-]{subsubsection.7.29.2.2}{\376\377\0007\000.\0002\0009\000.\0002\000.\0002\000\040\000\040\000V\000a\000l\000u\000e\000s\000I\000t\000e\000r\000a\000t\000o\000r\000\050\000\051}{subsection.7.29.2}% 447
\BOOKMARK [2][-]{subsection.7.29.3}{\376\377\0007\000.\0002\0009\000.\0003\000\040\000M\000e\000m\000b\000e\000r\000\040\000F\000u\000n\000c\000t\000i\000o\000n\000\040\000D\000o\000c\000u\000m\000e\000n\000t\000a\000t\000i\000o\000n}{section.7.29}% 448
\BOOKMARK [3][-]{subsubsection.7.29.3.1}{\376\377\0007\000.\0002\0009\000.\0003\000.\0001\000\040\000e\000n\000d\000\050\000\051}{subsection.7.29.3}% 449
\BOOKMARK [3][-]{subsubsection.7.29.3.2}{\376\377\0007\000.\0002\0009\000.\0003\000.\0002\000\040\000n\000e\000x\000t\000\050\000\051}{subsection.7.29.3}% 450
\BOOKMARK [2][-]{subsection.7.29.4}{\376\377\0007\000.\0002\0009\000.\0004\000\040\000M\000e\000m\000b\000e\000r\000\040\000D\000a\000t\000a\000\040\000D\000o\000c\000u\000m\000e\000n\000t\000a\000t\000i\000o\000n}{section.7.29}% 451
\BOOKMARK [3][-]{subsubsection.7.29.4.1}{\376\377\0007\000.\0002\0009\000.\0004\000.\0001\000\040\000b\000o\000o\000l\000\137}{subsection.7.29.4}% 452
\BOOKMARK [3][-]{subsubsection.7.29.4.2}{\376\377\0007\000.\0002\0009\000.\0004\000.\0002\000\040\000e\000r\000r\000\137}{subsection.7.29.4}% 453
\BOOKMARK [3][-]{subsubsection.7.29.4.3}{\376\377\0007\000.\0002\0009\000.\0004\000.\0003\000\040\000e\000x\000p\000r\000p\000\137}{subsection.7.29.4}% 454
\BOOKMARK [3][-]{subsubsection.7.29.4.4}{\376\377\0007\000.\0002\0009\000.\0004\000.\0004\000\040\000f\000l\000o\000a\000t\000\137}{subsection.7.29.4}% 455
\BOOKMARK [3][-]{subsubsection.7.29.4.5}{\376\377\0007\000.\0002\0009\000.\0004\000.\0005\000\040\000i\000n\000t\000\137}{subsection.7.29.4}% 456
\BOOKMARK [3][-]{subsubsection.7.29.4.6}{\376\377\0007\000.\0002\0009\000.\0004\000.\0006\000\040\000s\000t\000r\000\137}{subsection.7.29.4}% 457
\BOOKMARK [3][-]{subsubsection.7.29.4.7}{\376\377\0007\000.\0002\0009\000.\0004\000.\0007\000\040\000v\000a\000l\000u\000e\000s\000\137}{subsection.7.29.4}% 458
\BOOKMARK [3][-]{subsubsection.7.29.4.8}{\376\377\0007\000.\0002\0009\000.\0004\000.\0008\000\040\000v\000t\000y\000p\000e\000\137}{subsection.7.29.4}% 459
\BOOKMARK [1][-]{section.7.30}{\376\377\0007\000.\0003\0000\000\040\000V\000e\000r\000i\000l\000o\000g\000V\000i\000s\000i\000t\000o\000r\000\040\000C\000l\000a\000s\000s\000\040\000R\000e\000f\000e\000r\000e\000n\000c\000e}{chapter.7}% 460
\BOOKMARK [2][-]{subsection.7.30.1}{\376\377\0007\000.\0003\0000\000.\0001\000\040\000D\000e\000t\000a\000i\000l\000e\000d\000\040\000D\000e\000s\000c\000r\000i\000p\000t\000i\000o\000n}{section.7.30}% 461
\BOOKMARK [2][-]{subsection.7.30.2}{\376\377\0007\000.\0003\0000\000.\0002\000\040\000C\000o\000n\000s\000t\000r\000u\000c\000t\000o\000r\000\040\000\046\000\040\000D\000e\000s\000t\000r\000u\000c\000t\000o\000r\000\040\000D\000o\000c\000u\000m\000e\000n\000t\000a\000t\000i\000o\000n}{section.7.30}% 462
\BOOKMARK [3][-]{subsubsection.7.30.2.1}{\376\377\0007\000.\0003\0000\000.\0002\000.\0001\000\040\000V\000e\000r\000i\000l\000o\000g\000V\000i\000s\000i\000t\000o\000r\000\050\000\051}{subsection.7.30.2}% 463
\BOOKMARK [2][-]{subsection.7.30.3}{\376\377\0007\000.\0003\0000\000.\0003\000\040\000M\000e\000m\000b\000e\000r\000\040\000F\000u\000n\000c\000t\000i\000o\000n\000\040\000D\000o\000c\000u\000m\000e\000n\000t\000a\000t\000i\000o\000n}{section.7.30}% 464
\BOOKMARK [3][-]{subsubsection.7.30.3.1}{\376\377\0007\000.\0003\0000\000.\0003\000.\0001\000\040\000h\000a\000n\000d\000l\000e\000\050\000\051\000\040\000[\0001\000/\0006\000]}{subsection.7.30.3}% 465
\BOOKMARK [3][-]{subsubsection.7.30.3.2}{\376\377\0007\000.\0003\0000\000.\0003\000.\0002\000\040\000h\000a\000n\000d\000l\000e\000\050\000\051\000\040\000[\0002\000/\0006\000]}{subsection.7.30.3}% 466
\BOOKMARK [3][-]{subsubsection.7.30.3.3}{\376\377\0007\000.\0003\0000\000.\0003\000.\0003\000\040\000h\000a\000n\000d\000l\000e\000\050\000\051\000\040\000[\0003\000/\0006\000]}{subsection.7.30.3}% 467
\BOOKMARK [3][-]{subsubsection.7.30.3.4}{\376\377\0007\000.\0003\0000\000.\0003\000.\0004\000\040\000h\000a\000n\000d\000l\000e\000\050\000\051\000\040\000[\0004\000/\0006\000]}{subsection.7.30.3}% 468
\BOOKMARK [3][-]{subsubsection.7.30.3.5}{\376\377\0007\000.\0003\0000\000.\0003\000.\0005\000\040\000h\000a\000n\000d\000l\000e\000\050\000\051\000\040\000[\0005\000/\0006\000]}{subsection.7.30.3}% 469
\BOOKMARK [3][-]{subsubsection.7.30.3.6}{\376\377\0007\000.\0003\0000\000.\0003\000.\0006\000\040\000h\000a\000n\000d\000l\000e\000\050\000\051\000\040\000[\0006\000/\0006\000]}{subsection.7.30.3}% 470
\BOOKMARK [2][-]{subsection.7.30.4}{\376\377\0007\000.\0003\0000\000.\0004\000\040\000M\000e\000m\000b\000e\000r\000\040\000D\000a\000t\000a\000\040\000D\000o\000c\000u\000m\000e\000n\000t\000a\000t\000i\000o\000n}{section.7.30}% 471
\BOOKMARK [3][-]{subsubsection.7.30.4.1}{\376\377\0007\000.\0003\0000\000.\0004\000.\0001\000\040\000d\000e\000p\000t\000h\000\137}{subsection.7.30.4}% 472
\BOOKMARK [3][-]{subsubsection.7.30.4.2}{\376\377\0007\000.\0003\0000\000.\0004\000.\0002\000\040\000i\000n\000T\000a\000r\000g\000e\000t\000M\000o\000d\000u\000l\000e\000\137}{subsection.7.30.4}% 473
\BOOKMARK [3][-]{subsubsection.7.30.4.3}{\376\377\0007\000.\0003\0000\000.\0004\000.\0003\000\040\000t\000a\000r\000g\000e\000t\000C\000e\000l\000l\000\137}{subsection.7.30.4}% 474
\BOOKMARK [0][-]{chapter.8}{\376\377\0008\000\040\000F\000i\000l\000e\000\040\000D\000o\000c\000u\000m\000e\000n\000t\000a\000t\000i\000o\000n}{}% 475
\BOOKMARK [1][-]{section.8.1}{\376\377\0008\000.\0001\000\040\000i\000n\000c\000l\000u\000d\000e\000/\000c\000o\000m\000p\000a\000r\000e\000.\000h\000p\000p\000\040\000F\000i\000l\000e\000\040\000R\000e\000f\000e\000r\000e\000n\000c\000e}{chapter.8}% 476
\BOOKMARK [2][-]{subsection.8.1.1}{\376\377\0008\000.\0001\000.\0001\000\040\000T\000y\000p\000e\000d\000e\000f\000\040\000D\000o\000c\000u\000m\000e\000n\000t\000a\000t\000i\000o\000n}{section.8.1}% 477
\BOOKMARK [3][-]{subsubsection.8.1.1.1}{\376\377\0008\000.\0001\000.\0001\000.\0001\000\040\000j\000s\000o\000n}{subsection.8.1.1}% 478
\BOOKMARK [1][-]{section.8.2}{\376\377\0008\000.\0002\000\040\000c\000o\000m\000p\000a\000r\000e\000.\000h\000p\000p}{chapter.8}% 479
\BOOKMARK [1][-]{section.8.3}{\376\377\0008\000.\0003\000\040\000i\000n\000c\000l\000u\000d\000e\000/\000i\000t\000e\000r\000a\000t\000o\000r\000s\000.\000h\000p\000p\000\040\000F\000i\000l\000e\000\040\000R\000e\000f\000e\000r\000e\000n\000c\000e}{chapter.8}% 480
\BOOKMARK [1][-]{section.8.4}{\376\377\0008\000.\0004\000\040\000i\000t\000e\000r\000a\000t\000o\000r\000s\000.\000h\000p\000p}{chapter.8}% 481
\BOOKMARK [1][-]{section.8.5}{\376\377\0008\000.\0005\000\040\000i\000n\000c\000l\000u\000d\000e\000/\000j\000s\000o\000n\000\137\000u\000t\000i\000l\000s\000.\000h\000p\000p\000\040\000F\000i\000l\000e\000\040\000R\000e\000f\000e\000r\000e\000n\000c\000e}{chapter.8}% 482
\BOOKMARK [2][-]{subsection.8.5.1}{\376\377\0008\000.\0005\000.\0001\000\040\000T\000y\000p\000e\000d\000e\000f\000\040\000D\000o\000c\000u\000m\000e\000n\000t\000a\000t\000i\000o\000n}{section.8.5}% 483
\BOOKMARK [3][-]{subsubsection.8.5.1.1}{\376\377\0008\000.\0005\000.\0001\000.\0001\000\040\000j\000s\000o\000n}{subsection.8.5.1}% 484
\BOOKMARK [2][-]{subsection.8.5.2}{\376\377\0008\000.\0005\000.\0002\000\040\000F\000u\000n\000c\000t\000i\000o\000n\000\040\000D\000o\000c\000u\000m\000e\000n\000t\000a\000t\000i\000o\000n}{section.8.5}% 485
\BOOKMARK [3][-]{subsubsection.8.5.2.1}{\376\377\0008\000.\0005\000.\0002\000.\0001\000\040\000g\000e\000n\000e\000r\000a\000t\000e\000C\000e\000l\000l\000J\000s\000o\000n\000\050\000\051}{subsection.8.5.2}% 486
\BOOKMARK [3][-]{subsubsection.8.5.2.2}{\376\377\0008\000.\0005\000.\0002\000.\0002\000\040\000g\000e\000n\000e\000r\000a\000t\000e\000L\000u\000t\000J\000s\000o\000n\000\050\000\051}{subsection.8.5.2}% 487
\BOOKMARK [3][-]{subsubsection.8.5.2.3}{\376\377\0008\000.\0005\000.\0002\000.\0003\000\040\000g\000e\000n\000e\000r\000a\000t\000e\000P\000i\000n\000J\000s\000o\000n\000\050\000\051}{subsection.8.5.2}% 488
\BOOKMARK [3][-]{subsubsection.8.5.2.4}{\376\377\0008\000.\0005\000.\0002\000.\0004\000\040\000g\000e\000n\000e\000r\000a\000t\000e\000P\000o\000w\000e\000r\000J\000s\000o\000n\000\050\000\051}{subsection.8.5.2}% 489
\BOOKMARK [1][-]{section.8.6}{\376\377\0008\000.\0006\000\040\000j\000s\000o\000n\000\137\000u\000t\000i\000l\000s\000.\000h\000p\000p}{chapter.8}% 490
\BOOKMARK [1][-]{section.8.7}{\376\377\0008\000.\0007\000\040\000i\000n\000c\000l\000u\000d\000e\000/\000l\000i\000b\000\137\000a\000t\000t\000r\000i\000b\000u\000t\000e\000.\000h\000p\000p\000\040\000F\000i\000l\000e\000\040\000R\000e\000f\000e\000r\000e\000n\000c\000e}{chapter.8}% 491
\BOOKMARK [1][-]{section.8.8}{\376\377\0008\000.\0008\000\040\000l\000i\000b\000\137\000a\000t\000t\000r\000i\000b\000u\000t\000e\000.\000h\000p\000p}{chapter.8}% 492
\BOOKMARK [1][-]{section.8.9}{\376\377\0008\000.\0009\000\040\000i\000n\000c\000l\000u\000d\000e\000/\000l\000i\000b\000\137\000f\000i\000l\000e\000.\000h\000p\000p\000\040\000F\000i\000l\000e\000\040\000R\000e\000f\000e\000r\000e\000n\000c\000e}{chapter.8}% 493
\BOOKMARK [2][-]{subsection.8.9.1}{\376\377\0008\000.\0009\000.\0001\000\040\000T\000y\000p\000e\000d\000e\000f\000\040\000D\000o\000c\000u\000m\000e\000n\000t\000a\000t\000i\000o\000n}{section.8.9}% 494
\BOOKMARK [3][-]{subsubsection.8.9.1.1}{\376\377\0008\000.\0009\000.\0001\000.\0001\000\040\000j\000s\000o\000n}{subsection.8.9.1}% 495
\BOOKMARK [1][-]{section.8.10}{\376\377\0008\000.\0001\0000\000\040\000l\000i\000b\000\137\000f\000i\000l\000e\000.\000h\000p\000p}{chapter.8}% 496
\BOOKMARK [1][-]{section.8.11}{\376\377\0008\000.\0001\0001\000\040\000i\000n\000c\000l\000u\000d\000e\000/\000l\000i\000b\000\137\000g\000r\000o\000u\000p\000.\000h\000p\000p\000\040\000F\000i\000l\000e\000\040\000R\000e\000f\000e\000r\000e\000n\000c\000e}{chapter.8}% 497
\BOOKMARK [1][-]{section.8.12}{\376\377\0008\000.\0001\0002\000\040\000l\000i\000b\000\137\000g\000r\000o\000u\000p\000.\000h\000p\000p}{chapter.8}% 498
\BOOKMARK [1][-]{section.8.13}{\376\377\0008\000.\0001\0003\000\040\000i\000n\000c\000l\000u\000d\000e\000/\000v\000e\000r\000i\000l\000o\000g\000\137\000u\000t\000i\000l\000s\000.\000h\000p\000p\000\040\000F\000i\000l\000e\000\040\000R\000e\000f\000e\000r\000e\000n\000c\000e}{chapter.8}% 499
\BOOKMARK [2][-]{subsection.8.13.1}{\376\377\0008\000.\0001\0003\000.\0001\000\040\000F\000u\000n\000c\000t\000i\000o\000n\000\040\000D\000o\000c\000u\000m\000e\000n\000t\000a\000t\000i\000o\000n}{section.8.13}% 500
\BOOKMARK [3][-]{subsubsection.8.13.1.1}{\376\377\0008\000.\0001\0003\000.\0001\000.\0001\000\040\000g\000e\000t\000A\000S\000T\000\050\000\051}{subsection.8.13.1}% 501
\BOOKMARK [1][-]{section.8.14}{\376\377\0008\000.\0001\0004\000\040\000v\000e\000r\000i\000l\000o\000g\000\137\000u\000t\000i\000l\000s\000.\000h\000p\000p}{chapter.8}% 502
\BOOKMARK [1][-]{section.8.15}{\376\377\0008\000.\0001\0005\000\040\000i\000n\000c\000l\000u\000d\000e\000/\000v\000e\000r\000s\000i\000o\000n\000.\000h\000\040\000F\000i\000l\000e\000\040\000R\000e\000f\000e\000r\000e\000n\000c\000e}{chapter.8}% 503
\BOOKMARK [2][-]{subsection.8.15.1}{\376\377\0008\000.\0001\0005\000.\0001\000\040\000M\000a\000c\000r\000o\000\040\000D\000e\000f\000i\000n\000i\000t\000i\000o\000n\000\040\000D\000o\000c\000u\000m\000e\000n\000t\000a\000t\000i\000o\000n}{section.8.15}% 504
\BOOKMARK [3][-]{subsubsection.8.15.1.1}{\376\377\0008\000.\0001\0005\000.\0001\000.\0001\000\040\000A\000P\000P\000\137\000A\000U\000T\000H\000O\000R}{subsection.8.15.1}% 505
\BOOKMARK [3][-]{subsubsection.8.15.1.2}{\376\377\0008\000.\0001\0005\000.\0001\000.\0002\000\040\000A\000P\000P\000\137\000C\000O\000N\000T\000A\000C\000T}{subsection.8.15.1}% 506
\BOOKMARK [3][-]{subsubsection.8.15.1.3}{\376\377\0008\000.\0001\0005\000.\0001\000.\0003\000\040\000A\000P\000P\000\137\000N\000A\000M\000E}{subsection.8.15.1}% 507
\BOOKMARK [3][-]{subsubsection.8.15.1.4}{\376\377\0008\000.\0001\0005\000.\0001\000.\0004\000\040\000A\000P\000P\000\137\000V\000E\000R\000S\000I\000O\000N}{subsection.8.15.1}% 508
\BOOKMARK [3][-]{subsubsection.8.15.1.5}{\376\377\0008\000.\0001\0005\000.\0001\000.\0005\000\040\000A\000P\000P\000\137\000V\000E\000R\000S\000I\000O\000N\000\137\000M\000A\000J\000O\000R}{subsection.8.15.1}% 509
\BOOKMARK [3][-]{subsubsection.8.15.1.6}{\376\377\0008\000.\0001\0005\000.\0001\000.\0006\000\040\000A\000P\000P\000\137\000V\000E\000R\000S\000I\000O\000N\000\137\000M\000I\000N\000O\000R}{subsection.8.15.1}% 510
\BOOKMARK [3][-]{subsubsection.8.15.1.7}{\376\377\0008\000.\0001\0005\000.\0001\000.\0007\000\040\000A\000P\000P\000\137\000V\000E\000R\000S\000I\000O\000N\000\137\000P\000A\000T\000C\000H}{subsection.8.15.1}% 511
\BOOKMARK [3][-]{subsubsection.8.15.1.8}{\376\377\0008\000.\0001\0005\000.\0001\000.\0008\000\040\000B\000U\000I\000L\000D\000\137\000T\000I\000M\000E\000S\000T\000A\000M\000P}{subsection.8.15.1}% 512
\BOOKMARK [1][-]{section.8.16}{\376\377\0008\000.\0001\0006\000\040\000v\000e\000r\000s\000i\000o\000n\000.\000h}{chapter.8}% 513
\BOOKMARK [1][-]{section.8.17}{\376\377\0008\000.\0001\0007\000\040\000i\000n\000c\000l\000u\000d\000e\000\137\0003\000r\000d\000\137\000p\000a\000r\000t\000y\000/\000s\000i\0002\000d\000r\000\137\000l\000i\000b\000e\000r\000t\000y\000.\000h\000\040\000F\000i\000l\000e\000\040\000R\000e\000f\000e\000r\000e\000n\000c\000e}{chapter.8}% 514
\BOOKMARK [2][-]{subsection.8.17.1}{\376\377\0008\000.\0001\0007\000.\0001\000\040\000M\000a\000c\000r\000o\000\040\000D\000e\000f\000i\000n\000i\000t\000i\000o\000n\000\040\000D\000o\000c\000u\000m\000e\000n\000t\000a\000t\000i\000o\000n}{section.8.17}% 515
\BOOKMARK [3][-]{subsubsection.8.17.1.1}{\376\377\0008\000.\0001\0007\000.\0001\000.\0001\000\040\000L\000O\000N\000G\000\137\000D\000O\000U\000B\000L\000E}{subsection.8.17.1}% 516
\BOOKMARK [3][-]{subsubsection.8.17.1.2}{\376\377\0008\000.\0001\0007\000.\0001\000.\0002\000\040\000S\000I\0002\000\137\000A\000R\000G\000S}{subsection.8.17.1}% 517
\BOOKMARK [3][-]{subsubsection.8.17.1.3}{\376\377\0008\000.\0001\0007\000.\0001\000.\0003\000\040\000S\000I\0002\000\137\000L\000O\000N\000G\000\137\000M\000A\000X}{subsection.8.17.1}% 518
\BOOKMARK [3][-]{subsubsection.8.17.1.4}{\376\377\0008\000.\0001\0007\000.\0001\000.\0004\000\040\000S\000I\0002\000\137\000L\000O\000N\000G\000\137\000M\000I\000N}{subsection.8.17.1}% 519
\BOOKMARK [3][-]{subsubsection.8.17.1.5}{\376\377\0008\000.\0001\0007\000.\0001\000.\0005\000\040\000S\000I\0002\000\137\000U\000L\000O\000N\000G\000\137\000M\000A\000X}{subsection.8.17.1}% 520
\BOOKMARK [3][-]{subsubsection.8.17.1.6}{\376\377\0008\000.\0001\0007\000.\0001\000.\0006\000\040\000S\000I\0002\000D\000R\000\137\000F\000A\000L\000S\000E}{subsection.8.17.1}% 521
\BOOKMARK [3][-]{subsubsection.8.17.1.7}{\376\377\0008\000.\0001\0007\000.\0001\000.\0007\000\040\000S\000I\0002\000D\000R\000\137\000M\000A\000X\000\137\000F\000L\000O\000A\000T\0003\0002}{subsection.8.17.1}% 522
\BOOKMARK [3][-]{subsubsection.8.17.1.8}{\376\377\0008\000.\0001\0007\000.\0001\000.\0008\000\040\000S\000I\0002\000D\000R\000\137\000M\000A\000X\000\137\000F\000L\000O\000A\000T\0006\0004}{subsection.8.17.1}% 523
\BOOKMARK [3][-]{subsubsection.8.17.1.9}{\376\377\0008\000.\0001\0007\000.\0001\000.\0009\000\040\000S\000I\0002\000D\000R\000\137\000M\000A\000X\000\137\000I\000N\000T\0003\0002}{subsection.8.17.1}% 524
\BOOKMARK [3][-]{subsubsection.8.17.1.10}{\376\377\0008\000.\0001\0007\000.\0001\000.\0001\0000\000\040\000S\000I\0002\000D\000R\000\137\000M\000A\000X\000\137\000S\000T\000R\000I\000N\000G\000\137\000L\000E\000N}{subsection.8.17.1}% 525
\BOOKMARK [3][-]{subsubsection.8.17.1.11}{\376\377\0008\000.\0001\0007\000.\0001\000.\0001\0001\000\040\000S\000I\0002\000D\000R\000\137\000M\000I\000N\000\137\000F\000L\000O\000A\000T\0003\0002}{subsection.8.17.1}% 526
\BOOKMARK [3][-]{subsubsection.8.17.1.12}{\376\377\0008\000.\0001\0007\000.\0001\000.\0001\0002\000\040\000S\000I\0002\000D\000R\000\137\000M\000I\000N\000\137\000F\000L\000O\000A\000T\0006\0004}{subsection.8.17.1}% 527
\BOOKMARK [3][-]{subsubsection.8.17.1.13}{\376\377\0008\000.\0001\0007\000.\0001\000.\0001\0003\000\040\000S\000I\0002\000D\000R\000\137\000M\000I\000N\000\137\000I\000N\000T\0003\0002}{subsection.8.17.1}% 528
\BOOKMARK [3][-]{subsubsection.8.17.1.14}{\376\377\0008\000.\0001\0007\000.\0001\000.\0001\0004\000\040\000S\000I\0002\000D\000R\000\137\000T\000R\000U\000E}{subsection.8.17.1}% 529
\BOOKMARK [2][-]{subsection.8.17.2}{\376\377\0008\000.\0001\0007\000.\0002\000\040\000T\000y\000p\000e\000d\000e\000f\000\040\000D\000o\000c\000u\000m\000e\000n\000t\000a\000t\000i\000o\000n}{section.8.17}% 530
\BOOKMARK [3][-]{subsubsection.8.17.2.1}{\376\377\0008\000.\0001\0007\000.\0002\000.\0001\000\040\000s\000i\0002\000B\000o\000o\000l\000e\000a\000n\000T}{subsection.8.17.2}% 531
\BOOKMARK [3][-]{subsubsection.8.17.2.2}{\376\377\0008\000.\0001\0007\000.\0002\000.\0002\000\040\000s\000i\0002\000D\000o\000u\000b\000l\000e\000T}{subsection.8.17.2}% 532
\BOOKMARK [3][-]{subsubsection.8.17.2.3}{\376\377\0008\000.\0001\0007\000.\0002\000.\0003\000\040\000s\000i\0002\000d\000r\000A\000t\000t\000r\000C\000o\000m\000p\000l\000e\000x\000V\000a\000l\000I\000d\000T}{subsection.8.17.2}% 533
\BOOKMARK [3][-]{subsubsection.8.17.2.4}{\376\377\0008\000.\0001\0007\000.\0002\000.\0004\000\040\000s\000i\0002\000d\000r\000A\000t\000t\000r\000I\000d\000T}{subsection.8.17.2}% 534
\BOOKMARK [3][-]{subsubsection.8.17.2.5}{\376\377\0008\000.\0001\0007\000.\0002\000.\0005\000\040\000s\000i\0002\000d\000r\000A\000t\000t\000r\000s\000I\000d\000T}{subsection.8.17.2}% 535
\BOOKMARK [3][-]{subsubsection.8.17.2.6}{\376\377\0008\000.\0001\0007\000.\0002\000.\0006\000\040\000s\000i\0002\000d\000r\000A\000t\000t\000r\000T\000y\000p\000e\000T}{subsection.8.17.2}% 536
\BOOKMARK [3][-]{subsubsection.8.17.2.7}{\376\377\0008\000.\0001\0007\000.\0002\000.\0007\000\040\000s\000i\0002\000d\000r\000B\000o\000o\000l\000e\000a\000n\000T}{subsection.8.17.2}% 537
\BOOKMARK [3][-]{subsubsection.8.17.2.8}{\376\377\0008\000.\0001\0007\000.\0002\000.\0008\000\040\000s\000i\0002\000d\000r\000D\000e\000f\000i\000n\000e\000I\000d\000T}{subsection.8.17.2}% 538
\BOOKMARK [3][-]{subsubsection.8.17.2.9}{\376\377\0008\000.\0001\0007\000.\0002\000.\0009\000\040\000s\000i\0002\000d\000r\000D\000e\000f\000i\000n\000e\000s\000I\000d\000T}{subsection.8.17.2}% 539
\BOOKMARK [3][-]{subsubsection.8.17.2.10}{\376\377\0008\000.\0001\0007\000.\0002\000.\0001\0000\000\040\000s\000i\0002\000d\000r\000E\000r\000r\000o\000r\000T}{subsection.8.17.2}% 540
\BOOKMARK [3][-]{subsubsection.8.17.2.11}{\376\377\0008\000.\0001\0007\000.\0002\000.\0001\0001\000\040\000s\000i\0002\000d\000r\000E\000x\000p\000r\000T}{subsection.8.17.2}% 541
\BOOKMARK [3][-]{subsubsection.8.17.2.12}{\376\377\0008\000.\0001\0007\000.\0002\000.\0001\0002\000\040\000s\000i\0002\000d\000r\000E\000x\000p\000r\000T\000y\000p\000e\000T}{subsection.8.17.2}% 542
\BOOKMARK [3][-]{subsubsection.8.17.2.13}{\376\377\0008\000.\0001\0007\000.\0002\000.\0001\0003\000\040\000s\000i\0002\000d\000r\000F\000l\000o\000a\000t\0003\0002\000T}{subsection.8.17.2}% 543
\BOOKMARK [3][-]{subsubsection.8.17.2.14}{\376\377\0008\000.\0001\0007\000.\0002\000.\0001\0004\000\040\000s\000i\0002\000d\000r\000F\000l\000o\000a\000t\0006\0004\000T}{subsection.8.17.2}% 544
\BOOKMARK [3][-]{subsubsection.8.17.2.15}{\376\377\0008\000.\0001\0007\000.\0002\000.\0001\0005\000\040\000s\000i\0002\000d\000r\000G\000r\000o\000u\000p\000I\000d\000T}{subsection.8.17.2}% 545
\BOOKMARK [3][-]{subsubsection.8.17.2.16}{\376\377\0008\000.\0001\0007\000.\0002\000.\0001\0006\000\040\000s\000i\0002\000d\000r\000G\000r\000o\000u\000p\000s\000I\000d\000T}{subsection.8.17.2}% 546
\BOOKMARK [3][-]{subsubsection.8.17.2.17}{\376\377\0008\000.\0001\0007\000.\0002\000.\0001\0007\000\040\000s\000i\0002\000d\000r\000I\000n\000t\0003\0002\000T}{subsection.8.17.2}% 547
\BOOKMARK [3][-]{subsubsection.8.17.2.18}{\376\377\0008\000.\0001\0007\000.\0002\000.\0001\0008\000\040\000s\000i\0002\000d\000r\000I\000t\000e\000r\000I\000d\000T}{subsection.8.17.2}% 548
\BOOKMARK [3][-]{subsubsection.8.17.2.19}{\376\377\0008\000.\0001\0007\000.\0002\000.\0001\0009\000\040\000s\000i\0002\000d\000r\000M\000e\000s\000s\000a\000g\000e\000H\000a\000n\000d\000l\000e\000r\000T}{subsection.8.17.2}% 549
\BOOKMARK [3][-]{subsubsection.8.17.2.20}{\376\377\0008\000.\0001\0007\000.\0002\000.\0002\0000\000\040\000s\000i\0002\000d\000r\000N\000a\000m\000e\000s\000I\000d\000T}{subsection.8.17.2}% 550
\BOOKMARK [3][-]{subsubsection.8.17.2.21}{\376\377\0008\000.\0001\0007\000.\0002\000.\0002\0001\000\040\000s\000i\0002\000d\000r\000O\000b\000j\000e\000c\000t\000I\000d\000T}{subsection.8.17.2}% 551
\BOOKMARK [3][-]{subsubsection.8.17.2.22}{\376\377\0008\000.\0001\0007\000.\0002\000.\0002\0002\000\040\000s\000i\0002\000d\000r\000O\000b\000j\000e\000c\000t\000s\000I\000d\000T}{subsection.8.17.2}% 552
\BOOKMARK [3][-]{subsubsection.8.17.2.23}{\376\377\0008\000.\0001\0007\000.\0002\000.\0002\0003\000\040\000s\000i\0002\000d\000r\000O\000b\000j\000e\000c\000t\000T\000y\000p\000e\000T}{subsection.8.17.2}% 553
\BOOKMARK [3][-]{subsubsection.8.17.2.24}{\376\377\0008\000.\0001\0007\000.\0002\000.\0002\0004\000\040\000s\000i\0002\000d\000r\000S\000e\000v\000e\000r\000i\000t\000y\000T}{subsection.8.17.2}% 554
\BOOKMARK [3][-]{subsubsection.8.17.2.25}{\376\377\0008\000.\0001\0007\000.\0002\000.\0002\0005\000\040\000s\000i\0002\000d\000r\000S\000t\000r\000i\000n\000g\000T}{subsection.8.17.2}% 555
\BOOKMARK [3][-]{subsubsection.8.17.2.26}{\376\377\0008\000.\0001\0007\000.\0002\000.\0002\0006\000\040\000s\000i\0002\000d\000r\000V\000a\000l\000u\000e\000s\000I\000d\000T}{subsection.8.17.2}% 556
\BOOKMARK [3][-]{subsubsection.8.17.2.27}{\376\377\0008\000.\0001\0007\000.\0002\000.\0002\0007\000\040\000s\000i\0002\000d\000r\000V\000a\000l\000u\000e\000T\000y\000p\000e\000T}{subsection.8.17.2}% 557
\BOOKMARK [3][-]{subsubsection.8.17.2.28}{\376\377\0008\000.\0001\0007\000.\0002\000.\0002\0008\000\040\000s\000i\0002\000d\000r\000V\000o\000i\000d\000T}{subsection.8.17.2}% 558
\BOOKMARK [3][-]{subsubsection.8.17.2.29}{\376\377\0008\000.\0001\0007\000.\0002\000.\0002\0009\000\040\000s\000i\0002\000F\000l\000o\000a\000t\000T}{subsection.8.17.2}% 559
\BOOKMARK [3][-]{subsubsection.8.17.2.30}{\376\377\0008\000.\0001\0007\000.\0002\000.\0003\0000\000\040\000s\000i\0002\000I\000t\000e\000r\000a\000t\000o\000r\000I\000d\000T}{subsection.8.17.2}% 560
\BOOKMARK [3][-]{subsubsection.8.17.2.31}{\376\377\0008\000.\0001\0007\000.\0002\000.\0003\0001\000\040\000s\000i\0002\000L\000o\000n\000g\000T}{subsection.8.17.2}% 561
\BOOKMARK [3][-]{subsubsection.8.17.2.32}{\376\377\0008\000.\0001\0007\000.\0002\000.\0003\0002\000\040\000s\000i\0002\000O\000b\000j\000e\000c\000t\000I\000d\000T}{subsection.8.17.2}% 562
\BOOKMARK [3][-]{subsubsection.8.17.2.33}{\376\377\0008\000.\0001\0007\000.\0002\000.\0003\0003\000\040\000s\000i\0002\000S\000t\000r\000i\000n\000g\000T}{subsection.8.17.2}% 563
\BOOKMARK [3][-]{subsubsection.8.17.2.34}{\376\377\0008\000.\0001\0007\000.\0002\000.\0003\0004\000\040\000s\000i\0002\000T\000y\000p\000e\000T}{subsection.8.17.2}% 564
\BOOKMARK [3][-]{subsubsection.8.17.2.35}{\376\377\0008\000.\0001\0007\000.\0002\000.\0003\0005\000\040\000s\000i\0002\000V\000o\000i\000d\000T}{subsection.8.17.2}% 565
\BOOKMARK [2][-]{subsection.8.17.3}{\376\377\0008\000.\0001\0007\000.\0003\000\040\000E\000n\000u\000m\000e\000r\000a\000t\000i\000o\000n\000\040\000T\000y\000p\000e\000\040\000D\000o\000c\000u\000m\000e\000n\000t\000a\000t\000i\000o\000n}{section.8.17}% 566
\BOOKMARK [3][-]{subsubsection.8.17.3.1}{\376\377\0008\000.\0001\0007\000.\0003\000.\0001\000\040\000s\000i\0002\000B\000o\000o\000l\000e\000a\000n\000E\000n\000u\000m}{subsection.8.17.3}% 567
\BOOKMARK [3][-]{subsubsection.8.17.3.2}{\376\377\0008\000.\0001\0007\000.\0003\000.\0002\000\040\000s\000i\0002\000d\000r\000A\000t\000t\000r\000T\000y\000p\000e\000T}{subsection.8.17.3}% 568
\BOOKMARK [3][-]{subsubsection.8.17.3.3}{\376\377\0008\000.\0001\0007\000.\0003\000.\0003\000\040\000s\000i\0002\000d\000r\000E\000r\000r\000o\000r\000T}{subsection.8.17.3}% 569
\BOOKMARK [3][-]{subsubsection.8.17.3.4}{\376\377\0008\000.\0001\0007\000.\0003\000.\0004\000\040\000s\000i\0002\000d\000r\000E\000x\000p\000r\000T\000y\000p\000e\000T}{subsection.8.17.3}% 570
\BOOKMARK [3][-]{subsubsection.8.17.3.5}{\376\377\0008\000.\0001\0007\000.\0003\000.\0005\000\040\000s\000i\0002\000d\000r\000O\000b\000j\000e\000c\000t\000T\000y\000p\000e\000T}{subsection.8.17.3}% 571
\BOOKMARK [3][-]{subsubsection.8.17.3.6}{\376\377\0008\000.\0001\0007\000.\0003\000.\0006\000\040\000s\000i\0002\000d\000r\000S\000e\000v\000e\000r\000i\000t\000y\000T}{subsection.8.17.3}% 572
\BOOKMARK [3][-]{subsubsection.8.17.3.7}{\376\377\0008\000.\0001\0007\000.\0003\000.\0007\000\040\000s\000i\0002\000d\000r\000V\000a\000l\000u\000e\000T\000y\000p\000e\000T}{subsection.8.17.3}% 573
\BOOKMARK [3][-]{subsubsection.8.17.3.8}{\376\377\0008\000.\0001\0007\000.\0003\000.\0008\000\040\000s\000i\0002\000T\000y\000p\000e\000E\000n\000u\000m}{subsection.8.17.3}% 574
\BOOKMARK [2][-]{subsection.8.17.4}{\376\377\0008\000.\0001\0007\000.\0004\000\040\000F\000u\000n\000c\000t\000i\000o\000n\000\040\000D\000o\000c\000u\000m\000e\000n\000t\000a\000t\000i\000o\000n}{section.8.17}% 575
\BOOKMARK [3][-]{subsubsection.8.17.4.1}{\376\377\0008\000.\0001\0007\000.\0004\000.\0001\000\040\000g\000e\000t\000\137\000f\000u\000n\000c\000t\000i\000o\000n\000\050\000\051}{subsection.8.17.4}% 576
\BOOKMARK [3][-]{subsubsection.8.17.4.2}{\376\377\0008\000.\0001\0007\000.\0004\000.\0002\000\040\000l\000i\000b\000e\000r\000t\000y\000\137\000d\000e\000s\000t\000r\000o\000y\000\137\000v\000a\000l\000u\000e\000\137\000d\000a\000t\000a\000\050\000\051}{subsection.8.17.4}% 577
\BOOKMARK [3][-]{subsubsection.8.17.4.3}{\376\377\0008\000.\0001\0007\000.\0004\000.\0003\000\040\000l\000i\000b\000e\000r\000t\000y\000\137\000g\000e\000t\000\137\000e\000l\000e\000m\000e\000n\000t\000\050\000\051}{subsection.8.17.4}% 578
\BOOKMARK [3][-]{subsubsection.8.17.4.4}{\376\377\0008\000.\0001\0007\000.\0004\000.\0004\000\040\000l\000i\000b\000e\000r\000t\000y\000\137\000g\000e\000t\000\137\000v\000a\000l\000u\000e\000s\000\137\000d\000a\000t\000a\000\050\000\051}{subsection.8.17.4}% 579
\BOOKMARK [3][-]{subsubsection.8.17.4.5}{\376\377\0008\000.\0001\0007\000.\0004\000.\0005\000\040\000m\000a\000i\000n\000\137\000l\000i\000b\000e\000r\000t\000y\000\137\000p\000a\000r\000s\000e\000r\000\050\000\051}{subsection.8.17.4}% 580
\BOOKMARK [3][-]{subsubsection.8.17.4.6}{\376\377\0008\000.\0001\0007\000.\0004\000.\0006\000\040\000p\000r\000i\000n\000t\000\137\000v\000e\000r\000s\000i\000o\000n\000\050\000\051}{subsection.8.17.4}% 581
\BOOKMARK [3][-]{subsubsection.8.17.4.7}{\376\377\0008\000.\0001\0007\000.\0004\000.\0007\000\040\000S\000I\0002\000\137\000A\000R\000G\000S\000\050\000\051\000\040\000[\0001\000/\0004\0001\000]}{subsection.8.17.4}% 582
\BOOKMARK [3][-]{subsubsection.8.17.4.8}{\376\377\0008\000.\0001\0007\000.\0004\000.\0008\000\040\000S\000I\0002\000\137\000A\000R\000G\000S\000\050\000\051\000\040\000[\0002\000/\0004\0001\000]}{subsection.8.17.4}% 583
\BOOKMARK [3][-]{subsubsection.8.17.4.9}{\376\377\0008\000.\0001\0007\000.\0004\000.\0009\000\040\000S\000I\0002\000\137\000A\000R\000G\000S\000\050\000\051\000\040\000[\0003\000/\0004\0001\000]}{subsection.8.17.4}% 584
\BOOKMARK [3][-]{subsubsection.8.17.4.10}{\376\377\0008\000.\0001\0007\000.\0004\000.\0001\0000\000\040\000S\000I\0002\000\137\000A\000R\000G\000S\000\050\000\051\000\040\000[\0004\000/\0004\0001\000]}{subsection.8.17.4}% 585
\BOOKMARK [3][-]{subsubsection.8.17.4.11}{\376\377\0008\000.\0001\0007\000.\0004\000.\0001\0001\000\040\000S\000I\0002\000\137\000A\000R\000G\000S\000\050\000\051\000\040\000[\0005\000/\0004\0001\000]}{subsection.8.17.4}% 586
\BOOKMARK [3][-]{subsubsection.8.17.4.12}{\376\377\0008\000.\0001\0007\000.\0004\000.\0001\0002\000\040\000S\000I\0002\000\137\000A\000R\000G\000S\000\050\000\051\000\040\000[\0006\000/\0004\0001\000]}{subsection.8.17.4}% 587
\BOOKMARK [3][-]{subsubsection.8.17.4.13}{\376\377\0008\000.\0001\0007\000.\0004\000.\0001\0003\000\040\000S\000I\0002\000\137\000A\000R\000G\000S\000\050\000\051\000\040\000[\0007\000/\0004\0001\000]}{subsection.8.17.4}% 588
\BOOKMARK [3][-]{subsubsection.8.17.4.14}{\376\377\0008\000.\0001\0007\000.\0004\000.\0001\0004\000\040\000S\000I\0002\000\137\000A\000R\000G\000S\000\050\000\051\000\040\000[\0008\000/\0004\0001\000]}{subsection.8.17.4}% 589
\BOOKMARK [3][-]{subsubsection.8.17.4.15}{\376\377\0008\000.\0001\0007\000.\0004\000.\0001\0005\000\040\000S\000I\0002\000\137\000A\000R\000G\000S\000\050\000\051\000\040\000[\0009\000/\0004\0001\000]}{subsection.8.17.4}% 590
\BOOKMARK [3][-]{subsubsection.8.17.4.16}{\376\377\0008\000.\0001\0007\000.\0004\000.\0001\0006\000\040\000S\000I\0002\000\137\000A\000R\000G\000S\000\050\000\051\000\040\000[\0001\0000\000/\0004\0001\000]}{subsection.8.17.4}% 591
\BOOKMARK [3][-]{subsubsection.8.17.4.17}{\376\377\0008\000.\0001\0007\000.\0004\000.\0001\0007\000\040\000S\000I\0002\000\137\000A\000R\000G\000S\000\050\000\051\000\040\000[\0001\0001\000/\0004\0001\000]}{subsection.8.17.4}% 592
\BOOKMARK [3][-]{subsubsection.8.17.4.18}{\376\377\0008\000.\0001\0007\000.\0004\000.\0001\0008\000\040\000S\000I\0002\000\137\000A\000R\000G\000S\000\050\000\051\000\040\000[\0001\0002\000/\0004\0001\000]}{subsection.8.17.4}% 593
\BOOKMARK [3][-]{subsubsection.8.17.4.19}{\376\377\0008\000.\0001\0007\000.\0004\000.\0001\0009\000\040\000S\000I\0002\000\137\000A\000R\000G\000S\000\050\000\051\000\040\000[\0001\0003\000/\0004\0001\000]}{subsection.8.17.4}% 594
\BOOKMARK [3][-]{subsubsection.8.17.4.20}{\376\377\0008\000.\0001\0007\000.\0004\000.\0002\0000\000\040\000S\000I\0002\000\137\000A\000R\000G\000S\000\050\000\051\000\040\000[\0001\0004\000/\0004\0001\000]}{subsection.8.17.4}% 595
\BOOKMARK [3][-]{subsubsection.8.17.4.21}{\376\377\0008\000.\0001\0007\000.\0004\000.\0002\0001\000\040\000S\000I\0002\000\137\000A\000R\000G\000S\000\050\000\051\000\040\000[\0001\0005\000/\0004\0001\000]}{subsection.8.17.4}% 596
\BOOKMARK [3][-]{subsubsection.8.17.4.22}{\376\377\0008\000.\0001\0007\000.\0004\000.\0002\0002\000\040\000S\000I\0002\000\137\000A\000R\000G\000S\000\050\000\051\000\040\000[\0001\0006\000/\0004\0001\000]}{subsection.8.17.4}% 597
\BOOKMARK [3][-]{subsubsection.8.17.4.23}{\376\377\0008\000.\0001\0007\000.\0004\000.\0002\0003\000\040\000S\000I\0002\000\137\000A\000R\000G\000S\000\050\000\051\000\040\000[\0001\0007\000/\0004\0001\000]}{subsection.8.17.4}% 598
\BOOKMARK [3][-]{subsubsection.8.17.4.24}{\376\377\0008\000.\0001\0007\000.\0004\000.\0002\0004\000\040\000S\000I\0002\000\137\000A\000R\000G\000S\000\050\000\051\000\040\000[\0001\0008\000/\0004\0001\000]}{subsection.8.17.4}% 599
\BOOKMARK [3][-]{subsubsection.8.17.4.25}{\376\377\0008\000.\0001\0007\000.\0004\000.\0002\0005\000\040\000S\000I\0002\000\137\000A\000R\000G\000S\000\050\000\051\000\040\000[\0001\0009\000/\0004\0001\000]}{subsection.8.17.4}% 600
\BOOKMARK [3][-]{subsubsection.8.17.4.26}{\376\377\0008\000.\0001\0007\000.\0004\000.\0002\0006\000\040\000S\000I\0002\000\137\000A\000R\000G\000S\000\050\000\051\000\040\000[\0002\0000\000/\0004\0001\000]}{subsection.8.17.4}% 601
\BOOKMARK [3][-]{subsubsection.8.17.4.27}{\376\377\0008\000.\0001\0007\000.\0004\000.\0002\0007\000\040\000S\000I\0002\000\137\000A\000R\000G\000S\000\050\000\051\000\040\000[\0002\0001\000/\0004\0001\000]}{subsection.8.17.4}% 602
\BOOKMARK [3][-]{subsubsection.8.17.4.28}{\376\377\0008\000.\0001\0007\000.\0004\000.\0002\0008\000\040\000S\000I\0002\000\137\000A\000R\000G\000S\000\050\000\051\000\040\000[\0002\0002\000/\0004\0001\000]}{subsection.8.17.4}% 603
\BOOKMARK [3][-]{subsubsection.8.17.4.29}{\376\377\0008\000.\0001\0007\000.\0004\000.\0002\0009\000\040\000S\000I\0002\000\137\000A\000R\000G\000S\000\050\000\051\000\040\000[\0002\0003\000/\0004\0001\000]}{subsection.8.17.4}% 604
\BOOKMARK [3][-]{subsubsection.8.17.4.30}{\376\377\0008\000.\0001\0007\000.\0004\000.\0003\0000\000\040\000S\000I\0002\000\137\000A\000R\000G\000S\000\050\000\051\000\040\000[\0002\0004\000/\0004\0001\000]}{subsection.8.17.4}% 605
\BOOKMARK [3][-]{subsubsection.8.17.4.31}{\376\377\0008\000.\0001\0007\000.\0004\000.\0003\0001\000\040\000S\000I\0002\000\137\000A\000R\000G\000S\000\050\000\051\000\040\000[\0002\0005\000/\0004\0001\000]}{subsection.8.17.4}% 606
\BOOKMARK [3][-]{subsubsection.8.17.4.32}{\376\377\0008\000.\0001\0007\000.\0004\000.\0003\0002\000\040\000S\000I\0002\000\137\000A\000R\000G\000S\000\050\000\051\000\040\000[\0002\0006\000/\0004\0001\000]}{subsection.8.17.4}% 607
\BOOKMARK [3][-]{subsubsection.8.17.4.33}{\376\377\0008\000.\0001\0007\000.\0004\000.\0003\0003\000\040\000S\000I\0002\000\137\000A\000R\000G\000S\000\050\000\051\000\040\000[\0002\0007\000/\0004\0001\000]}{subsection.8.17.4}% 608
\BOOKMARK [3][-]{subsubsection.8.17.4.34}{\376\377\0008\000.\0001\0007\000.\0004\000.\0003\0004\000\040\000S\000I\0002\000\137\000A\000R\000G\000S\000\050\000\051\000\040\000[\0002\0008\000/\0004\0001\000]}{subsection.8.17.4}% 609
\BOOKMARK [3][-]{subsubsection.8.17.4.35}{\376\377\0008\000.\0001\0007\000.\0004\000.\0003\0005\000\040\000S\000I\0002\000\137\000A\000R\000G\000S\000\050\000\051\000\040\000[\0002\0009\000/\0004\0001\000]}{subsection.8.17.4}% 610
\BOOKMARK [3][-]{subsubsection.8.17.4.36}{\376\377\0008\000.\0001\0007\000.\0004\000.\0003\0006\000\040\000S\000I\0002\000\137\000A\000R\000G\000S\000\050\000\051\000\040\000[\0003\0000\000/\0004\0001\000]}{subsection.8.17.4}% 611
\BOOKMARK [3][-]{subsubsection.8.17.4.37}{\376\377\0008\000.\0001\0007\000.\0004\000.\0003\0007\000\040\000S\000I\0002\000\137\000A\000R\000G\000S\000\050\000\051\000\040\000[\0003\0001\000/\0004\0001\000]}{subsection.8.17.4}% 612
\BOOKMARK [3][-]{subsubsection.8.17.4.38}{\376\377\0008\000.\0001\0007\000.\0004\000.\0003\0008\000\040\000S\000I\0002\000\137\000A\000R\000G\000S\000\050\000\051\000\040\000[\0003\0002\000/\0004\0001\000]}{subsection.8.17.4}% 613
\BOOKMARK [3][-]{subsubsection.8.17.4.39}{\376\377\0008\000.\0001\0007\000.\0004\000.\0003\0009\000\040\000S\000I\0002\000\137\000A\000R\000G\000S\000\050\000\051\000\040\000[\0003\0003\000/\0004\0001\000]}{subsection.8.17.4}% 614
\BOOKMARK [3][-]{subsubsection.8.17.4.40}{\376\377\0008\000.\0001\0007\000.\0004\000.\0004\0000\000\040\000S\000I\0002\000\137\000A\000R\000G\000S\000\050\000\051\000\040\000[\0003\0004\000/\0004\0001\000]}{subsection.8.17.4}% 615
\BOOKMARK [3][-]{subsubsection.8.17.4.41}{\376\377\0008\000.\0001\0007\000.\0004\000.\0004\0001\000\040\000S\000I\0002\000\137\000A\000R\000G\000S\000\050\000\051\000\040\000[\0003\0005\000/\0004\0001\000]}{subsection.8.17.4}% 616
\BOOKMARK [3][-]{subsubsection.8.17.4.42}{\376\377\0008\000.\0001\0007\000.\0004\000.\0004\0002\000\040\000S\000I\0002\000\137\000A\000R\000G\000S\000\050\000\051\000\040\000[\0003\0006\000/\0004\0001\000]}{subsection.8.17.4}% 617
\BOOKMARK [3][-]{subsubsection.8.17.4.43}{\376\377\0008\000.\0001\0007\000.\0004\000.\0004\0003\000\040\000S\000I\0002\000\137\000A\000R\000G\000S\000\050\000\051\000\040\000[\0003\0007\000/\0004\0001\000]}{subsection.8.17.4}% 618
\BOOKMARK [3][-]{subsubsection.8.17.4.44}{\376\377\0008\000.\0001\0007\000.\0004\000.\0004\0004\000\040\000S\000I\0002\000\137\000A\000R\000G\000S\000\050\000\051\000\040\000[\0003\0008\000/\0004\0001\000]}{subsection.8.17.4}% 619
\BOOKMARK [3][-]{subsubsection.8.17.4.45}{\376\377\0008\000.\0001\0007\000.\0004\000.\0004\0005\000\040\000S\000I\0002\000\137\000A\000R\000G\000S\000\050\000\051\000\040\000[\0003\0009\000/\0004\0001\000]}{subsection.8.17.4}% 620
\BOOKMARK [3][-]{subsubsection.8.17.4.46}{\376\377\0008\000.\0001\0007\000.\0004\000.\0004\0006\000\040\000S\000I\0002\000\137\000A\000R\000G\000S\000\050\000\051\000\040\000[\0004\0000\000/\0004\0001\000]}{subsection.8.17.4}% 621
\BOOKMARK [3][-]{subsubsection.8.17.4.47}{\376\377\0008\000.\0001\0007\000.\0004\000.\0004\0007\000\040\000S\000I\0002\000\137\000A\000R\000G\000S\000\050\000\051\000\040\000[\0004\0001\000/\0004\0001\000]}{subsection.8.17.4}% 622
\BOOKMARK [3][-]{subsubsection.8.17.4.48}{\376\377\0008\000.\0001\0007\000.\0004\000.\0004\0008\000\040\000s\000i\0002\000d\000r\000D\000e\000f\000a\000u\000l\000t\000M\000e\000s\000s\000a\000g\000e\000H\000a\000n\000d\000l\000e\000r\000\050\000\051}{subsection.8.17.4}% 623
\BOOKMARK [3][-]{subsubsection.8.17.4.49}{\376\377\0008\000.\0001\0007\000.\0004\000.\0004\0009\000\040\000s\000i\0002\000d\000r\000P\000I\000G\000e\000t\000M\000e\000s\000s\000a\000g\000e\000H\000a\000n\000d\000l\000e\000r\000\050\000\051}{subsection.8.17.4}% 624
\BOOKMARK [3][-]{subsubsection.8.17.4.50}{\376\377\0008\000.\0001\0007\000.\0004\000.\0005\0000\000\040\000s\000i\0002\000d\000r\000P\000I\000S\000e\000t\000M\000e\000s\000s\000a\000g\000e\000H\000a\000n\000d\000l\000e\000r\000\050\000\051}{subsection.8.17.4}% 625
\BOOKMARK [3][-]{subsubsection.8.17.4.51}{\376\377\0008\000.\0001\0007\000.\0004\000.\0005\0001\000\040\000u\000s\000a\000g\000e\000\050\000\051}{subsection.8.17.4}% 626
\BOOKMARK [1][-]{section.8.18}{\376\377\0008\000.\0001\0008\000\040\000s\000i\0002\000d\000r\000\137\000l\000i\000b\000e\000r\000t\000y\000.\000h}{chapter.8}% 627
\BOOKMARK [1][-]{section.8.19}{\376\377\0008\000.\0001\0009\000\040\000i\000n\000c\000l\000u\000d\000e\000\137\0003\000r\000d\000\137\000p\000a\000r\000t\000y\000/\000S\000y\000n\000t\000a\000x\000N\000o\000d\000e\000.\000h\000\040\000F\000i\000l\000e\000\040\000R\000e\000f\000e\000r\000e\000n\000c\000e}{chapter.8}% 628
\BOOKMARK [1][-]{section.8.20}{\376\377\0008\000.\0002\0000\000\040\000S\000y\000n\000t\000a\000x\000N\000o\000d\000e\000.\000h}{chapter.8}% 629
\BOOKMARK [1][-]{section.8.21}{\376\377\0008\000.\0002\0001\000\040\000i\000n\000c\000l\000u\000d\000e\000\137\0003\000r\000d\000\137\000p\000a\000r\000t\000y\000/\000S\000y\000n\000t\000a\000x\000V\000i\000s\000i\000t\000o\000r\000.\000h\000\040\000F\000i\000l\000e\000\040\000R\000e\000f\000e\000r\000e\000n\000c\000e}{chapter.8}% 630
\BOOKMARK [2][-]{subsection.8.21.1}{\376\377\0008\000.\0002\0001\000.\0001\000\040\000D\000e\000t\000a\000i\000l\000e\000d\000\040\000D\000e\000s\000c\000r\000i\000p\000t\000i\000o\000n}{section.8.21}% 631
\BOOKMARK [2][-]{subsection.8.21.2}{\376\377\0008\000.\0002\0001\000.\0002\000\040\000M\000a\000c\000r\000o\000\040\000D\000e\000f\000i\000n\000i\000t\000i\000o\000n\000\040\000D\000o\000c\000u\000m\000e\000n\000t\000a\000t\000i\000o\000n}{section.8.21}% 632
\BOOKMARK [3][-]{subsubsection.8.21.2.1}{\376\377\0008\000.\0002\0001\000.\0002\000.\0001\000\040\000D\000E\000R\000I\000V\000E\000D}{subsection.8.21.2}% 633
\BOOKMARK [1][-]{section.8.22}{\376\377\0008\000.\0002\0002\000\040\000S\000y\000n\000t\000a\000x\000V\000i\000s\000i\000t\000o\000r\000.\000h}{chapter.8}% 634
\BOOKMARK [1][-]{section.8.23}{\376\377\0008\000.\0002\0003\000\040\000R\000E\000A\000D\000M\000E\000.\000m\000d\000\040\000F\000i\000l\000e\000\040\000R\000e\000f\000e\000r\000e\000n\000c\000e}{chapter.8}% 635
\BOOKMARK [1][-]{section.8.24}{\376\377\0008\000.\0002\0004\000\040\000s\000r\000c\000/\000c\000o\000m\000p\000a\000r\000e\000.\000c\000p\000p\000\040\000F\000i\000l\000e\000\040\000R\000e\000f\000e\000r\000e\000n\000c\000e}{chapter.8}% 636
\BOOKMARK [1][-]{section.8.25}{\376\377\0008\000.\0002\0005\000\040\000c\000o\000m\000p\000a\000r\000e\000.\000c\000p\000p}{chapter.8}% 637
\BOOKMARK [1][-]{section.8.26}{\376\377\0008\000.\0002\0006\000\040\000s\000r\000c\000/\000i\000t\000e\000r\000a\000t\000o\000r\000s\000.\000c\000p\000p\000\040\000F\000i\000l\000e\000\040\000R\000e\000f\000e\000r\000e\000n\000c\000e}{chapter.8}% 638
\BOOKMARK [1][-]{section.8.27}{\376\377\0008\000.\0002\0007\000\040\000i\000t\000e\000r\000a\000t\000o\000r\000s\000.\000c\000p\000p}{chapter.8}% 639
\BOOKMARK [1][-]{section.8.28}{\376\377\0008\000.\0002\0008\000\040\000s\000r\000c\000/\000j\000s\000o\000n\000\137\000u\000t\000i\000l\000s\000.\000c\000p\000p\000\040\000F\000i\000l\000e\000\040\000R\000e\000f\000e\000r\000e\000n\000c\000e}{chapter.8}% 640
\BOOKMARK [2][-]{subsection.8.28.1}{\376\377\0008\000.\0002\0008\000.\0001\000\040\000F\000u\000n\000c\000t\000i\000o\000n\000\040\000D\000o\000c\000u\000m\000e\000n\000t\000a\000t\000i\000o\000n}{section.8.28}% 641
\BOOKMARK [3][-]{subsubsection.8.28.1.1}{\376\377\0008\000.\0002\0008\000.\0001\000.\0001\000\040\000g\000e\000n\000e\000r\000a\000t\000e\000C\000e\000l\000l\000J\000s\000o\000n\000\050\000\051}{subsection.8.28.1}% 642
\BOOKMARK [3][-]{subsubsection.8.28.1.2}{\376\377\0008\000.\0002\0008\000.\0001\000.\0002\000\040\000g\000e\000n\000e\000r\000a\000t\000e\000L\000u\000t\000J\000s\000o\000n\000\050\000\051}{subsection.8.28.1}% 643
\BOOKMARK [3][-]{subsubsection.8.28.1.3}{\376\377\0008\000.\0002\0008\000.\0001\000.\0003\000\040\000g\000e\000n\000e\000r\000a\000t\000e\000P\000i\000n\000J\000s\000o\000n\000\050\000\051}{subsection.8.28.1}% 644
\BOOKMARK [3][-]{subsubsection.8.28.1.4}{\376\377\0008\000.\0002\0008\000.\0001\000.\0004\000\040\000g\000e\000n\000e\000r\000a\000t\000e\000P\000o\000w\000e\000r\000J\000s\000o\000n\000\050\000\051}{subsection.8.28.1}% 645
\BOOKMARK [3][-]{subsubsection.8.28.1.5}{\376\377\0008\000.\0002\0008\000.\0001\000.\0005\000\040\000g\000e\000n\000e\000r\000a\000t\000e\000T\000i\000m\000i\000n\000g\000J\000s\000o\000n\000\050\000\051}{subsection.8.28.1}% 646
\BOOKMARK [3][-]{subsubsection.8.28.1.6}{\376\377\0008\000.\0002\0008\000.\0001\000.\0006\000\040\000p\000a\000r\000s\000e\000S\000t\000r\000i\000n\000g\000T\000o\000V\000e\000c\000t\000o\000r\000\050\000\051}{subsection.8.28.1}% 647
\BOOKMARK [1][-]{section.8.29}{\376\377\0008\000.\0002\0009\000\040\000j\000s\000o\000n\000\137\000u\000t\000i\000l\000s\000.\000c\000p\000p}{chapter.8}% 648
\BOOKMARK [1][-]{section.8.30}{\376\377\0008\000.\0003\0000\000\040\000s\000r\000c\000/\000l\000i\000b\000\137\000a\000t\000t\000r\000i\000b\000u\000t\000e\000.\000c\000p\000p\000\040\000F\000i\000l\000e\000\040\000R\000e\000f\000e\000r\000e\000n\000c\000e}{chapter.8}% 649
\BOOKMARK [1][-]{section.8.31}{\376\377\0008\000.\0003\0001\000\040\000l\000i\000b\000\137\000a\000t\000t\000r\000i\000b\000u\000t\000e\000.\000c\000p\000p}{chapter.8}% 650
\BOOKMARK [1][-]{section.8.32}{\376\377\0008\000.\0003\0002\000\040\000s\000r\000c\000/\000l\000i\000b\000\137\000f\000i\000l\000e\000.\000c\000p\000p\000\040\000F\000i\000l\000e\000\040\000R\000e\000f\000e\000r\000e\000n\000c\000e}{chapter.8}% 651
\BOOKMARK [1][-]{section.8.33}{\376\377\0008\000.\0003\0003\000\040\000l\000i\000b\000\137\000f\000i\000l\000e\000.\000c\000p\000p}{chapter.8}% 652
\BOOKMARK [1][-]{section.8.34}{\376\377\0008\000.\0003\0004\000\040\000s\000r\000c\000/\000l\000i\000b\000\137\000g\000r\000o\000u\000p\000.\000c\000p\000p\000\040\000F\000i\000l\000e\000\040\000R\000e\000f\000e\000r\000e\000n\000c\000e}{chapter.8}% 653
\BOOKMARK [1][-]{section.8.35}{\376\377\0008\000.\0003\0005\000\040\000l\000i\000b\000\137\000g\000r\000o\000u\000p\000.\000c\000p\000p}{chapter.8}% 654
\BOOKMARK [1][-]{section.8.36}{\376\377\0008\000.\0003\0006\000\040\000s\000r\000c\000/\000m\000a\000i\000n\000.\000c\000p\000p\000\040\000F\000i\000l\000e\000\040\000R\000e\000f\000e\000r\000e\000n\000c\000e}{chapter.8}% 655
\BOOKMARK [2][-]{subsection.8.36.1}{\376\377\0008\000.\0003\0006\000.\0001\000\040\000F\000u\000n\000c\000t\000i\000o\000n\000\040\000D\000o\000c\000u\000m\000e\000n\000t\000a\000t\000i\000o\000n}{section.8.36}% 656
\BOOKMARK [3][-]{subsubsection.8.36.1.1}{\376\377\0008\000.\0003\0006\000.\0001\000.\0001\000\040\000c\000o\000m\000p\000a\000r\000e\000L\000i\000b\000F\000i\000l\000e\000s\000\050\000\051}{subsection.8.36.1}% 657
\BOOKMARK [3][-]{subsubsection.8.36.1.2}{\376\377\0008\000.\0003\0006\000.\0001\000.\0002\000\040\000f\000u\000n\000c\000L\000i\000b\000F\000i\000l\000e\000\050\000\051}{subsection.8.36.1}% 658
\BOOKMARK [3][-]{subsubsection.8.36.1.3}{\376\377\0008\000.\0003\0006\000.\0001\000.\0003\000\040\000m\000a\000i\000n\000\050\000\051}{subsection.8.36.1}% 659
\BOOKMARK [3][-]{subsubsection.8.36.1.4}{\376\377\0008\000.\0003\0006\000.\0001\000.\0004\000\040\000m\000o\000n\000o\000C\000h\000e\000c\000k\000L\000i\000b\000F\000i\000l\000e\000\050\000\051}{subsection.8.36.1}% 660
\BOOKMARK [3][-]{subsubsection.8.36.1.5}{\376\377\0008\000.\0003\0006\000.\0001\000.\0005\000\040\000p\000a\000r\000s\000e\000L\000i\000b\000F\000i\000l\000e\000\050\000\051}{subsection.8.36.1}% 661
\BOOKMARK [3][-]{subsubsection.8.36.1.6}{\376\377\0008\000.\0003\0006\000.\0001\000.\0006\000\040\000p\000r\000i\000n\000t\000I\000n\000f\000o\000\050\000\051}{subsection.8.36.1}% 662
\BOOKMARK [3][-]{subsubsection.8.36.1.7}{\376\377\0008\000.\0003\0006\000.\0001\000.\0007\000\040\000s\000u\000p\000e\000r\000c\000e\000l\000l\000L\000i\000b\000F\000i\000l\000e\000\050\000\051}{subsection.8.36.1}% 663
\BOOKMARK [3][-]{subsubsection.8.36.1.8}{\376\377\0008\000.\0003\0006\000.\0001\000.\0008\000\040\000v\000e\000r\000i\000l\000o\000g\000L\000i\000b\000F\000i\000l\000e\000\050\000\051}{subsection.8.36.1}% 664
\BOOKMARK [1][-]{section.8.37}{\376\377\0008\000.\0003\0007\000\040\000m\000a\000i\000n\000.\000c\000p\000p}{chapter.8}% 665
\BOOKMARK [1][-]{section.8.38}{\376\377\0008\000.\0003\0008\000\040\000s\000r\000c\000/\000v\000e\000r\000i\000l\000o\000g\000\137\000u\000t\000i\000l\000s\000.\000c\000p\000p\000\040\000F\000i\000l\000e\000\040\000R\000e\000f\000e\000r\000e\000n\000c\000e}{chapter.8}% 666
\BOOKMARK [2][-]{subsection.8.38.1}{\376\377\0008\000.\0003\0008\000.\0001\000\040\000F\000u\000n\000c\000t\000i\000o\000n\000\040\000D\000o\000c\000u\000m\000e\000n\000t\000a\000t\000i\000o\000n}{section.8.38}% 667
\BOOKMARK [3][-]{subsubsection.8.38.1.1}{\376\377\0008\000.\0003\0008\000.\0001\000.\0001\000\040\000g\000e\000t\000A\000S\000T\000\050\000\051}{subsection.8.38.1}% 668
\BOOKMARK [1][-]{section.8.39}{\376\377\0008\000.\0003\0009\000\040\000v\000e\000r\000i\000l\000o\000g\000\137\000u\000t\000i\000l\000s\000.\000c\000p\000p}{chapter.8}% 669
\BOOKMARK [0][-]{section*.168}{\376\377\175\042\137\025}{}% 670
